trip_id;start_time;origin;destination;duration_min;distance_km;user_type;vehicle_type;cost_eur;status;data_quality
T000001;2026-09-14T19:04:00;S02;S08;9;1.65;subscriber;scooter;1.98;completed;ok
T000002;2026-09-14T11:58:00;S07;S03;19;3.45;subscriber;bike;2.09;completed;ok
T000003;2026-09-14T19:11:00;S06;S05;11;2.03;subscriber;bike;1.21;completed;ok
T000004;2026-09-14T09:40:00;S05;S02;11;1.67;student;bike;1.21;completed;ok
T000005;2026-09-14T17:08:00;S01;S06;11;1.85;casual;bike;1.21;completed;ok
T000006;2026-09-14T15:34:00;S02;S06;7;1.11;student;bike;0.77;completed;ok
T000007;2026-09-14T15:18:00;S02;S05;10;1.44;student;bike;1.10;completed;ok
T000008;2026-09-14T13:37:00;S07;S02;7;1.46;subscriber;ebike;1.19;completed;ok
T000009;2026-09-14T09:10:00;S08;S07;8;1.22;subscriber;bike;0.88;completed;ok
T000010;2026-09-14T13:35:00;S06;S04;11;1.99;subscriber;ebike;1.87;completed;ok
T000011;2026-09-14T07:26:00;S01;S04;6;0.59;subscriber;bike;0.66;completed;ok
T000012;2026-09-14T07:24:00;S02;S01;7;0.75;subscriber;bike;0.77;completed;ok
T000013;2026-09-14T15:53:00;S03;S05;21;3.94;subscriber;bike;2.31;completed;ok
T000014;2026-09-14T20:09:00;S08;S01;8;1.21;casual;bike;0.88;completed;ok
T000015;2026-09-14T17:30:00;S02;S07;7;1.53;casual;scooter;1.54;completed;ok
T000016;2026-09-14T18:46:00;S07;S08;7;1.23;subscriber;scooter;1.54;completed;ok
T000017;2026-09-14T22:50:00;S04;S08;5;0.74;subscriber;bike;0.55;completed;ok
T000018;2026-09-14T20:19:00;S02;S04;8;1.05;subscriber;bike;0.88;completed;ok
T000019;2026-09-14T08:29:00;S02;S08;10;1.54;casual;bike;1.10;completed;ok
T000020;2026-09-14T07:07:00;S05;S02;11;1.61;student;bike;1.21;completed;ok
T000021;2026-09-14T13:18:00;S05;S04;9;1.63;subscriber;ebike;1.53;completed;ok
T000022;2026-09-14T20:09:00;S02;S05;9;1.48;subscriber;bike;0.99;completed;ok
T000023;2026-09-14T15:16:00;S04;S02;7;1.07;subscriber;scooter;1.54;completed;ok
T000024;2026-09-14T19:34:00;S03;S01;17;3.20;subscriber;bike;1.87;completed;ok
T000025;2026-09-14T20:16:00;S04;S08;6;0.77;subscriber;scooter;1.32;completed;ok
T000026;2026-09-14T20:06:00;S05;S07;7;1.23;subscriber;ebike;1.19;completed;ok
T000027;2026-09-14T09:24:00;S02;S01;7;0.88;casual;bike;0.77;cancelled;ok
T000028;2026-09-14T09:53:00;S06;S02;9;1.13;student;bike;0.99;completed;ok
T000029;2026-09-14T08:55:00;S04;S02;8;1.08;student;scooter;1.76;completed;ok
T000030;2026-09-14T17:06:00;S05;S08;12;2.57;subscriber;ebike;2.04;completed;ok
T000031;2026-09-14T08:41:00;S04;S02;6;0.91;student;scooter;1.32;completed;ok
T000032;2026-09-14T19:34:00;S07;S06;12;2.19;subscriber;ebike;2.04;completed;ok
T000033;2026-09-14T18:13:00;S04;S05;9;1.52;subscriber;bike;0.99;completed;ok
T000034;2026-09-14T14:58:00;S02;S03;14;2.13;student;bike;1.54;completed;ok
T000035;2026-09-14T16:09:00;S07;S03;17;3.87;subscriber;ebike;2.89;completed;ok
T000036;2026-09-14T07:59:00;S06;S02;7;0.98;student;scooter;1.54;completed;ok
T000037;2026-09-14T19:06:00;S02;S06;9;1.06;subscriber;bike;0.99;completed;ok
T000038;2026-09-14T09:46:00;S06;S02;6;1.01;student;ebike;1.02;completed;ok
T000039;2026-09-14T13:26:00;S06;S03;10;1.65;subscriber;scooter;2.20;completed;ok
T000040;2026-09-14T15:39:00;S03;S01;15;2.98;subscriber;bike;1.65;completed;ok
T000041;2026-09-14T15:48:00;S02;S07;9;1.51;student;bike;0.99;completed;ok
T000042;2026-09-14T07:17:00;S03;S02;11;2.22;student;ebike;1.87;completed;ok
T000043;2026-09-14T08:09:00;S04;S02;7;0.96;student;scooter;1.54;completed;ok
T000044;2026-09-14T19:01:00;S02;S03;13;2.52;subscriber;ebike;2.21;completed;ok
T000045;2026-09-14T07:41:00;S03;S05;21;3.66;subscriber;bike;2.31;completed;ok
T000046;2026-09-14T14:49:00;S02;S01;7;0.88;student;bike;0.77;completed;ok
T000047;2026-09-14T14:50:00;S06;S04;14;2.16;subscriber;bike;1.54;completed;ok
T000048;2026-09-14T20:56:00;S06;S05;10;1.74;subscriber;bike;1.10;completed;ok
T000049;2026-09-14T22:31:00;S01;S03;18;3.41;subscriber;bike;1.98;completed;ok
T000050;2026-09-14T09:08:00;S07;S02;7;1.52;student;ebike;1.19;completed;ok
T000051;2026-09-14T13:28:00;S01;S06;7;1.63;subscriber;ebike;1.19;completed;ok
T000052;2026-09-14T22:20:00;S06;S07;11;2.21;student;scooter;2.42;completed;ok
T000053;2026-09-14T14:19:00;S03;S08;21;3.71;subscriber;bike;2.31;completed;ok
T000054;2026-09-14T21:01:00;S01;S06;9;1.81;subscriber;ebike;1.53;completed;ok
T000055;2026-09-14T10:49:00;S04;S07;7;0.73;student;bike;0.77;completed;ok
T000056;2026-09-14T19:40:00;S06;S07;11;2.60;casual;ebike;1.87;completed;ok
T000057;2026-09-14T08:05:00;S04;S06;12;2.26;subscriber;ebike;2.04;completed;ok
T000058;2026-09-14T08:54:00;S06;S02;8;1.18;subscriber;bike;0.88;cancelled;ok
T000059;2026-09-14T07:44:00;S03;S02;16;2.44;student;bike;1.76;completed;ok
T000060;2026-09-14T19:53:00;S02;S03;11;2.18;subscriber;ebike;1.87;completed;ok
T000061;2026-09-14T08:12:00;S07;S02;9;1.43;casual;ebike;1.53;completed;ok
T000062;2026-09-14T18:17:00;S02;S07;9;1.57;subscriber;ebike;1.53;completed;ok
T000063;2026-09-14T19:10:00;S02;S03;11;2.33;subscriber;ebike;1.87;completed;ok
T000064;2026-09-14T07:06:00;S05;S02;9;1.60;student;bike;0.99;completed;ok
T000065;2026-09-14T08:09:00;S01;S02;6;0.82;subscriber;bike;0.66;completed;ok
T000066;2026-09-14T13:05:00;S02;S01;6;0.79;student;bike;0.66;completed;ok
T000067;2026-09-14T14:03:00;S02;S04;6;0.95;student;bike;0.66;completed;ok
T000068;2026-09-14T13:14:00;S02;S03;12;2.44;student;scooter;2.64;completed;ok
T000069;2026-09-14T20:01:00;S01;S07;7;0.68;student;bike;0.77;cancelled;ok
T000070;2026-09-14T18:05:00;S02;S03;14;2.46;casual;bike;1.54;completed;ok
T000071;2026-09-14T09:40:00;S02;S03;13;2.47;subscriber;bike;1.43;completed;ok
T000072;2026-09-14T07:24:00;S04;S06;10;1.97;subscriber;scooter;2.20;completed;ok
T000073;2026-09-14T20:43:00;S03;S02;12;2.48;casual;ebike;2.04;completed;ok
T000074;2026-09-14T13:03:00;S02;S03;10;2.18;student;scooter;2.20;completed;ok
T000075;2026-09-14T18:11:00;S06;S05;10;1.95;subscriber;ebike;1.70;completed;ok
T000076;2026-09-14T09:07:00;S06;S02;8;1.15;student;bike;0.88;completed;ok
T000077;2026-09-14T07:54:00;S05;S02;8;1.62;student;ebike;1.36;completed;ok
T000078;2026-09-14T19:00:00;S06;S04;13;2.05;casual;bike;1.43;completed;ok
T000079;2026-09-14T07:28:00;S06;S07;12;2.58;subscriber;scooter;2.64;completed;ok
T000080;2026-09-14T15:56:00;S02;S03;13;2.41;student;scooter;2.86;completed;ok
T000081;2026-09-14T07:16:00;S07;S05;8;1.15;subscriber;scooter;1.76;completed;ok
T000082;2026-09-14T17:04:00;S02;S01;4;0.74;student;ebike;0.68;completed;ok
T000083;2026-09-14T13:41:00;S02;S06;9;1.04;student;bike;0.99;completed;ok
T000084;2026-09-14T08:46:00;S02;S01;5;0.75;subscriber;ebike;0.85;completed;ok
T000085;2026-09-14T18:32:00;S04;S02;8;1.05;subscriber;bike;0.88;completed;ok
T000086;2026-09-14T18:52:00;S07;S04;6;0.77;student;bike;0.66;completed;ok
T000087;2026-09-14T17:48:00;S04;S03;20;3.54;subscriber;bike;2.20;completed;ok
T000088;2026-09-14T09:02:00;S06;S02;9;1.04;student;bike;0.99;completed;ok
T000089;2026-09-14T08:20:00;S01;S02;4;0.74;subscriber;scooter;0.88;completed;ok
T000090;2026-09-14T15:14:00;S02;S06;9;0.99;student;bike;0.99;completed;ok
T000091;2026-09-14T13:27:00;S02;S03;10;2.18;student;ebike;1.70;completed;ok
T000092;2026-09-14T20:42:00;S01;S02;6;0.79;casual;ebike;1.02;completed;ok
T000093;2026-09-14T07:44:00;S03;S07;17;3.97;casual;scooter;3.74;completed;ok
T000094;2026-09-14T18:25:00;S02;S01;7;0.84;subscriber;bike;0.77;completed;ok
T000095;2026-09-14T17:06:00;S08;S07;7;1.12;casual;bike;0.77;completed;ok
T000096;2026-09-14T18:04:00;S05;S02;11;1.47;student;bike;1.21;completed;ok
T000097;2026-09-14T14:28:00;S02;S07;6;1.40;student;ebike;1.02;completed;ok
T000098;2026-09-14T20:50:00;S01;S04;5;0.66;casual;bike;0.55;completed;ok
T000099;2026-09-14T13:31:00;S02;S06;6;1.19;student;ebike;1.02;completed;ok
T000100;2026-09-14T13:28:00;S02;S03;10;2.48;student;ebike;1.70;completed;ok
T000101;2026-09-14T14:11:00;S02;S01;7;0.89;student;ebike;1.19;completed;ok
T000102;2026-09-14T10:12:00;S03;S04;17;3.37;subscriber;bike;1.87;completed;ok
T000103;2026-09-14T13:10:00;S02;S06;8;0.99;student;bike;0.88;completed;ok
T000104;2026-09-14T17:29:00;S01;S06;10;1.66;casual;bike;1.10;completed;ok
T000105;2026-09-14T18:50:00;S04;S06;11;2.15;student;ebike;1.87;completed;ok
T000106;2026-09-14T14:26:00;S08;S06;12;2.90;subscriber;ebike;2.04;completed;ok
T000107;2026-09-14T08:32:00;S06;S02;9;1.04;student;bike;0.99;completed;ok
T000108;2026-09-14T17:02:00;S03;S01;14;2.98;student;ebike;2.38;completed;ok
T000109;2026-09-14T14:00:00;S02;S06;8;1.07;student;ebike;1.36;completed;ok
T000110;2026-09-14T14:55:00;S02;S05;12;1.72;student;bike;1.32;completed;ok
T000111;2026-09-14T16:23:00;S02;S03;10;2.18;subscriber;scooter;2.20;completed;ok
T000112;2026-09-14T09:11:00;S03;S02;13;2.33;student;scooter;2.86;completed;ok
T000113;2026-09-14T13:40:00;S02;S06;6;1.01;student;scooter;1.32;completed;ok
T000114;2026-09-14T18:36:00;S01;S03;14;3.12;subscriber;scooter;3.08;completed;ok
T000115;2026-09-14T08:30:00;S05;S08;11;2.37;subscriber;scooter;2.42;completed;ok
T000116;2026-09-14T17:20:00;S03;S07;19;3.67;subscriber;bike;2.09;completed;ok
T000117;2026-09-14T07:04:00;S01;S02;6;0.85;student;bike;0.66;completed;ok
T000118;2026-09-14T09:08:00;S07;S02;6;1.32;student;ebike;1.02;completed;ok
T000119;2026-09-14T14:06:00;S07;S06;15;2.57;casual;bike;1.65;completed;ok
T000120;2026-09-14T19:53:00;S04;S07;4;0.68;subscriber;ebike;0.68;completed;ok
T000121;2026-09-14T11:02:00;S04;S03;19;3.26;subscriber;bike;2.09;completed;ok
T000122;2026-09-14T12:46:00;S07;S06;12;2.32;student;bike;1.32;completed;ok
T000123;2026-09-14T18:55:00;S07;S03;22;4.10;student;bike;2.42;completed;ok
T000124;2026-09-14T08:24:00;S03;S02;12;2.26;student;bike;1.32;completed;ok
T000125;2026-09-14T09:19:00;S01;S03;14;3.50;subscriber;ebike;2.38;completed;ok
T000126;2026-09-14T15:14:00;S01;S07;3;0.61;subscriber;ebike;0.51;completed;ok
T000127;2026-09-14T08:44:00;S03;S06;12;1.70;subscriber;bike;1.32;completed;ok
T000128;2026-09-14T18:00:00;S07;S02;9;1.34;casual;ebike;1.53;completed;ok
T000129;2026-09-14T09:34:00;S03;S05;20;3.54;subscriber;bike;2.20;completed;ok
T000130;2026-09-14T17:22:00;S01;S07;5;0.64;subscriber;scooter;1.10;completed;ok
T000131;2026-09-14T07:44:00;S05;S02;8;1.52;student;bike;0.88;completed;ok
T000132;2026-09-14T08:35:00;S04;S06;10;1.87;subscriber;ebike;1.70;completed;ok
T000133;2026-09-14T19:11:00;S01;S06;9;1.77;student;ebike;1.53;completed;ok
T000134;2026-09-14T13:24:00;S02;S05;10;1.52;student;bike;1.10;completed;ok
T000135;2026-09-14T09:27:00;S03;S02;10;2.32;student;ebike;1.70;completed;ok
T000136;2026-09-14T09:44:00;S04;S02;5;0.99;student;ebike;0.85;completed;ok
T000137;2026-09-14T19:20:00;S01;S07;6;0.64;student;ebike;1.02;completed;ok
T000138;2026-09-14T14:26:00;S02;S01;5;0.79;student;ebike;0.85;completed;ok
T000139;2026-09-14T18:11:00;S03;S02;13;2.45;student;scooter;2.86;completed;ok
T000140;2026-09-14T20:46:00;S02;S06;7;1.06;student;bike;0.77;completed;ok
T000141;2026-09-14T17:04:00;S02;S05;11;1.66;casual;bike;1.21;completed;ok
T000142;2026-09-14T09:35:00;S03;S02;15;2.58;student;bike;1.65;completed;ok
T000143;2026-09-14T17:20:00;S02;S06;7;1.05;student;scooter;1.54;completed;ok
T000144;2026-09-14T15:24:00;S02;S06;9;1.15;student;bike;0.99;completed;ok
T000145;2026-09-14T07:36:00;S01;S03;12;2.86;subscriber;ebike;2.04;completed;ok
T000146;2026-09-14T15:44:00;S02;S08;9;1.60;student;scooter;1.98;completed;ok
T000147;2026-09-14T15:35:00;S02;S06;9;1.08;student;bike;0.99;completed;ok
T000148;2026-09-14T07:12:00;S01;S02;6;0.88;student;bike;0.66;completed;ok
T000149;2026-09-14T08:55:00;S01;S08;9;;subscriber;scooter;1.98;completed;missing_distance
T000150;2026-09-14T07:44:00;S06;S02;6;1.20;student;scooter;1.32;completed;ok
T000151;2026-09-14T13:18:00;S02;S04;6;1.03;student;ebike;1.02;completed;ok
T000152;2026-09-14T09:28:00;S07;S01;5;0.65;subscriber;ebike;0.85;completed;ok
T000153;2026-09-14T18:59:00;S01;S03;13;3.26;student;ebike;2.21;completed;ok
T000154;2026-09-14T09:03:00;S03;S02;11;2.19;student;scooter;2.42;completed;ok
T000155;2026-09-14T13:06:00;S02;S01;4;0.83;student;ebike;0.68;completed;ok
T000156;2026-09-14T13:31:00;S02;S08;12;1.79;subscriber;bike;1.32;completed;ok
T000157;2026-09-14T15:40:00;S02;S08;7;1.59;student;ebike;1.19;completed;ok
T000158;2026-09-14T20:50:00;S01;S05;6;1.00;subscriber;bike;0.66;completed;ok
T000159;2026-09-14T08:17:00;S07;S02;7;1.55;student;ebike;1.19;completed;ok
T000160;2026-09-14T19:39:00;S01;S03;19;3.35;student;bike;2.09;completed;ok
T000161;2026-09-15T17:42:00;S04;S01;6;0.64;subscriber;bike;0.66;completed;ok
T000162;2026-09-15T13:29:00;S02;S07;8;1.53;student;scooter;1.76;completed;ok
T000163;2026-09-15T09:27:00;S06;S02;7;1.13;student;scooter;1.54;completed;ok
T000164;2026-09-15T13:12:00;S02;S01;6;0.82;student;ebike;1.02;completed;ok
T000165;2026-09-15T14:46:00;S02;S06;6;1.13;student;scooter;1.32;completed;ok
T000166;2026-09-15T07:06:00;S01;S02;8;0.85;student;bike;0.88;completed;ok
T000167;2026-09-15T20:23:00;S05;S03;20;3.47;student;bike;2.20;completed;ok
T000168;2026-09-15T20:02:00;S03;S01;16;3.15;subscriber;scooter;3.52;completed;ok
T000169;2026-09-15T07:48:00;S03;S07;21;3.85;subscriber;bike;2.31;completed;ok
T000170;2026-09-15T13:50:00;S03;S08;17;3.34;subscriber;bike;1.87;completed;ok
T000171;2026-09-15T15:05:00;S02;S07;8;1.56;student;ebike;1.36;completed;ok
T000172;2026-09-15T08:28:00;S07;S02;8;1.34;student;scooter;1.76;completed;ok
T000173;2026-09-15T18:13:00;S06;S03;11;1.99;subscriber;bike;1.21;completed;ok
T000174;2026-09-15T20:38:00;S04;S02;7;0.96;subscriber;bike;0.77;completed;ok
T000175;2026-09-15T08:26:00;S07;S08;7;1.29;subscriber;bike;0.77;completed;ok
T000176;2026-09-15T08:45:00;S04;S01;7;0.57;subscriber;bike;0.77;completed;ok
T000177;2026-09-15T09:50:00;S06;S02;8;1.03;student;bike;0.88;completed;ok
T000178;2026-09-15T07:24:00;S04;S02;7;0.98;student;scooter;1.54;completed;ok
T000179;2026-09-15T14:55:00;S02;S05;10;1.63;subscriber;bike;1.10;completed;ok
T000180;2026-09-15T17:49:00;S06;S05;10;1.69;subscriber;ebike;1.70;completed;ok
T000181;2026-09-15T09:13:00;S02;S07;10;1.56;subscriber;bike;1.10;completed;ok
T000182;2026-09-15T15:46:00;S02;S03;14;2.61;student;bike;1.54;completed;ok
T000183;2026-09-15T13:57:00;S02;S03;15;2.62;student;bike;1.65;completed;ok
T000184;2026-09-15T20:03:00;S01;S08;9;1.45;casual;ebike;1.53;completed;ok
T000185;2026-09-15T07:44:00;S01;S02;5;0.78;student;scooter;1.10;completed;ok
T000186;2026-09-15T15:34:00;S02;S07;9;1.45;student;ebike;1.53;completed;ok
T000187;2026-09-15T08:53:00;S07;S02;9;1.46;student;scooter;1.98;completed;ok
T000188;2026-09-15T14:51:00;S02;S01;6;0.88;student;bike;0.66;completed;ok
T000189;2026-09-15T15:34:00;S06;S05;9;1.92;casual;scooter;1.98;completed;ok
T000190;2026-09-15T08:47:00;S04;S01;5;0.58;subscriber;scooter;1.10;completed;ok
T000191;2026-09-15T09:18:00;S03;S02;10;2.35;student;ebike;1.70;completed;ok
T000192;2026-09-15T19:28:00;S03;S02;14;2.31;subscriber;bike;1.54;completed;ok
T000193;2026-09-15T17:59:00;S07;S04;6;0.80;subscriber;bike;0.66;completed;ok
T000194;2026-09-15T07:07:00;S07;S01;6;0.65;casual;ebike;1.02;completed;ok
T000195;2026-09-15T08:36:00;S08;S05;13;2.52;subscriber;ebike;2.21;completed;ok
T000196;2026-09-15T07:12:00;S08;S07;8;1.19;subscriber;bike;0.88;completed;ok
T000197;2026-09-15T19:53:00;S08;S07;7;1.18;casual;ebike;1.19;completed;ok
T000198;2026-09-15T15:22:00;S02;S03;14;2.48;student;scooter;3.08;completed;ok
T000199;2026-09-15T13:16:00;S07;S02;11;1.45;subscriber;bike;1.21;completed;ok
T000200;2026-09-15T07:26:00;S02;S03;14;2.58;subscriber;bike;1.54;completed;ok
T000201;2026-09-15T09:00:00;S06;S02;8;1.08;student;ebike;1.36;completed;ok
T000202;2026-09-15T17:47:00;S02;S01;5;0.81;subscriber;bike;0.55;completed;ok
T000203;2026-09-15T08:20:00;S06;S02;9;1.15;student;bike;0.99;completed;ok
T000204;2026-09-15T15:20:00;S02;S08;9;1.54;student;ebike;1.53;completed;ok
T000205;2026-09-15T13:11:00;S02;S01;8;0.79;student;bike;0.88;completed;ok
T000206;2026-09-15T19:22:00;S03;S06;11;1.87;casual;ebike;1.87;completed;ok
T000207;2026-09-15T07:15:00;S05;S02;9;1.42;student;bike;0.99;completed;ok
T000208;2026-09-15T19:16:00;S02;S03;11;2.40;subscriber;ebike;1.87;completed;ok
T000209;2026-09-15T08:11:00;S07;S02;7;1.47;student;ebike;1.19;completed;ok
T000210;2026-09-15T17:44:00;S03;S04;15;3.44;subscriber;ebike;2.55;completed;ok
T000211;2026-09-15T13:14:00;S02;S08;9;1.59;student;scooter;1.98;completed;ok
T000212;2026-09-15T18:53:00;S07;S01;4;0.68;student;scooter;0.88;completed;ok
T000213;2026-09-15T07:22:00;S03;S05;19;3.87;casual;scooter;4.18;completed;ok
T000214;2026-09-15T18:54:00;S01;S04;4;0.63;subscriber;scooter;0.88;completed;ok
T000215;2026-09-15T11:28:00;S04;S02;7;0.94;casual;ebike;1.19;completed;ok
T000216;2026-09-15T15:03:00;S02;S06;9;1.20;student;bike;0.99;completed;ok
T000217;2026-09-15T09:37:00;S03;S02;11;2.49;subscriber;scooter;2.42;completed;ok
T000218;2026-09-15T07:05:00;S03;S02;14;2.31;student;bike;1.54;completed;ok
T000219;2026-09-15T09:01:00;S06;S02;6;1.02;student;scooter;1.32;completed;ok
T000220;2026-09-15T13:50:00;S02;S04;6;0.93;student;scooter;1.32;completed;ok
T000221;2026-09-15T12:50:00;S07;S08;6;1.07;subscriber;scooter;1.32;completed;ok
T000222;2026-09-15T17:15:00;S04;S03;17;3.14;student;bike;1.87;completed;ok
T000223;2026-09-15T08:42:00;S03;S02;11;2.39;student;ebike;1.87;completed;ok
T000224;2026-09-15T07:49:00;S06;S02;7;1.07;student;scooter;1.54;completed;ok
T000225;2026-09-15T08:11:00;S03;S02;13;2.22;subscriber;bike;1.43;completed;ok
T000226;2026-09-15T15:00:00;S02;S03;14;2.31;student;bike;1.54;completed;ok
T000227;2026-09-15T08:19:00;S05;S02;8;1.60;student;scooter;1.76;completed;ok
T000228;2026-09-15T15:15:00;S07;S05;10;1.35;casual;bike;1.10;completed;ok
T000229;2026-09-15T18:46:00;S07;S06;12;2.43;subscriber;scooter;2.64;completed;ok
T000230;2026-09-15T19:03:00;S03;S06;10;1.76;subscriber;bike;1.10;completed;ok
T000231;2026-09-15T14:08:00;S02;S04;7;1.07;student;ebike;1.19;completed;ok
T000232;2026-09-15T07:19:00;S06;S02;6;1.02;student;bike;0.66;completed;ok
T000233;2026-09-15T18:11:00;S04;S07;7;0.70;subscriber;bike;0.77;completed;ok
T000234;2026-09-15T19:15:00;S01;S05;7;1.12;subscriber;bike;0.77;completed;ok
T000235;2026-09-15T09:08:00;S06;S02;7;1.09;student;ebike;1.19;completed;ok
T000236;2026-09-15T08:00:00;S06;S02;8;1.00;student;bike;0.88;completed;ok
T000237;2026-09-15T20:31:00;S07;S08;6;1.26;casual;ebike;1.02;completed;ok
T000238;2026-09-15T15:59:00;S02;S03;13;2.54;student;ebike;2.21;completed;ok
T000239;2026-09-15T18:54:00;S03;S02;16;2.60;subscriber;bike;1.76;completed;ok
T000240;2026-09-15T18:24:00;S08;S05;12;2.58;subscriber;scooter;2.64;cancelled;ok
T000241;2026-09-15T09:24:00;S04;S02;7;0.96;student;bike;0.77;completed;ok
T000242;2026-09-15T18:13:00;S02;S08;10;1.56;subscriber;bike;1.10;completed;ok
T000243;2026-09-15T07:21:00;S06;S02;9;1.17;student;bike;0.99;completed;ok
T000244;2026-09-15T07:11:00;S05;S07;6;1.17;subscriber;scooter;1.32;completed;ok
T000245;2026-09-15T22:32:00;S04;S05;11;1.55;subscriber;bike;1.21;completed;ok
T000246;2026-09-15T14:24:00;S02;S04;6;1.01;student;ebike;1.02;completed;ok
T000247;2026-09-15T17:26:00;S02;S08;11;1.77;subscriber;bike;1.21;completed;ok
T000248;2026-09-15T07:12:00;S07;S02;8;1.54;student;scooter;1.76;cancelled;ok
T000249;2026-09-15T15:46:00;S02;S06;7;1.04;student;bike;0.77;completed;ok
T000250;2026-09-15T09:04:00;S04;S02;8;0.90;student;bike;0.88;completed;ok
T000251;2026-09-15T07:45:00;S04;S02;8;0.98;student;bike;0.88;completed;ok
T000252;2026-09-15T13:03:00;S04;S06;12;2.03;subscriber;bike;1.32;completed;ok
T000253;2026-09-15T18:34:00;S01;S08;10;1.42;subscriber;bike;1.10;completed;ok
T000254;2026-09-15T20:22:00;S05;S06;9;2.03;subscriber;ebike;1.53;completed;ok
T000255;2026-09-15T14:34:00;S02;S01;6;0.89;student;ebike;1.02;completed;ok
T000256;2026-09-15T20:29:00;S01;S08;8;1.32;subscriber;bike;0.88;completed;ok
T000257;2026-09-15T20:42:00;S03;S04;14;2.98;casual;scooter;3.08;completed;ok
T000258;2026-09-15T09:06:00;S05;S02;8;1.60;subscriber;ebike;1.36;completed;ok
T000259;2026-09-15T09:20:00;S06;S02;7;1.14;student;bike;0.77;completed;ok
T000260;2026-09-15T19:54:00;S08;S02;10;1.57;casual;bike;1.10;completed;ok
T000261;2026-09-15T15:33:00;S02;S06;5;1.05;student;ebike;0.85;completed;ok
T000262;2026-09-15T18:25:00;S06;S08;13;2.53;casual;scooter;2.86;completed;ok
T000263;2026-09-15T14:51:00;S02;S08;10;1.72;student;bike;1.10;cancelled;ok
T000264;2026-09-15T07:53:00;S07;S02;8;1.47;student;ebike;1.36;completed;ok
T000265;2026-09-15T18:08:00;S03;S05;18;3.42;subscriber;bike;1.98;completed;ok
T000266;2026-09-15T07:09:00;S04;S01;7;0.65;casual;bike;0.77;completed;ok
T000267;2026-09-15T15:36:00;S02;S04;7;0.89;student;bike;0.77;completed;ok
T000268;2026-09-15T07:54:00;S04;S02;5;0.98;student;scooter;1.10;completed;ok
T000269;2026-09-15T15:21:00;S02;S07;8;1.57;student;scooter;1.76;completed;ok
T000270;2026-09-15T16:18:00;S01;S05;6;1.13;subscriber;ebike;1.02;completed;ok
T000271;2026-09-15T20:12:00;S02;S06;7;1.01;subscriber;bike;0.77;completed;ok
T000272;2026-09-15T10:51:00;S04;S08;7;0.74;subscriber;scooter;1.54;completed;ok
T000273;2026-09-15T12:45:00;S08;S06;14;2.94;subscriber;ebike;2.38;completed;ok
T000274;2026-09-15T18:37:00;S07;S02;9;1.40;subscriber;ebike;1.53;completed;ok
T000275;2026-09-15T15:55:00;S02;S08;11;1.78;casual;bike;1.21;completed;ok
T000276;2026-09-15T14:01:00;S04;S06;13;1.96;subscriber;bike;1.43;completed;ok
T000277;2026-09-15T13:07:00;S02;S06;6;1.11;student;ebike;1.02;cancelled;ok
T000278;2026-09-15T19:02:00;S01;S06;12;1.75;subscriber;bike;1.32;completed;ok
T000279;2026-09-15T15:14:00;S05;S04;10;1.54;subscriber;bike;1.10;completed;ok
T000280;2026-09-15T15:53:00;S08;S06;18;2.94;subscriber;bike;1.98;completed;ok
T000281;2026-09-15T18:02:00;S07;S08;8;1.05;subscriber;bike;0.88;completed;ok
T000282;2026-09-15T17:16:00;S01;S03;15;3.52;subscriber;ebike;2.55;completed;ok
T000283;2026-09-15T08:28:00;S05;S02;8;1.49;student;ebike;1.36;completed;ok
T000284;2026-09-15T12:21:00;S02;S03;11;2.14;subscriber;ebike;1.87;completed;ok
T000285;2026-09-15T08:54:00;S03;S02;12;2.52;student;ebike;2.04;completed;ok
T000286;2026-09-15T20:12:00;S07;S04;6;0.78;casual;bike;0.66;completed;ok
T000287;2026-09-15T19:43:00;S01;S02;7;0.89;casual;scooter;1.54;completed;ok
T000288;2026-09-15T19:43:00;S01;S07;4;0.68;casual;ebike;0.68;completed;ok
T000289;2026-09-15T09:04:00;S03;S02;10;2.16;student;ebike;1.70;completed;ok
T000290;2026-09-15T09:45:00;S03;S07;15;3.59;subscriber;ebike;2.55;completed;ok
T000291;2026-09-15T21:19:00;S03;S04;19;3.39;subscriber;bike;2.09;completed;ok
T000292;2026-09-15T13:06:00;S02;S07;8;1.35;student;scooter;1.76;completed;ok
T000293;2026-09-15T08:33:00;S08;S02;9;1.59;student;ebike;1.53;completed;ok
T000294;2026-09-15T17:17:00;S02;S06;5;1.04;student;ebike;0.85;completed;ok
T000295;2026-09-15T20:23:00;S05;S04;11;1.82;subscriber;bike;1.21;completed;ok
T000296;2026-09-15T20:29:00;S05;S08;11;2.15;student;scooter;2.42;completed;ok
T000297;2026-09-15T15:54:00;S07;S02;9;1.59;subscriber;bike;0.99;completed;ok
T000298;2026-09-15T18:19:00;S01;S03;18;;subscriber;bike;1.98;completed;missing_distance
T000299;2026-09-15T09:12:00;S08;S02;7;1.56;student;scooter;1.54;completed;ok
T000300;2026-09-15T08:38:00;S08;S02;12;1.73;student;bike;1.32;completed;ok
T000301;2026-09-15T19:56:00;S07;S06;13;2.41;subscriber;scooter;2.86;completed;ok
T000302;2026-09-15T18:00:00;S05;S07;7;1.16;subscriber;scooter;1.54;completed;ok
T000303;2026-09-15T07:14:00;S04;S02;7;0.99;student;ebike;1.19;completed;ok
T000304;2026-09-15T08:29:00;S07;S06;12;2.25;subscriber;bike;1.32;completed;ok
T000305;2026-09-15T18:14:00;S01;S03;14;3.08;subscriber;ebike;2.38;completed;ok
T000306;2026-09-15T17:37:00;S03;S08;16;3.58;student;ebike;2.72;completed;ok
T000307;2026-09-15T20:03:00;S06;S07;13;2.23;subscriber;bike;1.43;completed;ok
T000308;2026-09-16T15:17:00;S04;S06;9;1.96;subscriber;ebike;1.53;completed;ok
T000309;2026-09-16T13:10:00;S07;S05;7;1.17;subscriber;bike;0.77;completed;ok
T000310;2026-09-16T15:13:00;S02;S06;8;1.06;student;ebike;1.36;completed;ok
T000311;2026-09-16T21:32:00;S02;S08;9;1.59;subscriber;ebike;1.53;completed;ok
T000312;2026-09-16T14:03:00;S02;S07;8;1.54;student;scooter;1.76;completed;ok
T000313;2026-09-16T20:22:00;S04;S01;6;0.60;subscriber;bike;0.66;completed;ok
T000314;2026-09-16T09:06:00;S03;S02;11;2.26;student;ebike;1.87;completed;ok
T000315;2026-09-16T13:30:00;S02;S04;5;0.96;student;ebike;0.85;cancelled;ok
T000316;2026-09-16T13:13:00;S02;S01;6;0.82;student;bike;0.66;completed;ok
T000317;2026-09-16T09:02:00;S06;S02;6;1.05;student;scooter;1.32;completed;ok
T000318;2026-09-16T15:00:00;S02;S05;9;1.47;student;ebike;1.53;completed;ok
T000319;2026-09-16T14:32:00;S02;S03;14;2.51;student;bike;1.54;completed;ok
T000320;2026-09-16T09:00:00;S06;S02;7;1.13;student;ebike;1.19;completed;ok
T000321;2026-09-16T15:25:00;S06;S03;11;1.88;subscriber;bike;1.21;completed;ok
T000322;2026-09-16T13:19:00;S02;S03;13;2.47;student;scooter;2.86;completed;ok
T000323;2026-09-16T07:11:00;S05;S02;7;1.47;student;ebike;1.19;completed;ok
T000324;2026-09-16T09:43:00;S01;S02;5;0.83;student;ebike;0.85;completed;ok
T000325;2026-09-16T17:33:00;S03;S02;15;2.40;subscriber;bike;1.65;completed;ok
T000326;2026-09-16T14:00:00;S07;S02;8;1.45;subscriber;bike;0.88;completed;ok
T000327;2026-09-16T15:08:00;S02;S08;11;1.58;student;bike;1.21;completed;ok
T000328;2026-09-16T15:53:00;S02;S01;6;0.87;student;scooter;1.32;completed;ok
T000329;2026-09-16T08:34:00;S07;S02;10;1.45;student;bike;1.10;completed;ok
T000330;2026-09-16T08:07:00;S08;S02;9;1.54;student;bike;0.99;completed;ok
T000331;2026-09-16T07:32:00;S08;S02;11;1.71;subscriber;bike;1.21;completed;ok
T000332;2026-09-16T09:02:00;S07;S02;7;1.51;student;ebike;1.19;completed;ok
T000333;2026-09-16T17:49:00;S02;S05;10;1.55;casual;scooter;2.20;completed;ok
T000334;2026-09-16T08:05:00;S05;S02;10;1.67;subscriber;bike;1.10;completed;ok
T000335;2026-09-16T15:21:00;S02;S06;8;1.14;student;bike;0.88;completed;ok
T000336;2026-09-16T08:09:00;S03;S05;14;3.42;subscriber;ebike;2.38;completed;ok
T000337;2026-09-16T20:13:00;S04;S02;7;0.95;casual;bike;0.77;completed;ok
T000338;2026-09-16T08:48:00;S03;S02;11;2.46;student;ebike;1.87;completed;ok
T000339;2026-09-16T17:56:00;S05;S01;7;1.15;subscriber;bike;0.77;completed;ok
T000340;2026-09-16T09:20:00;S05;S02;10;1.48;student;bike;1.10;completed;ok
T000341;2026-09-16T14:15:00;S02;S01;8;0.84;student;bike;0.88;completed;ok
T000342;2026-09-16T08:45:00;S03;S02;12;2.50;student;scooter;2.64;completed;ok
T000343;2026-09-16T15:39:00;S02;S06;8;1.03;student;bike;0.88;completed;ok
T000344;2026-09-16T09:05:00;S04;S02;5;0.94;subscriber;ebike;0.85;completed;ok
T000345;2026-09-16T17:40:00;S08;S05;12;2.56;subscriber;scooter;2.64;completed;ok
T000346;2026-09-16T15:02:00;S02;S07;9;1.33;student;ebike;1.53;completed;ok
T000347;2026-09-16T13:39:00;S02;S06;6;0.99;student;bike;0.66;completed;ok
T000348;2026-09-16T20:43:00;S03;S01;20;3.47;casual;bike;2.20;completed;ok
T000349;2026-09-16T20:02:00;S07;S08;8;1.14;subscriber;scooter;1.76;completed;ok
T000350;2026-09-16T19:27:00;S07;S01;6;0.69;casual;ebike;1.02;completed;ok
T000351;2026-09-16T09:14:00;S08;S05;15;2.21;subscriber;bike;1.65;completed;ok
T000352;2026-09-16T18:52:00;S02;S01;6;0.75;casual;bike;0.66;completed;ok
T000353;2026-09-16T07:18:00;S07;S02;11;1.58;student;bike;1.21;completed;ok
T000354;2026-09-16T15:55:00;S02;S06;8;1.20;student;bike;0.88;completed;ok
T000355;2026-09-16T08:55:00;S07;S01;6;0.70;subscriber;bike;0.66;completed;ok
T000356;2026-09-16T20:52:00;S07;S01;5;0.72;casual;ebike;0.85;completed;ok
T000357;2026-09-16T17:04:00;S04;S01;5;0.58;subscriber;bike;0.55;completed;ok
T000358;2026-09-16T08:35:00;S04;S02;6;1.07;student;scooter;1.32;completed;ok
T000359;2026-09-16T09:58:00;S04;S02;7;0.94;student;scooter;1.54;completed;ok
T000360;2026-09-16T15:18:00;S02;S03;12;2.32;student;ebike;2.04;completed;ok
T000361;2026-09-16T17:16:00;S05;S06;12;2.07;subscriber;bike;1.32;completed;ok
T000362;2026-09-16T07:39:00;S06;S02;6;1.12;student;scooter;1.32;completed;ok
T000363;2026-09-16T08:01:00;S01;S02;5;0.86;student;scooter;1.10;completed;ok
T000364;2026-09-16T09:09:00;S04;S05;7;1.64;subscriber;ebike;1.19;completed;ok
T000365;2026-09-16T15:33:00;S01;S03;13;2.98;subscriber;scooter;2.86;completed;ok
T000366;2026-09-16T09:02:00;S07;S02;7;1.43;student;scooter;1.54;completed;ok
T000367;2026-09-16T09:45:00;S07;S01;4;0.63;casual;scooter;0.88;completed;ok
T000368;2026-09-16T15:36:00;S02;S03;12;2.22;student;bike;1.32;completed;ok
T000369;2026-09-16T08:05:00;S05;S03;16;3.69;casual;ebike;2.72;completed;ok
T000370;2026-09-16T08:40:00;S06;S02;8;1.10;student;bike;0.88;completed;ok
T000371;2026-09-16T19:02:00;S03;S01;20;3.52;subscriber;bike;2.20;completed;ok
T000372;2026-09-16T12:56:00;S06;S02;9;1.14;subscriber;bike;0.99;completed;ok
T000373;2026-09-16T19:39:00;S06;S05;10;1.83;subscriber;bike;1.10;completed;ok
T000374;2026-09-16T07:06:00;S03;S02;12;2.23;student;scooter;2.64;completed;ok
T000375;2026-09-16T07:45:00;S06;S02;8;1.12;student;bike;0.88;completed;ok
T000376;2026-09-16T13:53:00;S02;S06;7;1.16;student;ebike;1.19;completed;ok
T000377;2026-09-16T19:11:00;S06;S04;14;2.26;subscriber;bike;1.54;completed;ok
T000378;2026-09-16T15:36:00;S07;S08;6;1.17;subscriber;scooter;1.32;completed;ok
T000379;2026-09-16T13:58:00;S07;S02;7;1.44;subscriber;ebike;1.19;completed;ok
T000380;2026-09-16T18:13:00;S06;S02;6;1.09;casual;bike;0.66;completed;ok
T000381;2026-09-16T09:41:00;S06;S02;9;1.08;student;bike;0.99;completed;ok
T000382;2026-09-16T08:58:00;S05;S01;7;1.10;subscriber;bike;0.77;completed;ok
T000383;2026-09-16T07:58:00;S07;S02;11;1.59;student;bike;1.21;completed;ok
T000384;2026-09-16T08:32:00;S05;S04;8;1.53;subscriber;ebike;1.36;completed;ok
T000385;2026-09-16T14:59:00;S02;S07;7;1.49;student;scooter;1.54;completed;ok
T000386;2026-09-16T07:58:00;S08;S02;9;1.51;student;bike;0.99;completed;ok
T000387;2026-09-16T11:42:00;S04;S05;8;1.59;student;ebike;1.36;completed;ok
T000388;2026-09-16T07:20:00;S03;S02;13;2.47;student;scooter;2.86;completed;ok
T000389;2026-09-16T17:15:00;S04;S08;5;0.75;casual;bike;0.55;completed;ok
T000390;2026-09-16T08:13:00;S05;S02;9;1.64;student;bike;0.99;completed;ok
T000391;2026-09-16T22:39:00;S03;S06;12;1.94;casual;bike;1.32;completed;ok
T000392;2026-09-16T18:44:00;S06;S08;13;2.50;student;bike;1.43;completed;ok
T000393;2026-09-16T09:17:00;S06;S02;7;1.14;student;ebike;1.19;completed;ok
T000394;2026-09-16T14:20:00;S02;S04;6;1.07;student;ebike;1.02;completed;ok
T000395;2026-09-16T14:25:00;S03;S02;12;2.43;casual;ebike;2.04;completed;ok
T000396;2026-09-16T15:08:00;S02;S01;8;0.90;student;bike;0.88;completed;ok
T000397;2026-09-16T18:02:00;S04;S03;17;3.54;subscriber;scooter;3.74;completed;ok
T000398;2026-09-16T13:50:00;S02;S03;12;2.52;student;ebike;2.04;completed;ok
T000399;2026-09-16T06:55:00;S04;S06;10;1.95;subscriber;ebike;1.70;completed;ok
T000400;2026-09-16T17:42:00;S06;S07;15;2.40;subscriber;bike;1.65;completed;ok
T000401;2026-09-16T13:53:00;S02;S05;11;1.54;student;bike;1.21;completed;ok
T000402;2026-09-16T09:33:00;S08;S02;9;1.70;student;scooter;1.98;completed;ok
T000403;2026-09-16T19:30:00;S06;S05;12;2.05;subscriber;scooter;2.64;completed;ok
T000404;2026-09-16T14:50:00;S04;S02;7;0.94;subscriber;bike;0.77;completed;ok
T000405;2026-09-16T13:54:00;S02;S03;14;2.34;student;bike;1.54;completed;ok
T000406;2026-09-16T09:40:00;S01;S04;5;0.61;subscriber;bike;0.55;completed;ok
T000407;2026-09-16T20:19:00;S03;S02;10;2.32;casual;ebike;1.70;completed;ok
T000408;2026-09-16T18:15:00;S01;S03;13;3.10;casual;ebike;2.21;completed;ok
T000409;2026-09-16T20:13:00;S01;S08;8;1.42;student;scooter;1.76;completed;ok
T000410;2026-09-16T12:42:00;S07;S04;4;0.67;casual;bike;0.44;completed;ok
T000411;2026-09-16T15:28:00;S02;S07;9;1.56;casual;ebike;1.53;completed;ok
T000412;2026-09-16T20:22:00;S02;S01;5;0.89;subscriber;ebike;0.85;completed;ok
T000413;2026-09-16T20:10:00;S05;S04;11;1.77;subscriber;bike;1.21;completed;ok
T000414;2026-09-16T17:30:00;S03;S02;13;2.47;subscriber;bike;1.43;completed;ok
T000415;2026-09-16T09:05:00;S03;S02;12;2.33;student;ebike;2.04;completed;ok
T000416;2026-09-16T20:12:00;S02;S06;8;1.05;casual;bike;0.88;completed;ok
T000417;2026-09-16T13:19:00;S05;S07;7;1.26;subscriber;ebike;1.19;completed;ok
T000418;2026-09-16T15:30:00;S04;S01;6;0.58;casual;bike;0.66;completed;ok
T000419;2026-09-16T07:59:00;S07;S02;9;1.41;student;scooter;1.98;completed;ok
T000420;2026-09-16T20:01:00;S02;S04;6;0.96;subscriber;bike;0.66;completed;ok
T000421;2026-09-16T14:00:00;S02;S03;11;2.38;student;ebike;1.87;completed;ok
T000422;2026-09-16T15:02:00;S03;S04;16;3.35;casual;scooter;3.52;completed;ok
T000423;2026-09-16T17:21:00;S07;S05;8;1.32;subscriber;bike;0.88;completed;ok
T000424;2026-09-16T22:43:00;S01;S02;5;0.77;subscriber;ebike;0.85;completed;ok
T000425;2026-09-16T07:24:00;S03;S02;13;2.62;student;ebike;2.21;completed;ok
T000426;2026-09-16T06:16:00;S05;S03;15;3.53;student;scooter;3.30;completed;ok
T000427;2026-09-16T14:15:00;S02;S04;6;1.08;student;scooter;1.32;completed;ok
T000428;2026-09-16T13:09:00;S02;S03;15;2.40;student;bike;1.65;completed;ok
T000429;2026-09-16T07:41:00;S02;S03;12;2.16;casual;scooter;2.64;completed;ok
T000430;2026-09-16T07:47:00;S04;S02;6;1.02;student;bike;0.66;completed;ok
T000431;2026-09-16T17:19:00;S04;S08;5;0.69;student;ebike;0.85;completed;ok
T000432;2026-09-16T07:41:00;S04;S02;8;1.08;student;bike;0.88;completed;ok
T000433;2026-09-16T07:03:00;S06;S02;7;1.12;student;ebike;1.19;completed;ok
T000434;2026-09-16T07:13:00;S03;S07;18;3.83;subscriber;scooter;3.96;completed;ok
T000435;2026-09-16T16:53:00;S01;S03;14;3.01;casual;ebike;2.38;completed;ok
T000436;2026-09-16T07:55:00;S06;S02;6;1.03;subscriber;scooter;1.32;completed;ok
T000437;2026-09-16T17:54:00;S07;S01;6;0.69;student;bike;0.66;completed;ok
T000438;2026-09-16T15:23:00;S02;S04;5;0.91;student;scooter;1.10;completed;ok
T000439;2026-09-16T20:02:00;S01;S07;6;0.66;subscriber;scooter;1.32;completed;ok
T000440;2026-09-16T07:36:00;S01;S04;3;0.62;subscriber;ebike;0.51;completed;ok
T000441;2026-09-16T09:16:00;S03;S01;19;3.49;subscriber;bike;2.09;completed;ok
T000442;2026-09-16T20:44:00;S08;S05;13;2.48;subscriber;bike;1.43;completed;ok
T000443;2026-09-16T08:58:00;S07;S02;11;1.57;student;bike;1.21;completed;ok
T000444;2026-09-16T07:56:00;S08;S02;9;1.60;student;ebike;1.53;completed;ok
T000445;2026-09-16T07:50:00;S04;S03;19;3.13;casual;bike;2.09;completed;ok
T000446;2026-09-16T14:15:00;S02;S01;8;0.84;student;bike;0.88;completed;ok
T000447;2026-09-16T07:59:00;S02;S03;15;;casual;bike;1.65;completed;missing_distance
T000448;2026-09-16T17:11:00;S04;S07;5;0.73;student;bike;0.55;completed;ok
T000449;2026-09-16T08:28:00;S04;S02;8;0.93;student;bike;0.88;completed;ok
T000450;2026-09-16T13:52:00;S02;S06;8;1.02;student;bike;0.88;completed;ok
T000451;2026-09-16T18:51:00;S04;S06;10;1.99;student;ebike;1.70;completed;ok
T000452;2026-09-16T08:48:00;S06;S02;8;1.16;student;scooter;1.76;completed;ok
T000453;2026-09-16T18:18:00;S08;S06;12;2.47;subscriber;scooter;2.64;completed;ok
T000454;2026-09-16T15:20:00;S02;S05;8;1.48;student;ebike;1.36;completed;ok
T000455;2026-09-16T09:23:00;S03;S02;15;2.31;student;bike;1.65;completed;ok
T000456;2026-09-16T09:12:00;S06;S02;7;1.08;student;bike;0.77;completed;ok
T000457;2026-09-16T13:12:00;S02;S08;10;1.68;student;bike;1.10;completed;ok
T000458;2026-09-17T19:32:00;S01;S04;6;0.59;subscriber;bike;0.66;completed;ok
T000459;2026-09-17T19:07:00;S04;S05;12;1.68;casual;bike;1.32;completed;ok
T000460;2026-09-17T19:30:00;S06;S02;6;0.99;subscriber;ebike;1.02;completed;ok
T000461;2026-09-17T20:55:00;S07;S05;9;1.31;student;ebike;1.53;completed;ok
T000462;2026-09-17T14:40:00;S03;S02;11;2.49;subscriber;scooter;2.42;completed;ok
T000463;2026-09-17T15:58:00;S02;S08;10;1.70;student;bike;1.10;completed;ok
T000464;2026-09-17T07:47:00;S01;S02;5;0.79;student;ebike;0.85;completed;ok
T000465;2026-09-17T15:34:00;S02;S01;4;0.78;student;ebike;0.68;completed;ok
T000466;2026-09-17T13:15:00;S02;S06;6;1.06;student;ebike;1.02;completed;ok
T000467;2026-09-17T08:33:00;S06;S02;8;1.10;student;bike;0.88;completed;ok
T000468;2026-09-17T19:12:00;S05;S08;11;2.46;student;ebike;1.87;completed;ok
T000469;2026-09-17T09:26:00;S06;S02;7;1.18;student;ebike;1.19;completed;ok
T000470;2026-09-17T09:52:00;S07;S05;7;1.30;subscriber;ebike;1.19;completed;ok
T000471;2026-09-17T11:19:00;S05;S04;10;1.61;subscriber;bike;1.10;completed;ok
T000472;2026-09-17T19:01:00;S01;S05;6;1.00;casual;ebike;1.02;completed;ok
T000473;2026-09-17T09:11:00;S02;S01;4;0.76;subscriber;ebike;0.68;completed;ok
T000474;2026-09-17T09:28:00;S01;S02;7;0.74;student;bike;0.77;completed;ok
T000475;2026-09-17T17:01:00;S04;S06;10;1.85;casual;bike;1.10;cancelled;ok
T000476;2026-09-17T18:38:00;S01;S08;8;1.35;student;scooter;1.76;completed;ok
T000477;2026-09-17T20:59:00;S01;S05;6;0.98;subscriber;ebike;1.02;completed;ok
T000478;2026-09-17T09:58:00;S03;S07;20;3.90;subscriber;bike;2.20;completed;ok
T000479;2026-09-17T20:26:00;S04;S08;4;0.72;casual;ebike;0.68;completed;ok
T000480;2026-09-17T08:34:00;S03;S02;12;2.21;student;bike;1.32;completed;ok
T000481;2026-09-17T09:17:00;S01;S02;6;0.78;student;ebike;1.02;completed;ok
T000482;2026-09-17T09:29:00;S01;S04;6;0.66;subscriber;ebike;1.02;completed;ok
T000483;2026-09-17T18:57:00;S02;S05;10;1.52;subscriber;bike;1.10;completed;ok
T000484;2026-09-17T13:09:00;S02;S06;5;1.02;student;scooter;1.10;completed;ok
T000485;2026-09-17T17:48:00;S05;S02;10;1.59;casual;bike;1.10;completed;ok
T000486;2026-09-17T11:27:00;S08;S01;9;1.38;student;ebike;1.53;completed;ok
T000487;2026-09-17T17:38:00;S07;S01;4;0.66;subscriber;scooter;0.88;completed;ok
T000488;2026-09-17T19:54:00;S03;S04;19;3.24;casual;bike;2.09;completed;ok
T000489;2026-09-17T09:03:00;S08;S03;17;3.77;casual;scooter;3.74;completed;ok
T000490;2026-09-17T13:27:00;S02;S01;5;0.85;student;ebike;0.85;completed;ok
T000491;2026-09-17T20:00:00;S06;S01;11;1.54;casual;bike;1.21;completed;ok
T000492;2026-09-17T14:47:00;S02;S01;5;0.79;subscriber;scooter;1.10;completed;ok
T000493;2026-09-17T18:27:00;S05;S01;7;1.14;subscriber;bike;0.77;completed;ok
T000494;2026-09-17T17:32:00;S07;S08;9;1.09;subscriber;bike;0.99;completed;ok
T000495;2026-09-17T20:58:00;S06;S01;10;1.79;casual;scooter;2.20;completed;ok
T000496;2026-09-17T18:04:00;S02;S08;9;1.47;casual;bike;0.99;completed;ok
T000497;2026-09-17T08:56:00;S07;S08;8;1.06;subscriber;bike;0.88;completed;ok
T000498;2026-09-17T18:25:00;S07;S05;10;1.37;subscriber;bike;1.10;completed;ok
T000499;2026-09-17T15:28:00;S03;S07;19;4.22;casual;ebike;3.23;completed;ok
T000500;2026-09-17T13:51:00;S03;S07;14;3.51;subscriber;ebike;2.38;completed;ok
T000501;2026-09-17T15:55:00;S02;S06;7;1.14;student;bike;0.77;completed;ok
T000502;2026-09-17T13:29:00;S02;S03;10;2.31;student;scooter;2.20;completed;ok
T000503;2026-09-17T20:55:00;S01;S03;17;2.91;student;bike;1.87;completed;ok
T000504;2026-09-17T20:34:00;S08;S05;12;2.40;student;ebike;2.04;cancelled;ok
T000505;2026-09-17T07:51:00;S06;S02;9;1.08;student;bike;0.99;completed;ok
T000506;2026-09-17T20:44:00;S03;S08;22;4.03;subscriber;bike;2.42;completed;ok
T000507;2026-09-17T07:49:00;S01;S08;8;1.23;casual;ebike;1.36;completed;ok
T000508;2026-09-17T15:01:00;S02;S07;9;1.36;student;scooter;1.98;completed;ok
T000509;2026-09-17T19:00:00;S04;S01;6;0.64;student;bike;0.66;completed;ok
T000510;2026-09-17T17:10:00;S05;S06;12;1.73;subscriber;bike;1.32;completed;ok
T000511;2026-09-17T14:27:00;S02;S03;14;2.23;student;bike;1.54;completed;ok
T000512;2026-09-17T15:49:00;S02;S07;9;1.36;subscriber;bike;0.99;completed;ok
T000513;2026-09-17T07:40:00;S03;S02;11;2.47;student;scooter;2.42;completed;ok
T000514;2026-09-17T15:23:00;S01;S07;6;0.63;subscriber;bike;0.66;completed;ok
T000515;2026-09-17T17:26:00;S01;S08;8;1.45;student;scooter;1.76;completed;ok
T000516;2026-09-17T14:02:00;S02;S01;6;0.83;student;ebike;1.02;completed;ok
T000517;2026-09-17T19:29:00;S08;S06;12;2.79;subscriber;scooter;2.64;completed;ok
T000518;2026-09-17T09:28:00;S03;S02;10;2.34;student;scooter;2.20;completed;ok
T000519;2026-09-17T08:51:00;S04;S02;7;0.94;student;bike;0.77;completed;ok
T000520;2026-09-17T13:24:00;S02;S01;7;0.76;student;bike;0.77;completed;ok
T000521;2026-09-17T20:56:00;S07;S05;7;1.32;student;ebike;1.19;completed;ok
T000522;2026-09-17T07:11:00;S07;S02;9;1.45;student;ebike;1.53;completed;ok
T000523;2026-09-17T14:19:00;S02;S06;6;0.99;student;ebike;1.02;completed;ok
T000524;2026-09-17T19:44:00;S02;S07;8;1.46;subscriber;bike;0.88;completed;ok
T000525;2026-09-17T07:22:00;S01;S02;7;0.81;student;bike;0.77;completed;ok
T000526;2026-09-17T15:06:00;S02;S06;9;1.01;student;bike;0.99;completed;ok
T000527;2026-09-17T14:25:00;S02;S04;5;1.06;student;ebike;0.85;completed;ok
T000528;2026-09-17T08:14:00;S08;S02;8;1.47;student;bike;0.88;completed;ok
T000529;2026-09-17T18:10:00;S04;S01;6;0.64;casual;bike;0.66;completed;ok
T000530;2026-09-17T09:50:00;S05;S02;11;1.66;subscriber;bike;1.21;completed;ok
T000531;2026-09-17T13:31:00;S06;S02;6;1.06;subscriber;bike;0.66;completed;ok
T000532;2026-09-17T15:30:00;S02;S01;4;0.79;student;ebike;0.68;completed;ok
T000533;2026-09-17T09:44:00;S04;S02;8;0.92;student;bike;0.88;completed;ok
T000534;2026-09-17T10:49:00;S03;S02;16;2.60;subscriber;bike;1.76;completed;ok
T000535;2026-09-17T19:58:00;S04;S05;11;1.55;subscriber;bike;1.21;completed;ok
T000536;2026-09-17T18:15:00;S04;S01;5;0.58;subscriber;bike;0.55;completed;ok
T000537;2026-09-17T14:10:00;S02;S07;11;1.51;student;bike;1.21;completed;ok
T000538;2026-09-17T19:17:00;S02;S06;5;1.08;subscriber;scooter;1.10;completed;ok
T000539;2026-09-17T17:01:00;S02;S05;9;1.56;subscriber;scooter;1.98;completed;ok
T000540;2026-09-17T12:57:00;S08;S04;6;0.74;student;ebike;1.02;completed;ok
T000541;2026-09-17T07:52:00;S02;S01;7;0.82;subscriber;bike;0.77;completed;ok
T000542;2026-09-17T19:20:00;S07;S05;8;1.21;casual;ebike;1.36;completed;ok
T000543;2026-09-17T17:41:00;S06;S02;8;1.09;student;scooter;1.76;completed;ok
T000544;2026-09-17T14:49:00;S02;S03;12;2.61;student;scooter;2.64;completed;ok
T000545;2026-09-17T09:26:00;S06;S04;11;2.10;subscriber;bike;1.21;completed;ok
T000546;2026-09-17T10:48:00;S01;S06;9;1.63;subscriber;bike;0.99;completed;ok
T000547;2026-09-17T13:33:00;S05;S02;7;1.45;subscriber;scooter;1.54;completed;ok
T000548;2026-09-17T19:07:00;S02;S03;10;2.54;subscriber;ebike;1.70;completed;ok
T000549;2026-09-17T19:18:00;S04;S05;8;1.79;subscriber;scooter;1.76;completed;ok
T000550;2026-09-17T18:03:00;S03;S06;10;1.91;subscriber;scooter;2.20;completed;ok
T000551;2026-09-17T17:35:00;S06;S07;11;2.43;subscriber;scooter;2.42;completed;ok
T000552;2026-09-17T18:51:00;S04;S08;6;0.81;casual;bike;0.66;completed;ok
T000553;2026-09-17T09:12:00;S06;S02;7;1.15;student;ebike;1.19;completed;ok
T000554;2026-09-17T15:29:00;S04;S07;4;0.68;subscriber;ebike;0.68;completed;ok
T000555;2026-09-17T14:47:00;S05;S08;13;2.46;casual;bike;1.43;completed;ok
T000556;2026-09-17T19:52:00;S07;S04;7;0.72;subscriber;bike;0.77;completed;ok
T000557;2026-09-17T14:09:00;S02;S04;7;0.97;student;ebike;1.19;completed;ok
T000558;2026-09-17T17:00:00;S02;S05;8;1.55;student;scooter;1.76;completed;ok
T000559;2026-09-17T14:48:00;S02;S06;8;1.04;student;ebike;1.36;completed;ok
T000560;2026-09-17T09:18:00;S07;S02;11;1.51;student;bike;1.21;completed;ok
T000561;2026-09-17T20:49:00;S04;S01;6;0.57;subscriber;ebike;1.02;completed;ok
T000562;2026-09-17T07:51:00;S07;S06;11;2.27;subscriber;scooter;2.42;completed;ok
T000563;2026-09-17T08:36:00;S01;S02;7;0.76;student;ebike;1.19;completed;ok
T000564;2026-09-17T07:46:00;S04;S05;10;1.67;subscriber;bike;1.10;completed;ok
T000565;2026-09-17T15:50:00;S02;S07;7;1.32;student;ebike;1.19;completed;ok
T000566;2026-09-17T13:00:00;S07;S03;18;3.99;casual;scooter;3.96;completed;ok
T000567;2026-09-17T17:54:00;S08;S06;15;2.45;subscriber;bike;1.65;completed;ok
T000568;2026-09-17T15:04:00;S02;S07;9;1.31;student;bike;0.99;completed;ok
T000569;2026-09-17T14:26:00;S02;S04;7;1.06;student;bike;0.77;completed;ok
T000570;2026-09-17T15:31:00;S02;S06;9;1.03;student;bike;0.99;completed;ok
T000571;2026-09-17T09:49:00;S04;S02;8;0.89;student;bike;0.88;completed;ok
T000572;2026-09-17T18:23:00;S04;S02;7;1.07;casual;bike;0.77;completed;ok
T000573;2026-09-17T08:53:00;S03;S02;14;2.28;student;bike;1.54;completed;ok
T000574;2026-09-17T15:11:00;S02;S03;13;2.27;student;bike;1.43;completed;ok
T000575;2026-09-17T08:16:00;S01;S02;8;0.83;subscriber;bike;0.88;cancelled;ok
T000576;2026-09-17T13:03:00;S04;S02;8;1.01;subscriber;bike;0.88;completed;ok
T000577;2026-09-17T18:50:00;S02;S08;10;1.75;subscriber;bike;1.10;completed;ok
T000578;2026-09-17T08:03:00;S08;S07;6;1.24;subscriber;ebike;1.02;completed;ok
T000579;2026-09-17T15:27:00;S05;S02;9;1.69;subscriber;scooter;1.98;completed;ok
T000580;2026-09-17T15:28:00;S01;S08;6;1.33;casual;ebike;1.02;completed;ok
T000581;2026-09-17T19:20:00;S04;S05;10;1.80;casual;bike;1.10;completed;ok
T000582;2026-09-17T07:06:00;S06;S02;9;1.08;student;bike;0.99;completed;ok
T000583;2026-09-17T14:02:00;S01;S04;3;0.60;subscriber;ebike;0.51;completed;ok
T000584;2026-09-17T09:12:00;S07;S02;8;1.35;student;scooter;1.76;completed;ok
T000585;2026-09-17T20:24:00;S07;S03;17;3.83;subscriber;scooter;3.74;completed;ok
T000586;2026-09-17T12:14:00;S07;S05;9;1.39;subscriber;bike;0.99;completed;ok
T000587;2026-09-17T18:42:00;S08;S01;9;1.46;subscriber;bike;0.99;cancelled;ok
T000588;2026-09-17T08:16:00;S03;S07;19;3.63;subscriber;bike;2.09;completed;ok
T000589;2026-09-17T07:21:00;S06;S04;11;2.09;subscriber;ebike;1.87;completed;ok
T000590;2026-09-17T09:37:00;S07;S02;10;1.60;student;bike;1.10;completed;ok
T000591;2026-09-17T14:57:00;S02;S07;9;1.38;student;ebike;1.53;completed;ok
T000592;2026-09-17T20:33:00;S04;S03;15;3.44;subscriber;ebike;2.55;completed;ok
T000593;2026-09-17T20:07:00;S07;S02;10;1.60;subscriber;bike;1.10;completed;ok
T000594;2026-09-17T15:00:00;S02;S01;7;0.88;student;bike;0.77;completed;ok
T000595;2026-09-17T18:44:00;S01;S02;6;0.78;subscriber;ebike;1.02;completed;ok
T000596;2026-09-17T13:04:00;S02;S06;7;;student;ebike;1.19;completed;missing_distance
T000597;2026-09-17T19:05:00;S08;S01;7;1.21;subscriber;ebike;1.19;completed;ok
T000598;2026-09-17T09:52:00;S06;S02;7;1.20;student;scooter;1.54;completed;ok
T000599;2026-09-17T17:27:00;S04;S08;7;0.73;student;bike;0.77;completed;ok
T000600;2026-09-17T09:56:00;S07;S02;6;1.36;student;ebike;1.02;completed;ok
T000601;2026-09-17T20:12:00;S02;S08;10;1.58;student;bike;1.10;completed;ok
T000602;2026-09-17T18:22:00;S01;S05;8;1.15;subscriber;ebike;1.36;completed;ok
T000603;2026-09-17T09:58:00;S03;S02;15;2.54;student;bike;1.65;completed;ok
T000604;2026-09-17T07:57:00;S04;S02;9;1.07;student;bike;0.99;completed;ok
T000605;2026-09-17T09:26:00;S04;S02;7;1.00;student;bike;0.77;completed;ok
T000606;2026-09-17T07:39:00;S05;S02;11;1.44;student;bike;1.21;completed;ok
T000607;2026-09-17T17:00:00;S02;S07;10;1.43;subscriber;bike;1.10;completed;ok
T000608;2026-09-17T18:12:00;S01;S06;9;1.68;student;ebike;1.53;completed;ok
T000609;2026-09-17T13:20:00;S02;S08;11;1.80;subscriber;bike;1.21;completed;ok
T000610;2026-09-17T15:43:00;S06;S03;8;1.81;casual;ebike;1.36;completed;ok
T000611;2026-09-17T14:45:00;S04;S08;7;0.69;casual;bike;0.77;completed;ok
T000612;2026-09-17T07:22:00;S03;S02;10;2.19;student;ebike;1.70;completed;ok
T000613;2026-09-17T07:56:00;S06;S02;8;1.13;student;bike;0.88;completed;ok
T000614;2026-09-17T18:12:00;S02;S05;10;1.73;subscriber;bike;1.10;cancelled;ok
T000615;2026-09-17T07:54:00;S04;S02;5;0.98;student;ebike;0.85;cancelled;ok
T000616;2026-09-17T18:46:00;S08;S05;11;2.21;subscriber;scooter;2.42;completed;ok
T000617;2026-09-18T18:32:00;S07;S02;8;1.56;student;ebike;1.36;cancelled;ok
T000618;2026-09-18T13:10:00;S02;S05;7;1.63;student;ebike;1.19;cancelled;ok
T000619;2026-09-18T15:30:00;S02;S06;6;1.14;casual;ebike;1.02;cancelled;ok
T000620;2026-09-18T18:17:00;S01;S08;6;1.42;subscriber;ebike;1.02;completed;ok
T000621;2026-09-18T09:40:00;S01;S02;5;0.90;student;scooter;1.10;completed;ok
T000622;2026-09-18T17:25:00;S04;S08;5;0.74;subscriber;scooter;1.10;completed;ok
T000623;2026-09-18T14:58:00;S02;S01;6;0.77;student;scooter;1.32;completed;ok
T000624;2026-09-18T08:28:00;S07;S02;7;1.36;student;ebike;1.19;completed;ok
T000625;2026-09-18T13:14:00;S02;S03;12;2.55;student;scooter;2.64;completed;ok
T000626;2026-09-18T18:48:00;S07;S02;9;1.33;casual;ebike;1.53;completed;ok
T000627;2026-09-18T15:44:00;S02;S04;7;0.90;student;ebike;1.19;completed;ok
T000628;2026-09-18T18:34:00;S08;S03;20;3.97;student;scooter;4.40;completed;ok
T000629;2026-09-18T09:41:00;S05;S02;10;1.62;student;scooter;2.20;completed;ok
T000630;2026-09-18T07:35:00;S08;S06;13;2.73;subscriber;scooter;2.86;completed;ok
T000631;2026-09-18T13:38:00;S01;S02;5;0.79;subscriber;ebike;0.85;completed;ok
T000632;2026-09-18T16:01:00;S01;S08;6;1.30;subscriber;ebike;1.02;completed;ok
T000633;2026-09-18T15:56:00;S03;S02;12;2.40;subscriber;ebike;2.04;completed;ok
T000634;2026-09-18T08:06:00;S07;S02;7;1.51;student;scooter;1.54;completed;ok
T000635;2026-09-18T18:41:00;S08;S01;8;1.27;subscriber;ebike;1.36;completed;ok
T000636;2026-09-18T16:06:00;S02;S06;7;1.17;casual;bike;0.77;completed;ok
T000637;2026-09-18T13:21:00;S02;S07;8;1.54;student;scooter;1.76;completed;ok
T000638;2026-09-18T07:43:00;S06;S02;7;0.99;student;ebike;1.19;completed;ok
T000639;2026-09-18T09:48:00;S07;S01;5;0.72;subscriber;bike;0.55;completed;ok
T000640;2026-09-18T13:16:00;S02;S04;7;1.08;student;ebike;1.19;completed;ok
T000641;2026-09-18T08:36:00;S06;S02;5;1.07;student;ebike;0.85;completed;ok
T000642;2026-09-18T09:10:00;S03;S02;12;2.16;student;bike;1.32;completed;ok
T000643;2026-09-18T22:50:00;S02;S07;8;1.31;subscriber;ebike;1.36;completed;ok
T000644;2026-09-18T08:53:00;S03;S02;15;2.36;student;bike;1.65;completed;ok
T000645;2026-09-18T19:00:00;S01;S05;9;1.16;student;bike;0.99;completed;ok
T000646;2026-09-18T20:00:00;S07;S06;11;2.62;subscriber;ebike;1.87;completed;ok
T000647;2026-09-18T07:27:00;S07;S03;16;3.65;subscriber;ebike;2.72;completed;ok
T000648;2026-09-18T14:18:00;S02;S03;12;2.20;student;ebike;2.04;completed;ok
T000649;2026-09-18T19:27:00;S07;S03;15;3.88;subscriber;ebike;2.55;completed;ok
T000650;2026-09-18T20:39:00;S04;S03;14;3.42;casual;ebike;2.38;completed;ok
T000651;2026-09-18T18:13:00;S07;S03;18;3.45;subscriber;bike;1.98;completed;ok
T000652;2026-09-18T15:41:00;S02;S06;6;0.98;student;ebike;1.02;completed;ok
T000653;2026-09-18T13:32:00;S06;S03;8;1.80;casual;ebike;1.36;completed;ok
T000654;2026-09-18T18:53:00;S01;S05;6;1.07;student;ebike;1.02;completed;ok
T000655;2026-09-18T18:31:00;S08;S01;7;1.21;student;ebike;1.19;completed;ok
T000656;2026-09-18T13:30:00;S02;S07;8;1.34;student;ebike;1.36;completed;ok
T000657;2026-09-18T20:07:00;S04;S07;5;0.74;subscriber;scooter;1.10;completed;ok
T000658;2026-09-18T15:49:00;S02;S01;5;0.87;student;ebike;0.85;completed;ok
T000659;2026-09-18T15:43:00;S01;S07;4;0.62;subscriber;scooter;0.88;completed;ok
T000660;2026-09-18T07:12:00;S03;S02;12;2.31;student;bike;1.32;cancelled;ok
T000661;2026-09-18T18:12:00;S04;S02;6;1.00;subscriber;scooter;1.32;completed;ok
T000662;2026-09-18T18:45:00;S07;S05;7;1.30;casual;bike;0.77;completed;ok
T000663;2026-09-18T15:51:00;S02;S03;15;2.42;student;bike;1.65;completed;ok
T000664;2026-09-18T10:07:00;S05;S03;14;3.45;casual;ebike;2.38;completed;ok
T000665;2026-09-18T14:11:00;S02;S03;12;2.46;student;scooter;2.64;completed;ok
T000666;2026-09-18T13:21:00;S08;S04;4;0.77;subscriber;ebike;0.68;completed;ok
T000667;2026-09-18T18:22:00;S01;S05;7;0.99;casual;ebike;1.19;completed;ok
T000668;2026-09-18T07:53:00;S01;S07;4;0.65;subscriber;ebike;0.68;completed;ok
T000669;2026-09-18T20:40:00;S08;S03;17;3.71;subscriber;ebike;2.89;completed;ok
T000670;2026-09-18T15:55:00;S02;S04;7;1.07;student;scooter;1.54;completed;ok
T000671;2026-09-18T09:31:00;S03;S08;17;3.49;casual;scooter;3.74;completed;ok
T000672;2026-09-18T14:31:00;S02;S01;4;0.74;student;ebike;0.68;completed;ok
T000673;2026-09-18T13:43:00;S02;S05;7;1.61;student;ebike;1.19;completed;ok
T000674;2026-09-18T12:10:00;S01;S05;5;1.13;student;ebike;0.85;completed;ok
T000675;2026-09-18T17:09:00;S08;S03;16;3.58;subscriber;ebike;2.72;completed;ok
T000676;2026-09-18T19:50:00;S08;S02;8;1.61;subscriber;scooter;1.76;completed;ok
T000677;2026-09-18T13:58:00;S02;S06;7;1.10;student;scooter;1.54;completed;ok
T000678;2026-09-18T18:02:00;S04;S06;10;2.27;student;scooter;2.20;completed;ok
T000679;2026-09-18T14:31:00;S02;S03;11;2.43;student;scooter;2.42;completed;ok
T000680;2026-09-18T19:29:00;S05;S03;17;3.89;casual;ebike;2.89;completed;ok
T000681;2026-09-18T17:38:00;S02;S06;5;1.04;subscriber;ebike;0.85;completed;ok
T000682;2026-09-18T07:49:00;S06;S02;8;1.03;student;bike;0.88;completed;ok
T000683;2026-09-18T08:48:00;S07;S02;7;1.33;student;ebike;1.19;completed;ok
T000684;2026-09-18T19:45:00;S07;S06;12;2.27;subscriber;ebike;2.04;completed;ok
T000685;2026-09-18T07:25:00;S03;S02;16;2.60;student;bike;1.76;completed;ok
T000686;2026-09-18T09:42:00;S08;S02;8;1.73;student;ebike;1.36;completed;ok
T000687;2026-09-18T14:14:00;S02;S04;8;0.99;student;bike;0.88;completed;ok
T000688;2026-09-18T08:03:00;S04;S03;12;2.96;casual;ebike;2.04;completed;ok
T000689;2026-09-18T07:17:00;S04;S02;4;0.92;student;ebike;0.68;completed;ok
T000690;2026-09-18T17:12:00;S04;S03;15;3.55;subscriber;ebike;2.55;completed;ok
T000691;2026-09-18T16:25:00;S06;S07;11;2.18;casual;ebike;1.87;completed;ok
T000692;2026-09-18T09:55:00;S05;S02;7;1.43;student;ebike;1.19;completed;ok
T000693;2026-09-18T13:52:00;S01;S07;6;0.67;subscriber;scooter;1.32;completed;ok
T000694;2026-09-18T17:30:00;S03;S06;11;1.78;subscriber;bike;1.21;completed;ok
T000695;2026-09-18T19:59:00;S04;S03;15;3.50;casual;scooter;3.30;completed;ok
T000696;2026-09-18T14:14:00;S02;S04;5;1.00;student;ebike;0.85;completed;ok
T000697;2026-09-18T22:44:00;S04;S08;4;0.80;subscriber;ebike;0.68;completed;ok
T000698;2026-09-18T14:25:00;S02;S06;5;1.03;student;ebike;0.85;completed;ok
T000699;2026-09-18T14:09:00;S02;S07;8;1.31;student;ebike;1.36;completed;ok
T000700;2026-09-18T20:57:00;S06;S07;10;2.37;student;ebike;1.70;completed;ok
T000701;2026-09-18T18:35:00;S03;S06;9;1.81;casual;ebike;1.53;completed;ok
T000702;2026-09-18T18:12:00;S03;S02;15;2.44;casual;bike;1.65;completed;ok
T000703;2026-09-18T17:02:00;S08;S05;15;2.24;subscriber;bike;1.65;completed;ok
T000704;2026-09-18T15:23:00;S02;S06;7;1.20;student;scooter;1.54;completed;ok
T000705;2026-09-19T19:02:00;S01;S03;17;3.23;subscriber;bike;1.87;completed;ok
T000706;2026-09-19T17:51:00;S02;S06;7;1.11;casual;ebike;1.19;completed;ok
T000707;2026-09-19T20:10:00;S04;S08;5;0.81;student;ebike;0.85;completed;ok
T000708;2026-09-19T14:53:00;S08;S05;12;2.48;subscriber;ebike;2.04;completed;ok
T000709;2026-09-19T17:01:00;S04;S06;8;1.88;subscriber;ebike;1.36;completed;ok
T000710;2026-09-19T19:22:00;S05;S08;11;2.31;casual;ebike;1.87;completed;ok
T000711;2026-09-19T19:38:00;S07;S06;10;2.22;casual;ebike;1.70;completed;ok
T000712;2026-09-19T19:10:00;S01;S04;6;0.63;casual;scooter;1.32;completed;ok
T000713;2026-09-19T17:38:00;S08;S05;10;2.18;subscriber;ebike;1.70;cancelled;ok
T000714;2026-09-19T14:54:00;S01;S06;9;1.83;subscriber;ebike;1.53;completed;ok
T000715;2026-09-19T19:36:00;S01;S02;6;0.87;student;ebike;1.02;completed;ok
T000716;2026-09-19T20:03:00;S03;S08;17;3.71;subscriber;ebike;2.89;completed;ok
T000717;2026-09-19T19:15:00;S02;S04;8;0.92;subscriber;bike;0.88;completed;ok
T000718;2026-09-19T19:11:00;S08;S02;9;1.61;subscriber;scooter;1.98;completed;ok
T000719;2026-09-19T19:12:00;S08;S02;10;1.69;subscriber;scooter;2.20;completed;ok
T000720;2026-09-19T20:50:00;S06;S03;10;1.93;subscriber;ebike;1.70;completed;ok
T000721;2026-09-19T20:34:00;S07;S04;4;0.69;subscriber;scooter;0.88;completed;ok
T000722;2026-09-19T09:26:00;S06;S02;7;1.10;student;ebike;1.19;completed;ok
T000723;2026-09-19T19:26:00;S01;S02;7;0.87;subscriber;bike;0.77;completed;ok
T000724;2026-09-19T07:42:00;S04;S06;11;1.86;subscriber;ebike;1.87;completed;ok
T000725;2026-09-19T20:12:00;S02;S06;7;1.14;subscriber;ebike;1.19;completed;ok
T000726;2026-09-19T18:15:00;S04;S06;11;2.18;student;ebike;1.87;completed;ok
T000727;2026-09-19T17:49:00;S07;S05;9;1.34;subscriber;scooter;1.98;completed;ok
T000728;2026-09-19T19:05:00;S03;S07;17;3.81;casual;scooter;3.74;completed;ok
T000729;2026-09-19T17:33:00;S03;S08;14;3.42;subscriber;ebike;2.38;completed;ok
T000730;2026-09-19T18:05:00;S06;S05;10;2.06;subscriber;ebike;1.70;completed;ok
T000731;2026-09-19T19:19:00;S01;S05;6;1.13;subscriber;ebike;1.02;cancelled;ok
T000732;2026-09-19T22:11:00;S01;S06;10;1.77;casual;ebike;1.70;completed;ok
T000733;2026-09-19T06:47:00;S03;S06;8;1.75;casual;scooter;1.76;completed;ok
T000734;2026-09-19T20:30:00;S06;S03;9;1.69;subscriber;scooter;1.98;completed;ok
T000735;2026-09-19T19:34:00;S04;S05;9;1.53;subscriber;ebike;1.53;completed;ok
T000736;2026-09-19T17:59:00;S04;S01;5;0.60;subscriber;ebike;0.85;completed;ok
T000737;2026-09-19T19:55:00;S06;S03;11;1.65;subscriber;bike;1.21;completed;ok
T000738;2026-09-19T20:31:00;S02;S06;7;1.01;subscriber;bike;0.77;completed;ok
T000739;2026-09-19T18:25:00;S03;S01;15;3.37;casual;scooter;3.30;completed;ok
T000740;2026-09-19T18:31:00;S03;S05;19;3.56;student;bike;2.09;completed;ok
T000741;2026-09-19T18:13:00;S05;S07;8;1.32;subscriber;ebike;1.36;completed;ok
T000742;2026-09-19T18:27:00;S07;S01;4;0.64;casual;ebike;0.68;completed;ok
T000743;2026-09-19T19:14:00;S02;S03;11;2.43;casual;ebike;1.87;completed;ok
T000744;2026-09-19T17:55:00;S03;S07;18;4.20;student;ebike;3.06;completed;ok
T000745;2026-09-19T17:15:00;S06;S05;10;;subscriber;ebike;1.70;completed;missing_distance
T000746;2026-09-19T18:33:00;S07;S03;18;3.96;subscriber;ebike;3.06;completed;ok
T000747;2026-09-19T18:49:00;S05;S08;11;2.26;subscriber;ebike;1.87;completed;ok
T000748;2026-09-19T07:10:00;S05;S01;6;1.03;subscriber;ebike;1.02;completed;ok
T000749;2026-09-19T20:08:00;S07;S06;14;2.21;student;bike;1.54;completed;ok
T000750;2026-09-19T18:41:00;S04;S07;5;0.73;subscriber;scooter;1.10;completed;ok
T000751;2026-09-19T17:09:00;S03;S08;19;3.73;subscriber;bike;2.09;completed;ok
T000752;2026-09-19T17:21:00;S06;S07;15;2.61;subscriber;bike;1.65;completed;ok
T000753;2026-09-19T17:09:00;S01;S02;5;0.81;subscriber;scooter;1.10;completed;ok
T000754;2026-09-19T17:51:00;S08;S03;17;4.02;casual;scooter;3.74;completed;ok
T000755;2026-09-19T15:45:00;S03;S07;14;3.53;casual;ebike;2.38;completed;ok
T000756;2026-09-19T19:49:00;S07;S01;6;0.64;casual;scooter;1.32;completed;ok
T000757;2026-09-19T18:27:00;S04;S08;6;0.80;subscriber;ebike;1.02;completed;ok
T000758;2026-09-20T20:36:00;S01;S05;6;1.07;subscriber;ebike;1.02;completed;ok
T000759;2026-09-20T15:17:00;S08;S04;4;0.76;subscriber;ebike;0.68;completed;ok
T000760;2026-09-20T17:44:00;S03;S04;14;3.37;casual;ebike;2.38;completed;ok
T000761;2026-09-20T18:34:00;S08;S01;8;1.29;student;scooter;1.76;completed;ok
T000762;2026-09-20T20:17:00;S03;S08;20;3.39;subscriber;bike;2.20;completed;ok
T000763;2026-09-20T20:16:00;S07;S03;17;3.62;subscriber;ebike;2.89;completed;ok
T000764;2026-09-20T19:29:00;S04;S07;5;0.67;student;scooter;1.10;completed;ok
T000765;2026-09-20T20:11:00;S04;S06;12;1.90;student;scooter;2.64;completed;ok
T000766;2026-09-20T19:37:00;S07;S04;6;0.79;subscriber;ebike;1.02;completed;ok
T000767;2026-09-20T17:34:00;S02;S01;6;0.85;casual;scooter;1.32;completed;ok
T000768;2026-09-20T19:40:00;S01;S04;5;0.60;student;ebike;0.85;completed;ok
T000769;2026-09-20T18:15:00;S06;S01;9;1.81;subscriber;scooter;1.98;completed;ok
T000770;2026-09-20T18:28:00;S02;S07;8;1.55;subscriber;ebike;1.36;completed;ok
T000771;2026-09-20T18:47:00;S02;S05;11;1.51;subscriber;bike;1.21;completed;ok
T000772;2026-09-20T18:46:00;S06;S02;7;1.10;subscriber;ebike;1.19;completed;ok
T000773;2026-09-20T15:12:00;S07;S04;5;0.76;subscriber;ebike;0.85;completed;ok
T000774;2026-09-20T20:49:00;S02;S04;7;0.95;student;ebike;1.19;completed;ok
T000775;2026-09-20T19:18:00;S07;S06;10;2.20;casual;ebike;1.70;completed;ok
T000776;2026-09-20T20:51:00;S04;S02;5;1.03;casual;ebike;0.85;completed;ok
T000777;2026-09-20T20:55:00;S03;S08;18;4.00;casual;ebike;3.06;completed;ok
T000778;2026-09-20T19:45:00;S03;S02;13;2.48;casual;scooter;2.86;completed;ok
T000779;2026-09-20T20:28:00;S06;S02;8;1.11;subscriber;bike;0.88;completed;ok
T000780;2026-09-20T11:21:00;S04;S07;6;0.80;casual;ebike;1.02;completed;ok
T000781;2026-09-20T17:32:00;S06;S01;9;1.68;subscriber;ebike;1.53;completed;ok
T000782;2026-09-20T18:45:00;S06;S08;12;2.52;subscriber;ebike;2.04;completed;ok
T000783;2026-09-20T19:56:00;S07;S05;8;1.17;student;ebike;1.36;completed;ok
T000784;2026-09-20T20:23:00;S07;S04;5;0.73;casual;scooter;1.10;completed;ok
T000785;2026-09-20T20:48:00;S07;S01;6;0.73;student;scooter;1.32;completed;ok
T000786;2026-09-20T20:28:00;S04;S07;4;0.71;student;ebike;0.68;completed;ok
T000787;2026-09-20T18:31:00;S07;S03;17;3.77;student;ebike;2.89;completed;ok
T000788;2026-09-20T18:40:00;S01;S04;4;0.56;casual;scooter;0.88;completed;ok
T000789;2026-09-20T08:12:00;S07;S02;8;1.51;subscriber;scooter;1.76;completed;ok
T000790;2026-09-20T19:39:00;S05;S08;10;2.43;subscriber;ebike;1.70;completed;ok
T000791;2026-09-20T20:36:00;S07;S03;17;3.56;subscriber;scooter;3.74;completed;ok
T000792;2026-09-20T17:32:00;S04;S05;12;1.77;subscriber;bike;1.32;completed;ok
T000793;2026-09-20T19:52:00;S02;S08;8;1.57;subscriber;ebike;1.36;completed;ok
T000794;2026-09-20T20:36:00;S01;S03;17;3.48;subscriber;scooter;3.74;completed;ok
T000795;2026-09-20T08:20:00;S02;S07;7;1.31;subscriber;ebike;1.19;completed;ok
T000796;2026-09-20T18:53:00;S05;S08;10;2.16;student;scooter;2.20;completed;ok
T000797;2026-09-20T17:32:00;S07;S03;16;3.60;subscriber;ebike;2.72;completed;ok
T000798;2026-09-20T18:43:00;S06;S05;9;1.94;subscriber;ebike;1.53;completed;ok
T000799;2026-09-20T18:33:00;S07;S01;6;0.74;subscriber;ebike;1.02;completed;ok
T000800;2026-09-20T20:42:00;S05;S03;16;3.45;casual;scooter;3.52;completed;ok
T000801;2026-09-20T17:36:00;S02;S04;6;1.06;subscriber;ebike;1.02;completed;ok
T000802;2026-09-20T17:54:00;S02;S03;9;2.17;subscriber;ebike;1.53;completed;ok
T000803;2026-09-20T19:39:00;S07;S02;11;1.57;subscriber;bike;1.21;completed;ok
T000804;2026-09-20T18:11:00;S01;S04;6;0.56;casual;scooter;1.32;completed;ok
T000805;2026-09-20T20:27:00;S05;S07;8;1.28;subscriber;ebike;1.36;completed;ok
T000806;2026-09-20T18:00:00;S07;S02;8;1.43;subscriber;ebike;1.36;completed;ok
T000807;2026-09-20T18:06:00;S08;S03;20;3.47;subscriber;bike;2.20;completed;ok
T000808;2026-09-20T19:50:00;S07;S04;6;0.76;subscriber;ebike;1.02;completed;ok
T000809;2026-09-20T20:50:00;S05;S04;8;1.51;subscriber;ebike;1.36;completed;ok
T000810;2026-09-20T13:45:00;S05;S07;8;1.35;subscriber;bike;0.88;completed;ok
T000811;2026-09-20T21:59:00;S07;S05;9;1.36;subscriber;scooter;1.98;completed;ok
T000812;2026-09-20T19:28:00;S02;S07;9;1.56;subscriber;ebike;1.53;completed;ok
T000813;2026-09-20T08:17:00;S04;S02;6;0.91;student;scooter;1.32;completed;ok
T000814;2026-09-20T14:38:00;S03;S05;19;3.93;subscriber;scooter;4.18;completed;ok
T000815;2026-09-20T12:41:00;S04;S08;5;0.72;subscriber;scooter;1.10;completed;ok
T000816;2026-09-20T19:56:00;S01;S07;5;0.72;student;scooter;1.10;completed;ok
T000817;2026-09-20T19:23:00;S04;S03;18;3.21;subscriber;bike;1.98;completed;ok
T000818;2026-09-20T18:14:00;S05;S08;12;2.47;casual;ebike;2.04;completed;ok
T000819;2026-09-20T14:45:00;S02;S07;6;1.34;subscriber;ebike;1.02;completed;ok
T000820;2026-09-20T19:22:00;S01;S05;7;1.14;subscriber;scooter;1.54;completed;ok
T000821;2026-09-20T18:32:00;S06;S03;8;1.86;subscriber;ebike;1.36;completed;ok
T000822;2026-09-20T19:48:00;S06;S03;8;1.63;student;scooter;1.76;completed;ok
T000823;2026-09-21T07:21:00;S04;S02;9;0.99;student;bike;0.99;completed;ok
T000824;2026-09-21T09:24:00;S01;S02;6;0.82;student;ebike;1.02;completed;ok
T000825;2026-09-21T15:58:00;S02;S04;7;1.04;student;bike;0.77;completed;ok
T000826;2026-09-21T09:43:00;S03;S02;10;2.23;student;ebike;1.70;completed;ok
T000827;2026-09-21T07:43:00;S08;S02;7;1.53;student;scooter;1.54;completed;ok
T000828;2026-09-21T19:28:00;S04;S03;15;3.56;subscriber;ebike;2.55;completed;ok
T000829;2026-09-21T14:43:00;S02;S07;7;1.50;student;ebike;1.19;cancelled;ok
T000830;2026-09-21T15:01:00;S08;S02;12;1.74;subscriber;bike;1.32;completed;ok
T000831;2026-09-21T20:24:00;S05;S02;8;1.42;subscriber;ebike;1.36;completed;ok
T000832;2026-09-21T15:35:00;S01;S03;18;3.39;subscriber;bike;1.98;completed;ok
T000833;2026-09-21T18:33:00;S04;S03;15;3.01;student;ebike;2.55;completed;ok
T000834;2026-09-21T20:06:00;S07;S08;8;1.11;student;bike;0.88;completed;ok
T000835;2026-09-21T09:02:00;S06;S02;5;1.08;student;ebike;0.85;completed;ok
T000836;2026-09-21T13:03:00;S02;S04;6;1.03;student;bike;0.66;completed;ok
T000837;2026-09-21T22:53:00;S04;S06;11;2.00;student;bike;1.21;completed;ok
T000838;2026-09-21T13:27:00;S02;S04;6;0.89;student;ebike;1.02;completed;ok
T000839;2026-09-21T18:06:00;S07;S01;4;0.61;subscriber;bike;0.44;completed;ok
T000840;2026-09-21T17:54:00;S07;S03;23;4.05;subscriber;bike;2.53;completed;ok
T000841;2026-09-21T09:04:00;S08;S02;10;1.69;student;scooter;2.20;completed;ok
T000842;2026-09-21T08:34:00;S04;S05;9;1.61;casual;ebike;1.53;completed;ok
T000843;2026-09-21T17:55:00;S07;S01;6;0.67;subscriber;ebike;1.02;completed;ok
T000844;2026-09-21T20:11:00;S03;S02;12;2.61;subscriber;ebike;2.04;completed;ok
T000845;2026-09-21T18:36:00;S01;S08;9;1.24;student;bike;0.99;completed;ok
T000846;2026-09-21T20:09:00;S05;S07;8;1.16;student;bike;0.88;completed;ok
T000847;2026-09-21T08:36:00;S04;S02;8;1.05;student;ebike;1.36;completed;ok
T000848;2026-09-21T10:38:00;S07;S08;8;1.15;subscriber;bike;0.88;completed;ok
T000849;2026-09-21T20:56:00;S06;S05;9;2.05;subscriber;ebike;1.53;completed;ok
T000850;2026-09-21T14:38:00;S02;S01;6;0.79;subscriber;ebike;1.02;completed;ok
T000851;2026-09-21T14:55:00;S02;S04;8;1.00;student;bike;0.88;completed;ok
T000852;2026-09-21T08:59:00;S04;S07;5;0.73;subscriber;scooter;1.10;completed;ok
T000853;2026-09-21T13:00:00;S02;S07;9;1.48;student;bike;0.99;completed;ok
T000854;2026-09-21T08:01:00;S03;S02;12;2.57;casual;ebike;2.04;completed;ok
T000855;2026-09-21T07:43:00;S04;S08;7;0.81;subscriber;scooter;1.54;completed;ok
T000856;2026-09-21T08:55:00;S04;S02;7;0.93;student;scooter;1.54;cancelled;ok
T000857;2026-09-21T13:56:00;S02;S03;10;2.24;student;ebike;1.70;completed;ok
T000858;2026-09-21T08:33:00;S04;S03;17;3.27;casual;bike;1.87;completed;ok
T000859;2026-09-21T09:03:00;S06;S02;6;1.03;student;scooter;1.32;completed;ok
T000860;2026-09-21T15:34:00;S02;S03;12;2.55;student;ebike;2.04;completed;ok
T000861;2026-09-21T13:44:00;S02;S04;8;1.03;student;bike;0.88;completed;ok
T000862;2026-09-21T11:02:00;S06;S04;10;2.09;student;ebike;1.70;completed;ok
T000863;2026-09-21T19:15:00;S04;S02;8;1.03;casual;bike;0.88;completed;ok
T000864;2026-09-21T18:53:00;S07;S03;24;4.09;casual;bike;2.64;completed;ok
T000865;2026-09-21T18:08:00;S03;S02;12;2.41;student;ebike;2.04;completed;ok
T000866;2026-09-21T07:38:00;S01;S02;7;0.88;subscriber;bike;0.77;completed;ok
T000867;2026-09-21T08:51:00;S06;S02;7;1.13;student;bike;0.77;completed;ok
T000868;2026-09-21T15:41:00;S02;S07;7;1.43;student;ebike;1.19;completed;ok
T000869;2026-09-21T20:37:00;S04;S07;7;0.73;subscriber;bike;0.77;completed;ok
T000870;2026-09-21T15:28:00;S02;S04;6;0.97;student;scooter;1.32;completed;ok
T000871;2026-09-21T08:08:00;S06;S01;9;1.82;casual;ebike;1.53;completed;ok
T000872;2026-09-21T17:38:00;S02;S06;6;1.00;student;ebike;1.02;completed;ok
T000873;2026-09-21T14:29:00;S02;S04;6;0.92;student;bike;0.66;completed;ok
T000874;2026-09-21T18:06:00;S03;S08;22;3.91;subscriber;bike;2.42;completed;ok
T000875;2026-09-21T14:25:00;S07;S05;10;1.38;subscriber;bike;1.10;completed;ok
T000876;2026-09-21T19:02:00;S03;S05;17;3.87;subscriber;ebike;2.89;completed;ok
T000877;2026-09-21T22:40:00;S03;S05;13;3.40;subscriber;ebike;2.21;completed;ok
T000878;2026-09-21T08:31:00;S06;S02;9;1.17;student;bike;0.99;cancelled;ok
T000879;2026-09-21T15:35:00;S02;S03;16;2.58;student;bike;1.76;completed;ok
T000880;2026-09-21T19:42:00;S04;S08;6;0.75;casual;bike;0.66;completed;ok
T000881;2026-09-21T09:13:00;S02;S06;7;1.01;subscriber;scooter;1.54;completed;ok
T000882;2026-09-21T14:23:00;S02;S04;8;0.93;student;bike;0.88;completed;ok
T000883;2026-09-21T07:07:00;S03;S02;11;2.45;student;scooter;2.42;completed;ok
T000884;2026-09-21T17:04:00;S05;S01;6;1.00;subscriber;ebike;1.02;completed;ok
T000885;2026-09-21T17:44:00;S03;S06;10;1.71;casual;scooter;2.20;completed;ok
T000886;2026-09-21T18:26:00;S07;S05;8;1.21;casual;scooter;1.76;completed;ok
T000887;2026-09-21T07:10:00;S01;S08;9;1.39;subscriber;bike;0.99;completed;ok
T000888;2026-09-21T18:26:00;S07;S01;4;0.64;casual;ebike;0.68;completed;ok
T000889;2026-09-21T19:25:00;S04;S05;10;1.83;subscriber;bike;1.10;completed;ok
T000890;2026-09-21T13:19:00;S02;S04;6;0.92;student;bike;0.66;completed;ok
T000891;2026-09-21T08:19:00;S01;S08;7;1.22;subscriber;bike;0.77;completed;ok
T000892;2026-09-21T13:59:00;S02;S07;9;1.37;student;scooter;1.98;completed;ok
T000893;2026-09-21T07:15:00;S06;S01;11;1.83;casual;scooter;2.42;completed;ok
T000894;2026-09-21T20:07:00;S04;S08;4;;subscriber;ebike;0.68;completed;missing_distance
T000895;2026-09-21T19:21:00;S06;S04;12;2.13;subscriber;scooter;2.64;completed;ok
T000896;2026-09-21T09:25:00;S01;S08;10;1.22;casual;bike;1.10;completed;ok
T000897;2026-09-21T13:16:00;S02;S08;9;1.48;student;bike;0.99;completed;ok
T000898;2026-09-21T07:32:00;S03;S02;12;2.59;student;ebike;2.04;completed;ok
T000899;2026-09-21T13:52:00;S04;S08;5;0.77;subscriber;bike;0.55;completed;ok
T000900;2026-09-21T08:50:00;S03;S02;12;2.48;casual;ebike;2.04;completed;ok
T000901;2026-09-21T13:13:00;S02;S06;8;1.16;student;bike;0.88;completed;ok
T000902;2026-09-21T18:56:00;S06;S03;10;1.83;subscriber;ebike;1.70;completed;ok
T000903;2026-09-21T18:27:00;S07;S05;10;1.33;subscriber;bike;1.10;completed;ok
T000904;2026-09-21T13:59:00;S02;S01;5;0.90;student;bike;0.55;completed;ok
T000905;2026-09-21T08:50:00;S06;S02;7;1.06;student;bike;0.77;completed;ok
T000906;2026-09-21T09:52:00;S01;S05;7;1.04;subscriber;bike;0.77;completed;ok
T000907;2026-09-21T18:15:00;S04;S01;5;0.60;subscriber;bike;0.55;completed;ok
T000908;2026-09-21T18:12:00;S08;S01;8;1.28;subscriber;scooter;1.76;completed;ok
T000909;2026-09-21T20:50:00;S08;S07;8;1.06;subscriber;bike;0.88;completed;ok
T000910;2026-09-21T18:50:00;S07;S08;6;1.22;subscriber;scooter;1.32;completed;ok
T000911;2026-09-21T19:53:00;S03;S08;19;3.64;casual;bike;2.09;completed;ok
T000912;2026-09-21T20:40:00;S02;S07;9;1.49;student;ebike;1.53;completed;ok
T000913;2026-09-21T07:23:00;S03;S02;14;2.16;student;bike;1.54;completed;ok
T000914;2026-09-21T15:15:00;S02;S05;11;1.67;student;bike;1.21;completed;ok
T000915;2026-09-21T15:53:00;S02;S07;9;1.47;student;ebike;1.53;completed;ok
T000916;2026-09-21T09:47:00;S05;S02;8;1.52;student;ebike;1.36;completed;ok
T000917;2026-09-21T15:22:00;S03;S06;12;1.99;subscriber;bike;1.32;completed;ok
T000918;2026-09-21T14:43:00;S02;S03;13;2.49;student;bike;1.43;completed;ok
T000919;2026-09-21T20:25:00;S04;S06;10;2.03;subscriber;scooter;2.20;completed;ok
T000920;2026-09-21T13:17:00;S02;S04;6;0.89;student;ebike;1.02;completed;ok
T000921;2026-09-21T06:09:00;S03;S07;20;3.69;casual;bike;2.20;completed;ok
T000922;2026-09-21T09:01:00;S01;S08;9;1.41;subscriber;scooter;1.98;completed;ok
T000923;2026-09-21T14:18:00;S08;S01;7;1.33;subscriber;scooter;1.54;completed;ok
T000924;2026-09-21T12:06:00;S01;S06;11;1.80;student;scooter;2.42;completed;ok
T000925;2026-09-21T08:15:00;S03;S02;13;2.45;subscriber;scooter;2.86;completed;ok
T000926;2026-09-21T17:46:00;S01;S07;5;0.69;subscriber;bike;0.55;completed;ok
T000927;2026-09-21T22:17:00;S01;S02;7;0.89;subscriber;scooter;1.54;completed;ok
T000928;2026-09-21T09:56:00;S01;S02;7;0.85;student;bike;0.77;completed;ok
T000929;2026-09-21T08:06:00;S06;S05;11;1.88;subscriber;bike;1.21;completed;ok
T000930;2026-09-21T08:20:00;S03;S02;10;2.34;student;scooter;2.20;cancelled;ok
T000931;2026-09-21T19:52:00;S01;S07;5;0.65;subscriber;bike;0.55;completed;ok
T000932;2026-09-21T13:05:00;S07;S05;8;1.39;casual;ebike;1.36;completed;ok
T000933;2026-09-21T11:04:00;S08;S03;22;3.98;student;bike;2.42;completed;ok
T000934;2026-09-21T17:48:00;S03;S04;21;3.57;casual;bike;2.31;completed;ok
T000935;2026-09-21T07:55:00;S07;S02;7;1.39;student;scooter;1.54;completed;ok
T000936;2026-09-21T07:28:00;S06;S02;9;1.17;subscriber;bike;0.99;completed;ok
T000937;2026-09-21T15:25:00;S02;S08;11;1.65;student;bike;1.21;completed;ok
T000938;2026-09-21T07:59:00;S03;S02;13;2.41;student;bike;1.43;completed;ok
T000939;2026-09-21T07:30:00;S06;S04;13;2.00;subscriber;bike;1.43;completed;ok
T000940;2026-09-21T13:03:00;S02;S06;6;1.03;student;ebike;1.02;completed;ok
T000941;2026-09-21T20:22:00;S07;S05;8;1.31;student;bike;0.88;completed;ok
T000942;2026-09-21T13:01:00;S01;S03;17;3.23;subscriber;bike;1.87;completed;ok
T000943;2026-09-21T08:17:00;S06;S02;9;1.00;student;bike;0.99;completed;ok
T000944;2026-09-21T07:39:00;S04;S02;7;0.93;student;scooter;1.54;completed;ok
T000945;2026-09-21T09:38:00;S07;S02;7;1.59;student;scooter;1.54;completed;ok
T000946;2026-09-21T14:44:00;S02;S07;9;1.47;student;bike;0.99;completed;ok
T000947;2026-09-21T08:01:00;S03;S02;14;2.21;student;bike;1.54;completed;ok
T000948;2026-09-21T18:01:00;S04;S05;11;1.81;subscriber;scooter;2.42;completed;ok
T000949;2026-09-21T14:16:00;S04;S08;6;0.69;casual;ebike;1.02;completed;ok
T000950;2026-09-21T09:35:00;S04;S02;4;0.91;student;ebike;0.68;completed;ok
T000951;2026-09-21T09:56:00;S07;S06;13;2.31;subscriber;bike;1.43;completed;ok
T000952;2026-09-21T20:56:00;S03;S04;18;3.19;casual;bike;1.98;completed;ok
T000953;2026-09-21T14:07:00;S02;S06;9;1.13;student;bike;0.99;completed;ok
T000954;2026-09-21T12:41:00;S01;S04;4;0.58;subscriber;bike;0.44;completed;ok
T000955;2026-09-21T13:28:00;S02;S06;7;1.08;student;ebike;1.19;completed;ok
T000956;2026-09-21T13:29:00;S02;S01;5;0.87;student;ebike;0.85;completed;ok
T000957;2026-09-21T08:34:00;S06;S02;5;1.09;student;ebike;0.85;completed;ok
T000958;2026-09-21T09:17:00;S04;S02;8;1.03;student;bike;0.88;completed;ok
T000959;2026-09-21T08:16:00;S06;S02;6;1.17;student;scooter;1.32;completed;ok
T000960;2026-09-21T08:58:00;S03;S02;12;2.18;student;scooter;2.64;completed;ok
T000961;2026-09-21T09:01:00;S04;S02;8;1.03;student;ebike;1.36;completed;ok
T000962;2026-09-21T17:09:00;S02;S05;11;1.55;subscriber;bike;1.21;completed;ok
T000963;2026-09-21T19:35:00;S01;S02;4;0.76;casual;ebike;0.68;completed;ok
T000964;2026-09-21T14:00:00;S02;S07;9;1.41;student;bike;0.99;completed;ok
T000965;2026-09-21T13:39:00;S02;S07;9;1.37;student;ebike;1.53;completed;ok
T000966;2026-09-21T21:22:00;S05;S02;8;1.61;casual;scooter;1.76;completed;ok
T000967;2026-09-21T12:10:00;S06;S04;14;2.24;subscriber;bike;1.54;completed;ok
T000968;2026-09-22T09:54:00;S05;S02;9;1.65;student;ebike;1.53;completed;ok
T000969;2026-09-22T20:48:00;S04;S02;5;0.97;subscriber;ebike;0.85;completed;ok
T000970;2026-09-22T17:04:00;S03;S08;20;3.80;subscriber;bike;2.20;completed;ok
T000971;2026-09-22T17:22:00;S03;S04;14;3.13;subscriber;ebike;2.38;completed;ok
T000972;2026-09-22T07:56:00;S01;S08;8;1.48;casual;scooter;1.76;completed;ok
T000973;2026-09-22T15:06:00;S02;S03;14;2.20;student;bike;1.54;completed;ok
T000974;2026-09-22T18:20:00;S01;S03;18;2.93;subscriber;bike;1.98;completed;ok
T000975;2026-09-22T14:24:00;S02;S07;7;1.47;student;scooter;1.54;completed;ok
T000976;2026-09-22T13:21:00;S02;S04;6;1.06;student;scooter;1.32;completed;ok
T000977;2026-09-22T19:43:00;S02;S01;6;0.88;casual;bike;0.66;completed;ok
T000978;2026-09-22T18:27:00;S02;S05;9;1.71;student;bike;0.99;completed;ok
T000979;2026-09-22T08:00:00;S04;S02;5;0.93;student;scooter;1.10;completed;ok
T000980;2026-09-22T19:11:00;S07;S03;20;4.18;subscriber;scooter;4.40;completed;ok
T000981;2026-09-22T09:07:00;S03;S02;16;2.49;student;bike;1.76;completed;ok
T000982;2026-09-22T19:38:00;S07;S08;6;1.11;subscriber;ebike;1.02;completed;ok
T000983;2026-09-22T14:12:00;S02;S03;12;2.37;student;ebike;2.04;completed;ok
T000984;2026-09-22T09:34:00;S06;S02;8;1.02;student;bike;0.88;completed;ok
T000985;2026-09-22T08:29:00;S07;S08;8;1.17;casual;scooter;1.76;completed;ok
T000986;2026-09-22T07:04:00;S07;S02;11;1.59;subscriber;bike;1.21;completed;ok
T000987;2026-09-22T15:30:00;S02;S06;7;1.11;student;bike;0.77;completed;ok
T000988;2026-09-22T20:18:00;S02;S06;7;1.00;casual;bike;0.77;completed;ok
T000989;2026-09-22T20:57:00;S02;S08;11;1.75;subscriber;scooter;2.42;completed;ok
T000990;2026-09-22T08:24:00;S07;S02;7;1.59;student;ebike;1.19;completed;ok
T000991;2026-09-22T07:08:00;S06;S02;6;1.18;student;scooter;1.32;completed;ok
T000992;2026-09-22T19:12:00;S04;S05;8;1.60;casual;scooter;1.76;completed;ok
T000993;2026-09-22T08:10:00;S05;S06;9;1.80;casual;scooter;1.98;completed;ok
T000994;2026-09-22T13:15:00;S02;S04;6;1.07;student;scooter;1.32;completed;ok
T000995;2026-09-22T08:58:00;S01;S02;6;0.74;student;scooter;1.32;completed;ok
T000996;2026-09-22T09:59:00;S01;S07;4;0.61;subscriber;bike;0.44;completed;ok
T000997;2026-09-22T18:43:00;S07;S06;16;2.49;student;bike;1.76;completed;ok
T000998;2026-09-22T08:51:00;S04;S02;6;0.89;student;ebike;1.02;completed;ok
T000999;2026-09-22T14:33:00;S02;S08;9;1.52;student;ebike;1.53;completed;ok
T001000;2026-09-22T09:44:00;S01;S02;5;0.80;student;ebike;0.85;completed;ok
T001001;2026-09-22T06:33:00;S02;S08;9;1.59;subscriber;bike;0.99;completed;ok
T001002;2026-09-22T20:27:00;S07;S03;18;3.91;subscriber;scooter;3.96;completed;ok
T001003;2026-09-22T13:49:00;S02;S03;11;2.31;student;scooter;2.42;completed;ok
T001004;2026-09-22T09:47:00;S04;S02;6;0.93;student;ebike;1.02;completed;ok
T001005;2026-09-22T08:13:00;S03;S02;11;2.60;student;ebike;1.87;completed;ok
T001006;2026-09-22T15:05:00;S02;S03;9;2.14;student;ebike;1.53;completed;ok
T001007;2026-09-22T20:25:00;S02;S01;6;0.90;subscriber;scooter;1.32;completed;ok
T001008;2026-09-22T20:10:00;S03;S05;19;3.27;subscriber;bike;2.09;completed;ok
T001009;2026-09-22T15:38:00;S02;S06;6;1.02;casual;scooter;1.32;completed;ok
T001010;2026-09-22T20:53:00;S07;S04;5;0.78;student;bike;0.55;completed;ok
T001011;2026-09-22T07:45:00;S03;S02;12;2.49;student;ebike;2.04;completed;ok
T001012;2026-09-22T14:46:00;S02;S04;8;1.07;student;scooter;1.76;completed;ok
T001013;2026-09-22T14:16:00;S07;S04;5;0.73;subscriber;scooter;1.10;completed;ok
T001014;2026-09-22T07:23:00;S06;S02;5;1.02;student;ebike;0.85;completed;ok
T001015;2026-09-22T17:59:00;S01;S08;7;1.25;casual;scooter;1.54;completed;ok
T001016;2026-09-22T14:40:00;S02;S05;9;1.56;student;bike;0.99;completed;ok
T001017;2026-09-22T09:25:00;S06;S02;10;1.19;student;bike;1.10;completed;ok
T001018;2026-09-22T20:46:00;S02;S01;5;0.79;casual;bike;0.55;completed;ok
T001019;2026-09-22T17:47:00;S03;S04;19;3.53;student;bike;2.09;completed;ok
T001020;2026-09-22T19:08:00;S05;S06;12;1.72;student;bike;1.32;completed;ok
T001021;2026-09-22T13:21:00;S03;S05;20;3.61;subscriber;bike;2.20;completed;ok
T001022;2026-09-22T13:48:00;S02;S08;11;1.62;student;bike;1.21;completed;ok
T001023;2026-09-22T14:15:00;S02;S05;9;1.67;student;ebike;1.53;completed;ok
T001024;2026-09-22T08:35:00;S02;S06;7;1.06;subscriber;ebike;1.19;completed;ok
T001025;2026-09-22T12:42:00;S04;S08;5;0.70;casual;ebike;0.85;completed;ok
T001026;2026-09-22T14:56:00;S02;S01;6;0.88;student;bike;0.66;completed;ok
T001027;2026-09-22T20:48:00;S03;S08;18;3.79;subscriber;ebike;3.06;completed;ok
T001028;2026-09-22T07:29:00;S03;S02;10;2.38;student;ebike;1.70;completed;ok
T001029;2026-09-22T19:31:00;S03;S05;22;3.67;subscriber;bike;2.42;completed;ok
T001030;2026-09-22T13:04:00;S02;S01;7;0.88;student;bike;0.77;completed;ok
T001031;2026-09-22T07:22:00;S03;S02;13;2.50;student;ebike;2.21;completed;ok
T001032;2026-09-22T09:46:00;S06;S04;10;2.15;subscriber;scooter;2.20;completed;ok
T001033;2026-09-22T20:59:00;S02;S07;7;1.31;subscriber;ebike;1.19;completed;ok
T001034;2026-09-22T18:18:00;S01;S08;9;1.38;student;bike;0.99;completed;ok
T001035;2026-09-22T14:50:00;S07;S08;7;1.14;casual;scooter;1.54;completed;ok
T001036;2026-09-22T20:10:00;S07;S03;15;3.51;casual;scooter;3.30;completed;ok
T001037;2026-09-22T13:36:00;S07;S01;6;0.66;casual;ebike;1.02;completed;ok
T001038;2026-09-22T17:48:00;S01;S08;5;1.22;student;ebike;0.85;completed;ok
T001039;2026-09-22T19:18:00;S05;S07;7;1.25;casual;ebike;1.19;completed;ok
T001040;2026-09-22T15:12:00;S04;S07;5;0.76;subscriber;scooter;1.10;completed;ok
T001041;2026-09-22T07:00:00;S01;S02;8;0.90;student;bike;0.88;completed;ok
T001042;2026-09-22T20:43:00;S01;S06;9;1.82;subscriber;scooter;1.98;completed;ok
T001043;2026-09-22T14:15:00;S02;S01;6;;student;bike;0.66;completed;missing_distance
T001044;2026-09-22T15:04:00;S02;S07;8;1.39;student;scooter;1.76;completed;ok
T001045;2026-09-22T07:29:00;S07;S02;10;1.38;student;bike;1.10;completed;ok
T001046;2026-09-22T10:08:00;S02;S07;8;1.35;subscriber;bike;0.88;completed;ok
T001047;2026-09-22T14:39:00;S02;S04;5;1.05;student;ebike;0.85;completed;ok
T001048;2026-09-22T15:48:00;S02;S03;15;2.47;student;bike;1.65;completed;ok
T001049;2026-09-22T13:14:00;S02;S06;8;1.15;student;bike;0.88;completed;ok
T001050;2026-09-22T07:45:00;S03;S02;16;2.58;student;bike;1.76;completed;ok
T001051;2026-09-22T20:09:00;S07;S02;9;1.41;subscriber;scooter;1.98;completed;ok
T001052;2026-09-22T20:04:00;S07;S04;5;0.78;student;scooter;1.10;completed;ok
T001053;2026-09-22T19:41:00;S02;S04;6;0.96;subscriber;scooter;1.32;completed;ok
T001054;2026-09-22T08:50:00;S04;S02;6;0.92;student;scooter;1.32;completed;ok
T001055;2026-09-22T15:25:00;S02;S07;11;1.44;student;bike;1.21;completed;ok
T001056;2026-09-22T18:43:00;S01;S03;18;3.21;casual;bike;1.98;completed;ok
T001057;2026-09-22T08:00:00;S04;S02;6;1.01;student;bike;0.66;completed;ok
T001058;2026-09-22T20:06:00;S03;S02;13;2.42;casual;bike;1.43;completed;ok
T001059;2026-09-22T18:21:00;S04;S08;6;0.69;subscriber;bike;0.66;completed;ok
T001060;2026-09-22T18:23:00;S07;S06;11;2.32;subscriber;ebike;1.87;completed;ok
T001061;2026-09-22T08:05:00;S01;S08;6;1.23;subscriber;ebike;1.02;completed;ok
T001062;2026-09-22T09:04:00;S07;S02;10;1.41;student;bike;1.10;completed;ok
T001063;2026-09-22T14:58:00;S02;S03;11;2.21;student;ebike;1.87;completed;ok
T001064;2026-09-22T17:01:00;S05;S04;12;1.76;subscriber;bike;1.32;cancelled;ok
T001065;2026-09-22T19:25:00;S01;S05;9;1.13;subscriber;bike;0.99;completed;ok
T001066;2026-09-22T18:28:00;S04;S06;12;2.26;subscriber;scooter;2.64;completed;ok
T001067;2026-09-22T20:47:00;S02;S05;10;1.49;subscriber;bike;1.10;completed;ok
T001068;2026-09-22T20:41:00;S04;S02;8;0.91;casual;bike;0.88;completed;ok
T001069;2026-09-22T15:31:00;S02;S05;11;1.49;student;bike;1.21;completed;ok
T001070;2026-09-22T18:04:00;S08;S05;12;2.16;student;scooter;2.64;completed;ok
T001071;2026-09-22T15:44:00;S04;S06;9;1.90;casual;scooter;1.98;completed;ok
T001072;2026-09-22T06:29:00;S02;S01;8;0.87;subscriber;bike;0.88;completed;ok
T001073;2026-09-22T18:57:00;S04;S03;16;3.00;subscriber;bike;1.76;completed;ok
T001074;2026-09-22T22:43:00;S04;S06;9;1.94;subscriber;ebike;1.53;completed;ok
T001075;2026-09-22T20:21:00;S01;S06;10;1.64;subscriber;ebike;1.70;completed;ok
T001076;2026-09-22T20:01:00;S07;S02;9;1.52;subscriber;bike;0.99;completed;ok
T001077;2026-09-22T20:46:00;S04;S08;5;0.74;subscriber;bike;0.55;completed;ok
T001078;2026-09-22T21:56:00;S07;S08;9;1.29;subscriber;bike;0.99;completed;ok
T001079;2026-09-22T09:15:00;S03;S02;13;2.30;student;bike;1.43;completed;ok
T001080;2026-09-22T19:04:00;S01;S05;8;1.00;subscriber;bike;0.88;completed;ok
T001081;2026-09-22T07:39:00;S01;S02;6;0.86;student;bike;0.66;completed;ok
T001082;2026-09-22T18:23:00;S08;S06;13;2.68;student;scooter;2.86;completed;ok
T001083;2026-09-22T07:22:00;S01;S02;7;0.82;student;bike;0.77;completed;ok
T001084;2026-09-22T08:09:00;S07;S05;7;1.23;casual;scooter;1.54;completed;ok
T001085;2026-09-22T15:10:00;S02;S03;12;2.47;student;scooter;2.64;completed;ok
T001086;2026-09-22T13:52:00;S02;S06;9;1.11;student;bike;0.99;completed;ok
T001087;2026-09-22T07:51:00;S07;S06;12;2.56;subscriber;ebike;2.04;completed;ok
T001088;2026-09-22T08:34:00;S01;S03;17;3.02;subscriber;bike;1.87;completed;ok
T001089;2026-09-22T08:55:00;S02;S08;7;1.52;subscriber;ebike;1.19;completed;ok
T001090;2026-09-22T15:48:00;S02;S01;5;0.80;student;ebike;0.85;completed;ok
T001091;2026-09-22T08:52:00;S07;S04;8;0.79;subscriber;bike;0.88;cancelled;ok
T001092;2026-09-22T19:30:00;S03;S02;11;2.21;subscriber;scooter;2.42;completed;ok
T001093;2026-09-22T13:48:00;S06;S03;8;1.84;casual;ebike;1.36;completed;ok
T001094;2026-09-22T07:05:00;S01;S03;20;3.40;subscriber;bike;2.20;completed;ok
T001095;2026-09-22T20:00:00;S07;S03;18;3.63;subscriber;bike;1.98;completed;ok
T001096;2026-09-22T13:17:00;S02;S01;5;0.74;student;ebike;0.85;completed;ok
T001097;2026-09-22T19:27:00;S07;S04;7;0.69;subscriber;bike;0.77;completed;ok
T001098;2026-09-22T17:48:00;S05;S08;13;2.55;subscriber;ebike;2.21;completed;ok
T001099;2026-09-22T17:21:00;S01;S04;4;0.63;casual;bike;0.44;completed;ok
T001100;2026-09-22T08:50:00;S05;S02;10;1.60;student;ebike;1.70;completed;ok
T001101;2026-09-22T14:47:00;S02;S07;10;1.59;student;bike;1.10;completed;ok
T001102;2026-09-22T13:51:00;S02;S07;9;1.38;student;ebike;1.53;completed;ok
T001103;2026-09-22T09:38:00;S03;S02;15;2.38;student;bike;1.65;completed;ok
T001104;2026-09-22T20:14:00;S07;S04;6;0.68;subscriber;ebike;1.02;completed;ok
T001105;2026-09-22T17:12:00;S03;S04;15;2.97;subscriber;scooter;3.30;completed;ok
T001106;2026-09-22T07:44:00;S07;S02;8;1.57;student;ebike;1.36;completed;ok
T001107;2026-09-22T14:06:00;S02;S03;10;2.20;student;ebike;1.70;completed;ok
T001108;2026-09-23T11:06:00;S05;S07;10;1.24;subscriber;bike;1.10;completed;ok
T001109;2026-09-23T13:48:00;S02;S06;8;1.18;student;scooter;1.76;completed;ok
T001110;2026-09-23T09:54:00;S07;S02;7;1.53;student;ebike;1.19;completed;ok
T001111;2026-09-23T07:59:00;S06;S02;8;1.13;student;bike;0.88;completed;ok
T001112;2026-09-23T09:39:00;S07;S02;11;1.53;student;bike;1.21;completed;ok
T001113;2026-09-23T13:48:00;S02;S05;8;1.40;student;ebike;1.36;completed;ok
T001114;2026-09-23T14:55:00;S02;S03;13;2.49;student;bike;1.43;completed;ok
T001115;2026-09-23T18:10:00;S03;S04;15;3.11;subscriber;scooter;3.30;completed;ok
T001116;2026-09-23T11:37:00;S08;S06;16;2.87;subscriber;bike;1.76;completed;ok
T001117;2026-09-23T07:25:00;S01;S02;5;0.90;student;ebike;0.85;completed;ok
T001118;2026-09-23T17:27:00;S07;S02;10;1.53;subscriber;bike;1.10;completed;ok
T001119;2026-09-23T19:57:00;S01;S04;5;0.58;casual;ebike;0.85;completed;ok
T001120;2026-09-23T13:57:00;S02;S06;8;1.06;student;ebike;1.36;completed;ok
T001121;2026-09-23T07:25:00;S06;S03;8;1.72;subscriber;ebike;1.36;completed;ok
T001122;2026-09-23T08:30:00;S07;S02;8;1.44;student;scooter;1.76;completed;ok
T001123;2026-09-23T14:37:00;S02;S04;8;1.09;student;bike;0.88;completed;ok
T001124;2026-09-23T14:03:00;S02;S03;12;2.21;student;bike;1.32;completed;ok
T001125;2026-09-23T20:41:00;S07;S06;16;2.47;subscriber;bike;1.76;completed;ok
T001126;2026-09-23T13:52:00;S02;S07;9;1.56;student;scooter;1.98;completed;ok
T001127;2026-09-23T20:20:00;S05;S03;18;3.44;subscriber;bike;1.98;completed;ok
T001128;2026-09-23T14:44:00;S02;S08;7;1.47;student;ebike;1.19;completed;ok
T001129;2026-09-23T07:38:00;S03;S02;12;2.59;student;ebike;2.04;completed;ok
T001130;2026-09-23T13:12:00;S02;S03;13;2.51;student;scooter;2.86;completed;ok
T001131;2026-09-23T18:50:00;S06;S07;15;2.57;subscriber;bike;1.65;completed;ok
T001132;2026-09-23T08:58:00;S06;S03;9;1.86;casual;ebike;1.53;cancelled;ok
T001133;2026-09-23T18:31:00;S01;S05;8;1.10;student;scooter;1.76;completed;ok
T001134;2026-09-23T08:09:00;S05;S02;9;1.48;student;ebike;1.53;completed;ok
T001135;2026-09-23T14:29:00;S02;S04;7;0.97;student;scooter;1.54;completed;ok
T001136;2026-09-23T13:53:00;S02;S03;16;2.45;student;bike;1.76;completed;ok
T001137;2026-09-23T09:37:00;S01;S02;5;0.86;student;scooter;1.10;completed;ok
T001138;2026-09-23T07:27:00;S01;S08;7;1.36;casual;ebike;1.19;completed;ok
T001139;2026-09-23T07:03:00;S04;S05;10;1.71;subscriber;bike;1.10;completed;ok
T001140;2026-09-23T09:52:00;S04;S02;6;1.01;student;bike;0.66;completed;ok
T001141;2026-09-23T09:02:00;S04;S02;7;0.97;student;bike;0.77;completed;ok
T001142;2026-09-23T19:21:00;S04;S06;11;2.22;casual;ebike;1.87;completed;ok
T001143;2026-09-23T17:00:00;S04;S01;5;0.58;subscriber;ebike;0.85;completed;ok
T001144;2026-09-23T17:56:00;S02;S08;10;1.50;casual;bike;1.10;completed;ok
T001145;2026-09-23T19:41:00;S07;S05;9;1.19;casual;bike;0.99;completed;ok
T001146;2026-09-23T09:46:00;S01;S02;7;0.85;student;ebike;1.19;completed;ok
T001147;2026-09-23T20:06:00;S04;S07;6;0.80;subscriber;bike;0.66;completed;ok
T001148;2026-09-23T14:42:00;S02;S01;5;0.90;student;ebike;0.85;completed;ok
T001149;2026-09-23T20:20:00;S07;S06;13;2.35;casual;bike;1.43;completed;ok
T001150;2026-09-23T07:50:00;S08;S02;9;1.62;student;bike;0.99;completed;ok
T001151;2026-09-23T17:41:00;S05;S07;6;1.40;casual;ebike;1.02;completed;ok
T001152;2026-09-23T19:37:00;S01;S06;10;1.58;subscriber;bike;1.10;completed;ok
T001153;2026-09-23T14:30:00;S04;S01;5;0.56;subscriber;bike;0.55;cancelled;ok
T001154;2026-09-23T09:31:00;S03;S02;12;2.20;student;bike;1.32;completed;ok
T001155;2026-09-23T07:01:00;S08;S02;9;1.54;student;ebike;1.53;completed;ok
T001156;2026-09-23T14:03:00;S02;S06;8;1.09;student;bike;0.88;completed;ok
T001157;2026-09-23T15:50:00;S02;S04;8;1.04;student;bike;0.88;completed;ok
T001158;2026-09-23T17:59:00;S04;S05;8;1.57;subscriber;ebike;1.36;completed;ok
T001159;2026-09-23T14:46:00;S02;S03;14;2.21;student;bike;1.54;completed;ok
T001160;2026-09-23T22:49:00;S01;S04;5;0.59;casual;bike;0.55;completed;ok
T001161;2026-09-23T15:16:00;S02;S04;5;1.04;student;ebike;0.85;cancelled;ok
T001162;2026-09-23T13:09:00;S02;S05;6;1.49;student;ebike;1.02;completed;ok
T001163;2026-09-23T20:41:00;S03;S04;14;3.44;subscriber;ebike;2.38;completed;ok
T001164;2026-09-23T15:28:00;S02;S06;5;1.09;student;scooter;1.10;completed;ok
T001165;2026-09-23T20:25:00;S05;S07;6;1.16;student;scooter;1.32;completed;ok
T001166;2026-09-23T17:06:00;S03;S05;15;3.51;subscriber;scooter;3.30;completed;ok
T001167;2026-09-23T15:24:00;S02;S04;8;0.97;student;bike;0.88;completed;ok
T001168;2026-09-23T13:05:00;S03;S05;16;3.59;casual;scooter;3.52;completed;ok
T001169;2026-09-23T14:16:00;S02;S08;8;1.55;student;bike;0.88;cancelled;ok
T001170;2026-09-23T13:28:00;S02;S08;9;1.80;student;ebike;1.53;completed;ok
T001171;2026-09-23T07:39:00;S07;S02;10;1.37;student;bike;1.10;completed;ok
T001172;2026-09-23T13:44:00;S02;S06;7;0.99;student;ebike;1.19;completed;ok
T001173;2026-09-23T14:14:00;S03;S08;16;3.53;subscriber;ebike;2.72;completed;ok
T001174;2026-09-23T13:58:00;S02;S05;8;1.59;student;ebike;1.36;completed;ok
T001175;2026-09-23T20:08:00;S04;S01;3;0.62;subscriber;scooter;0.66;completed;ok
T001176;2026-09-23T08:17:00;S07;S02;11;1.50;student;bike;1.21;completed;ok
T001177;2026-09-23T17:16:00;S07;S06;11;2.33;subscriber;ebike;1.87;completed;ok
T001178;2026-09-23T08:23:00;S04;S02;8;1.09;student;bike;0.88;completed;ok
T001179;2026-09-23T19:47:00;S03;S07;23;4.04;casual;bike;2.53;completed;ok
T001180;2026-09-23T09:37:00;S04;S02;8;0.98;student;bike;0.88;completed;ok
T001181;2026-09-23T13:37:00;S02;S08;10;1.74;student;ebike;1.70;completed;ok
T001182;2026-09-23T13:07:00;S02;S06;9;1.14;student;bike;0.99;completed;ok
T001183;2026-09-23T14:57:00;S08;S03;20;3.88;casual;bike;2.20;completed;ok
T001184;2026-09-23T20:11:00;S04;S07;5;0.79;casual;bike;0.55;completed;ok
T001185;2026-09-23T20:18:00;S02;S06;9;1.19;subscriber;bike;0.99;completed;ok
T001186;2026-09-23T14:57:00;S02;S05;7;1.65;student;ebike;1.19;completed;ok
T001187;2026-09-23T15:56:00;S02;S04;5;0.93;student;ebike;0.85;completed;ok
T001188;2026-09-23T15:05:00;S02;S01;5;0.77;student;scooter;1.10;completed;ok
T001189;2026-09-23T15:26:00;S02;S03;11;2.36;student;ebike;1.87;completed;ok
T001190;2026-09-23T13:10:00;S02;S04;5;1.01;student;ebike;0.85;completed;ok
T001191;2026-09-23T19:36:00;S02;S06;8;1.07;casual;scooter;1.76;completed;ok
T001192;2026-09-23T14:26:00;S02;S07;9;;student;bike;0.99;completed;missing_distance
T001193;2026-09-23T07:16:00;S01;S02;4;0.75;student;scooter;0.88;completed;ok
T001194;2026-09-23T17:24:00;S01;S07;5;0.65;student;ebike;0.85;completed;ok
T001195;2026-09-23T19:17:00;S06;S01;10;1.77;subscriber;bike;1.10;completed;ok
T001196;2026-09-23T22:11:00;S08;S05;11;2.29;student;scooter;2.42;completed;ok
T001197;2026-09-23T18:35:00;S06;S03;11;1.84;subscriber;bike;1.21;completed;ok
T001198;2026-09-23T07:49:00;S04;S02;6;0.96;subscriber;scooter;1.32;completed;ok
T001199;2026-09-23T07:32:00;S04;S02;5;1.04;student;ebike;0.85;completed;ok
T001200;2026-09-23T19:29:00;S03;S05;17;3.74;casual;scooter;3.74;completed;ok
T001201;2026-09-23T08:46:00;S06;S02;7;1.03;student;bike;0.77;completed;ok
T001202;2026-09-23T18:13:00;S02;S03;10;2.38;subscriber;ebike;1.70;completed;ok
T001203;2026-09-23T14:07:00;S02;S05;10;1.59;student;scooter;2.20;completed;ok
T001204;2026-09-23T18:43:00;S04;S05;12;1.78;student;bike;1.32;completed;ok
T001205;2026-09-23T21:01:00;S04;S08;7;0.78;subscriber;bike;0.77;completed;ok
T001206;2026-09-23T08:58:00;S06;S04;12;2.24;casual;bike;1.32;completed;ok
T001207;2026-09-23T20:22:00;S05;S02;11;1.61;subscriber;bike;1.21;completed;ok
T001208;2026-09-23T13:06:00;S02;S03;15;2.48;student;bike;1.65;completed;ok
T001209;2026-09-23T12:26:00;S06;S04;10;2.06;subscriber;ebike;1.70;completed;ok
T001210;2026-09-23T20:49:00;S03;S02;15;2.35;subscriber;bike;1.65;completed;ok
T001211;2026-09-23T17:44:00;S05;S08;15;2.40;student;bike;1.65;completed;ok
T001212;2026-09-23T22:09:00;S07;S02;10;1.57;casual;bike;1.10;completed;ok
T001213;2026-09-23T08:30:00;S02;S03;13;2.54;subscriber;ebike;2.21;completed;ok
T001214;2026-09-23T11:05:00;S03;S02;10;2.38;subscriber;ebike;1.70;completed;ok
T001215;2026-09-23T13:03:00;S02;S06;6;1.08;student;ebike;1.02;completed;ok
T001216;2026-09-23T18:20:00;S06;S05;8;1.69;subscriber;scooter;1.76;completed;ok
T001217;2026-09-23T20:55:00;S06;S07;10;2.19;student;scooter;2.20;completed;ok
T001218;2026-09-23T19:17:00;S06;S03;10;1.81;subscriber;ebike;1.70;completed;ok
T001219;2026-09-23T15:24:00;S02;S03;13;2.49;student;bike;1.43;completed;ok
T001220;2026-09-23T21:37:00;S04;S03;16;3.48;subscriber;ebike;2.72;completed;ok
T001221;2026-09-23T19:49:00;S04;S05;10;1.67;subscriber;scooter;2.20;completed;ok
T001222;2026-09-23T15:24:00;S02;S08;8;1.50;student;bike;0.88;completed;ok
T001223;2026-09-23T15:17:00;S02;S04;7;0.95;student;bike;0.77;completed;ok
T001224;2026-09-23T14:35:00;S02;S03;11;2.27;student;ebike;1.87;completed;ok
T001225;2026-09-23T08:53:00;S01;S02;8;0.88;student;bike;0.88;completed;ok
T001226;2026-09-23T06:10:00;S02;S04;6;1.05;subscriber;ebike;1.02;completed;ok
T001227;2026-09-23T19:38:00;S03;S04;14;3.19;subscriber;ebike;2.38;completed;ok
T001228;2026-09-23T20:35:00;S01;S04;6;0.60;casual;bike;0.66;completed;ok
T001229;2026-09-23T15:36:00;S02;S06;6;0.99;student;scooter;1.32;completed;ok
T001230;2026-09-23T14:01:00;S02;S03;14;2.37;student;bike;1.54;completed;ok
T001231;2026-09-23T17:35:00;S04;S06;10;1.93;casual;scooter;2.20;completed;ok
T001232;2026-09-23T08:23:00;S01;S02;6;0.74;student;ebike;1.02;completed;ok
T001233;2026-09-23T14:35:00;S02;S03;15;2.35;student;bike;1.65;completed;ok
T001234;2026-09-23T08:46:00;S01;S02;7;0.89;student;bike;0.77;completed;ok
T001235;2026-09-23T07:36:00;S03;S02;13;2.59;student;scooter;2.86;completed;ok
T001236;2026-09-23T17:54:00;S01;S06;11;1.82;subscriber;bike;1.21;completed;ok
T001237;2026-09-23T13:28:00;S02;S06;8;1.12;student;bike;0.88;cancelled;ok
T001238;2026-09-23T07:45:00;S06;S02;7;1.03;student;ebike;1.19;completed;ok
T001239;2026-09-23T09:29:00;S06;S02;7;1.11;student;bike;0.77;completed;ok
T001240;2026-09-23T07:51:00;S01;S02;6;0.88;student;scooter;1.32;completed;ok
T001241;2026-09-23T14:47:00;S02;S01;6;0.84;student;ebike;1.02;completed;ok
T001242;2026-09-23T19:01:00;S04;S07;5;0.81;subscriber;ebike;0.85;completed;ok
T001243;2026-09-23T18:11:00;S03;S05;15;3.45;subscriber;scooter;3.30;completed;ok
T001244;2026-09-23T06:19:00;S06;S04;10;1.97;subscriber;ebike;1.70;completed;ok
T001245;2026-09-23T20:11:00;S03;S02;11;2.36;subscriber;ebike;1.87;completed;ok
T001246;2026-09-23T09:10:00;S08;S05;14;2.39;casual;bike;1.54;completed;ok
T001247;2026-09-23T13:16:00;S02;S07;8;1.38;student;scooter;1.76;completed;ok
T001248;2026-09-23T13:06:00;S07;S08;8;1.07;subscriber;bike;0.88;cancelled;ok
T001249;2026-09-23T10:53:00;S08;S07;6;1.12;subscriber;scooter;1.32;completed;ok
T001250;2026-09-23T19:52:00;S07;S01;5;0.64;subscriber;ebike;0.85;completed;ok
T001251;2026-09-23T13:16:00;S06;S05;13;2.02;subscriber;bike;1.43;completed;ok
T001252;2026-09-23T20:08:00;S07;S04;7;0.75;student;bike;0.77;completed;ok
T001253;2026-09-23T08:56:00;S03;S02;15;2.54;student;bike;1.65;completed;ok
T001254;2026-09-23T15:01:00;S02;S03;13;2.20;student;bike;1.43;completed;ok
T001255;2026-09-23T15:53:00;S02;S05;10;1.67;student;bike;1.10;completed;ok
T001256;2026-09-23T18:42:00;S01;S05;9;1.05;casual;bike;0.99;completed;ok
T001257;2026-09-23T07:29:00;S01;S02;7;0.76;student;ebike;1.19;completed;ok
T001258;2026-09-23T20:11:00;S08;S01;8;1.21;student;ebike;1.36;completed;ok
T001259;2026-09-23T19:23:00;S07;S05;8;1.29;student;bike;0.88;completed;ok
T001260;2026-09-23T14:20:00;S02;S01;5;0.74;student;bike;0.55;completed;ok
T001261;2026-09-23T14:23:00;S02;S04;4;0.94;subscriber;ebike;0.68;completed;ok
T001262;2026-09-23T08:26:00;S06;S03;8;1.92;casual;ebike;1.36;completed;ok
T001263;2026-09-23T19:27:00;S02;S03;11;2.44;student;ebike;1.87;completed;ok
T001264;2026-09-23T17:01:00;S07;S02;8;1.35;student;bike;0.88;completed;ok
T001265;2026-09-23T14:30:00;S02;S06;6;1.15;student;ebike;1.02;completed;ok
T001266;2026-09-23T18:59:00;S07;S01;5;0.72;subscriber;ebike;0.85;completed;ok
T001267;2026-09-24T17:42:00;S03;S07;16;3.57;subscriber;ebike;2.72;completed;ok
T001268;2026-09-24T16:43:00;S03;S07;22;3.82;casual;bike;2.42;completed;ok
T001269;2026-09-24T07:04:00;S02;S07;10;1.52;subscriber;bike;1.10;completed;ok
T001270;2026-09-24T07:11:00;S06;S02;7;1.08;student;ebike;1.19;completed;ok
T001271;2026-09-24T19:57:00;S04;S03;17;3.22;subscriber;bike;1.87;completed;ok
T001272;2026-09-24T18:43:00;S01;S05;8;0.99;student;bike;0.88;completed;ok
T001273;2026-09-24T22:17:00;S04;S01;5;0.60;subscriber;bike;0.55;completed;ok
T001274;2026-09-24T13:38:00;S05;S04;10;1.66;subscriber;bike;1.10;completed;ok
T001275;2026-09-24T15:55:00;S02;S07;9;1.57;student;bike;0.99;completed;ok
T001276;2026-09-24T15:25:00;S02;S01;7;0.77;student;bike;0.77;completed;ok
T001277;2026-09-24T19:45:00;S06;S01;10;1.74;student;scooter;2.20;completed;ok
T001278;2026-09-24T13:03:00;S02;S06;7;1.02;student;bike;0.77;completed;ok
T001279;2026-09-24T08:41:00;S06;S02;9;1.05;student;bike;0.99;completed;ok
T001280;2026-09-24T08:57:00;S03;S02;16;2.59;student;bike;1.76;completed;ok
T001281;2026-09-24T09:48:00;S01;S02;5;0.85;student;bike;0.55;completed;ok
T001282;2026-09-24T13:30:00;S02;S06;6;1.03;student;bike;0.66;completed;ok
T001283;2026-09-24T13:28:00;S02;S04;9;1.04;student;bike;0.99;completed;ok
T001284;2026-09-24T15:26:00;S02;S04;7;0.99;student;ebike;1.19;completed;ok
T001285;2026-09-24T07:16:00;S08;S02;7;1.55;subscriber;ebike;1.19;completed;ok
T001286;2026-09-24T14:28:00;S02;S03;13;2.44;student;ebike;2.21;completed;ok
T001287;2026-09-24T15:38:00;S02;S04;8;1.05;student;scooter;1.76;cancelled;ok
T001288;2026-09-24T17:39:00;S04;S02;6;1.03;subscriber;ebike;1.02;completed;ok
T001289;2026-09-24T13:54:00;S02;S03;14;2.34;student;bike;1.54;completed;ok
T001290;2026-09-24T08:09:00;S04;S06;9;2.05;subscriber;ebike;1.53;completed;ok
T001291;2026-09-24T15:58:00;S07;S06;15;2.61;subscriber;bike;1.65;completed;ok
T001292;2026-09-24T08:56:00;S05;S02;7;1.52;student;ebike;1.19;completed;ok
T001293;2026-09-24T15:18:00;S02;S07;9;1.41;student;bike;0.99;completed;ok
T001294;2026-09-24T07:34:00;S02;S04;8;1.03;subscriber;ebike;1.36;completed;ok
T001295;2026-09-24T14:03:00;S02;S04;6;1.04;student;bike;0.66;completed;ok
T001296;2026-09-24T18:06:00;S02;S08;11;1.78;subscriber;scooter;2.42;completed;ok
T001297;2026-09-24T09:46:00;S05;S02;10;1.47;student;bike;1.10;completed;ok
T001298;2026-09-24T08:27:00;S03;S02;13;2.59;student;ebike;2.21;completed;ok
T001299;2026-09-24T14:20:00;S06;S03;8;1.77;casual;ebike;1.36;completed;ok
T001300;2026-09-24T18:18:00;S03;S01;14;3.24;subscriber;ebike;2.38;completed;ok
T001301;2026-09-24T07:09:00;S03;S05;17;3.70;subscriber;scooter;3.74;completed;ok
T001302;2026-09-24T19:36:00;S02;S07;7;1.59;casual;ebike;1.19;completed;ok
T001303;2026-09-24T19:41:00;S06;S05;8;1.94;subscriber;ebike;1.36;completed;ok
T001304;2026-09-24T14:25:00;S02;S05;10;1.50;student;scooter;2.20;completed;ok
T001305;2026-09-24T08:43:00;S06;S05;12;1.78;subscriber;bike;1.32;completed;ok
T001306;2026-09-24T09:37:00;S06;S02;7;1.04;student;ebike;1.19;completed;ok
T001307;2026-09-24T09:14:00;S07;S02;9;1.33;student;ebike;1.53;completed;ok
T001308;2026-09-24T13:04:00;S03;S05;20;3.80;subscriber;bike;2.20;completed;ok
T001309;2026-09-24T06:46:00;S04;S02;7;0.91;subscriber;scooter;1.54;completed;ok
T001310;2026-09-24T19:40:00;S01;S05;7;1.16;subscriber;scooter;1.54;completed;ok
T001311;2026-09-24T09:24:00;S05;S02;7;1.59;student;ebike;1.19;cancelled;ok
T001312;2026-09-24T18:20:00;S03;S05;20;3.87;casual;bike;2.20;completed;ok
T001313;2026-09-24T20:38:00;S08;S01;7;1.20;subscriber;ebike;1.19;completed;ok
T001314;2026-09-24T14:54:00;S02;S08;9;1.65;student;ebike;1.53;completed;ok
T001315;2026-09-24T20:10:00;S07;S03;16;3.80;subscriber;ebike;2.72;completed;ok
T001316;2026-09-24T15:33:00;S02;S08;7;1.61;student;ebike;1.19;completed;ok
T001317;2026-09-24T14:41:00;S02;S07;9;1.42;student;bike;0.99;completed;ok
T001318;2026-09-24T13:11:00;S02;S04;7;0.95;student;bike;0.77;completed;ok
T001319;2026-09-24T07:29:00;S05;S01;7;1.02;subscriber;bike;0.77;completed;ok
T001320;2026-09-24T09:03:00;S07;S02;9;1.48;student;bike;0.99;completed;ok
T001321;2026-09-24T19:05:00;S05;S01;6;1.01;subscriber;scooter;1.32;completed;ok
T001322;2026-09-24T19:48:00;S01;S07;7;0.73;student;bike;0.77;completed;ok
T001323;2026-09-24T07:11:00;S04;S02;8;0.90;student;bike;0.88;completed;ok
T001324;2026-09-24T14:14:00;S02;S07;9;1.52;student;scooter;1.98;completed;ok
T001325;2026-09-24T13:30:00;S07;S01;5;0.66;casual;scooter;1.10;completed;ok
T001326;2026-09-24T09:26:00;S07;S02;8;1.38;subscriber;ebike;1.36;completed;ok
T001327;2026-09-24T18:56:00;S03;S05;20;3.68;student;bike;2.20;completed;ok
T001328;2026-09-24T17:09:00;S03;S05;21;3.99;student;bike;2.31;completed;ok
T001329;2026-09-24T20:22:00;S07;S06;15;2.40;subscriber;bike;1.65;completed;ok
T001330;2026-09-24T20:17:00;S07;S04;5;0.78;subscriber;bike;0.55;completed;ok
T001331;2026-09-24T17:49:00;S07;S08;6;1.11;subscriber;ebike;1.02;cancelled;ok
T001332;2026-09-24T17:10:00;S01;S06;7;1.54;subscriber;ebike;1.19;completed;ok
T001333;2026-09-24T09:15:00;S07;S02;10;1.43;student;bike;1.10;completed;ok
T001334;2026-09-24T13:52:00;S02;S06;7;1.13;student;bike;0.77;completed;ok
T001335;2026-09-24T07:28:00;S01;S07;6;0.66;subscriber;ebike;1.02;completed;ok
T001336;2026-09-24T08:23:00;S05;S03;20;3.66;subscriber;bike;2.20;completed;ok
T001337;2026-09-24T19:11:00;S04;S01;6;0.61;subscriber;ebike;1.02;completed;ok
T001338;2026-09-24T18:08:00;S01;S04;6;0.62;subscriber;ebike;1.02;completed;ok
T001339;2026-09-24T19:17:00;S04;S01;6;0.60;subscriber;bike;0.66;completed;ok
T001340;2026-09-24T07:55:00;S05;S02;8;1.47;student;bike;0.88;completed;ok
T001341;2026-09-24T15:09:00;S02;S01;5;;student;bike;0.55;completed;missing_distance
T001342;2026-09-24T15:17:00;S02;S01;5;0.89;subscriber;bike;0.55;completed;ok
T001343;2026-09-24T15:04:00;S02;S05;8;1.50;student;scooter;1.76;completed;ok
T001344;2026-09-24T07:22:00;S03;S07;17;3.63;subscriber;ebike;2.89;completed;ok
T001345;2026-09-24T08:45:00;S06;S02;7;0.99;student;bike;0.77;cancelled;ok
T001346;2026-09-24T19:01:00;S06;S01;10;1.75;subscriber;scooter;2.20;cancelled;ok
T001347;2026-09-24T20:36:00;S04;S01;4;0.64;subscriber;ebike;0.68;cancelled;ok
T001348;2026-09-24T07:11:00;S08;S05;13;2.35;subscriber;scooter;2.86;completed;ok
T001349;2026-09-24T18:11:00;S02;S07;10;1.41;casual;bike;1.10;completed;ok
T001350;2026-09-24T15:35:00;S01;S08;7;1.42;subscriber;ebike;1.19;completed;ok
T001351;2026-09-24T19:40:00;S05;S08;14;2.31;student;bike;1.54;completed;ok
T001352;2026-09-24T09:36:00;S01;S02;7;0.80;student;ebike;1.19;completed;ok
T001353;2026-09-24T22:43:00;S07;S06;16;2.55;casual;bike;1.76;completed;ok
T001354;2026-09-24T12:39:00;S08;S05;10;2.10;subscriber;ebike;1.70;completed;ok
T001355;2026-09-24T13:35:00;S02;S07;9;1.58;student;ebike;1.53;completed;ok
T001356;2026-09-24T13:23:00;S02;S07;8;1.35;student;scooter;1.76;completed;ok
T001357;2026-09-24T19:05:00;S03;S06;8;1.75;subscriber;scooter;1.76;completed;ok
T001358;2026-09-24T15:19:00;S02;S04;6;0.89;student;bike;0.66;completed;ok
T001359;2026-09-24T07:45:00;S07;S02;9;1.35;student;scooter;1.98;completed;ok
T001360;2026-09-24T19:47:00;S08;S03;17;4.02;student;ebike;2.89;completed;ok
T001361;2026-09-24T17:10:00;S06;S04;12;2.09;casual;scooter;2.64;completed;ok
T001362;2026-09-24T18:55:00;S01;S06;8;1.60;student;ebike;1.36;completed;ok
T001363;2026-09-24T18:18:00;S07;S02;10;1.37;casual;bike;1.10;completed;ok
T001364;2026-09-24T17:54:00;S01;S03;17;3.07;subscriber;bike;1.87;completed;ok
T001365;2026-09-24T09:10:00;S01;S02;4;0.73;student;scooter;0.88;completed;ok
T001366;2026-09-24T07:57:00;S03;S02;11;2.27;student;ebike;1.87;completed;ok
T001367;2026-09-24T09:09:00;S06;S02;6;1.07;student;ebike;1.02;completed;ok
T001368;2026-09-24T13:31:00;S02;S05;10;1.45;student;bike;1.10;completed;ok
T001369;2026-09-24T20:53:00;S01;S05;7;1.03;student;bike;0.77;completed;ok
T001370;2026-09-24T20:36:00;S02;S04;8;0.95;subscriber;bike;0.88;completed;ok
T001371;2026-09-24T13:09:00;S02;S07;9;1.35;student;scooter;1.98;completed;ok
T001372;2026-09-24T15:33:00;S05;S01;8;1.11;subscriber;bike;0.88;completed;ok
T001373;2026-09-24T08:10:00;S03;S02;13;2.61;student;ebike;2.21;cancelled;ok
T001374;2026-09-24T13:58:00;S02;S03;13;2.23;student;bike;1.43;completed;ok
T001375;2026-09-24T15:52:00;S02;S08;10;1.57;student;bike;1.10;completed;ok
T001376;2026-09-24T08:24:00;S07;S02;9;1.57;student;bike;0.99;completed;ok
T001377;2026-09-24T14:04:00;S02;S03;13;2.30;student;bike;1.43;completed;ok
T001378;2026-09-24T19:07:00;S01;S06;9;1.78;subscriber;ebike;1.53;completed;ok
T001379;2026-09-24T19:18:00;S07;S05;7;1.36;casual;ebike;1.19;completed;ok
T001380;2026-09-24T19:18:00;S07;S03;22;4.09;student;bike;2.42;completed;ok
T001381;2026-09-24T17:02:00;S06;S02;8;1.13;subscriber;bike;0.88;completed;ok
T001382;2026-09-24T13:04:00;S02;S06;7;0.98;student;scooter;1.54;completed;ok
T001383;2026-09-24T14:33:00;S04;S06;10;2.10;subscriber;ebike;1.70;completed;ok
T001384;2026-09-24T20:40:00;S01;S05;5;1.13;subscriber;ebike;0.85;completed;ok
T001385;2026-09-24T13:34:00;S02;S06;6;1.17;student;ebike;1.02;completed;ok
T001386;2026-09-24T19:41:00;S06;S07;11;2.47;student;scooter;2.42;completed;ok
T001387;2026-09-24T17:35:00;S07;S08;8;1.30;subscriber;scooter;1.76;completed;ok
T001388;2026-09-24T12:21:00;S02;S07;10;1.58;student;bike;1.10;completed;ok
T001389;2026-09-24T14:58:00;S02;S04;6;1.02;student;bike;0.66;completed;ok
T001390;2026-09-24T14:01:00;S08;S01;7;1.28;casual;ebike;1.19;completed;ok
T001391;2026-09-24T18:05:00;S08;S04;5;0.78;subscriber;ebike;0.85;completed;ok
T001392;2026-09-24T09:55:00;S05;S02;11;1.71;student;bike;1.21;completed;ok
T001393;2026-09-24T14:34:00;S02;S05;12;1.70;student;bike;1.32;completed;ok
T001394;2026-09-24T17:16:00;S07;S04;5;0.79;casual;bike;0.55;completed;ok
T001395;2026-09-24T08:29:00;S01;S02;5;0.84;student;ebike;0.85;completed;ok
T001396;2026-09-24T08:00:00;S04;S06;9;2.09;subscriber;ebike;1.53;completed;ok
T001397;2026-09-24T14:46:00;S02;S04;8;0.97;student;bike;0.88;completed;ok
T001398;2026-09-24T19:23:00;S03;S02;11;2.29;subscriber;ebike;1.87;completed;ok
T001399;2026-09-24T08:21:00;S07;S04;5;0.67;subscriber;bike;0.55;completed;ok
T001400;2026-09-24T09:24:00;S06;S02;8;1.16;student;scooter;1.76;completed;ok
T001401;2026-09-24T15:46:00;S02;S08;9;1.50;student;ebike;1.53;completed;ok
T001402;2026-09-24T15:43:00;S02;S05;9;1.72;student;ebike;1.53;completed;ok
T001403;2026-09-24T12:39:00;S08;S04;5;0.71;subscriber;ebike;0.85;completed;ok
T001404;2026-09-24T18:05:00;S04;S08;4;0.78;subscriber;ebike;0.68;completed;ok
T001405;2026-09-24T09:07:00;S05;S04;9;1.59;casual;bike;0.99;completed;ok
T001406;2026-09-24T17:58:00;S07;S02;9;1.60;casual;ebike;1.53;completed;ok
T001407;2026-09-24T07:12:00;S07;S02;9;1.34;student;bike;0.99;completed;ok
T001408;2026-09-24T20:54:00;S01;S03;14;3.27;subscriber;ebike;2.38;completed;ok
T001409;2026-09-24T09:01:00;S03;S02;14;2.29;student;bike;1.54;completed;ok
T001410;2026-09-24T08:14:00;S05;S02;7;1.55;student;scooter;1.54;completed;ok
T001411;2026-09-24T21:55:00;S08;S06;18;2.92;subscriber;bike;1.98;completed;ok
T001412;2026-09-24T13:20:00;S02;S01;6;0.77;subscriber;bike;0.66;completed;ok
T001413;2026-09-24T07:13:00;S01;S02;5;0.78;student;bike;0.55;completed;ok
T001414;2026-09-24T13:23:00;S02;S06;7;1.13;student;bike;0.77;completed;ok
T001415;2026-09-24T20:22:00;S06;S04;12;2.07;subscriber;bike;1.32;completed;ok
T001416;2026-09-24T08:38:00;S02;S07;10;1.53;casual;bike;1.10;completed;ok
T001417;2026-09-24T17:17:00;S03;S05;18;3.28;subscriber;bike;1.98;completed;ok
T001418;2026-09-24T13:59:00;S06;S01;10;1.57;subscriber;bike;1.10;completed;ok
T001419;2026-09-24T17:22:00;S05;S02;11;1.42;subscriber;bike;1.21;completed;ok
T001420;2026-09-24T20:43:00;S08;S04;5;0.78;subscriber;bike;0.55;completed;ok
T001421;2026-09-25T19:35:00;S02;S03;12;2.61;casual;scooter;2.64;completed;ok
T001422;2026-09-25T13:02:00;S02;S03;11;2.31;student;scooter;2.42;completed;ok
T001423;2026-09-25T20:41:00;S02;S05;10;1.57;subscriber;bike;1.10;completed;ok
T001424;2026-09-25T19:06:00;S03;S05;16;3.35;casual;scooter;3.52;completed;ok
T001425;2026-09-25T09:45:00;S03;S02;15;2.42;student;bike;1.65;completed;ok
T001426;2026-09-25T16:42:00;S07;S05;9;1.40;student;scooter;1.98;completed;ok
T001427;2026-09-25T08:29:00;S03;S02;13;2.33;student;scooter;2.86;completed;ok
T001428;2026-09-25T17:25:00;S05;S07;7;1.32;subscriber;ebike;1.19;completed;ok
T001429;2026-09-25T09:15:00;S07;S02;7;1.47;student;ebike;1.19;completed;ok
T001430;2026-09-25T07:34:00;S02;S04;5;0.96;subscriber;scooter;1.10;completed;ok
T001431;2026-09-25T11:06:00;S08;S02;10;1.74;subscriber;ebike;1.70;cancelled;ok
T001432;2026-09-25T19:38:00;S06;S01;10;1.62;casual;bike;1.10;completed;ok
T001433;2026-09-25T09:50:00;S03;S02;11;2.37;student;scooter;2.42;completed;ok
T001434;2026-09-25T19:21:00;S05;S08;14;2.25;student;bike;1.54;completed;ok
T001435;2026-09-25T20:38:00;S02;S08;10;1.57;subscriber;scooter;2.20;completed;ok
T001436;2026-09-25T15:11:00;S02;S01;5;0.81;student;bike;0.55;completed;ok
T001437;2026-09-25T07:15:00;S05;S02;8;1.47;student;ebike;1.36;completed;ok
T001438;2026-09-25T19:30:00;S07;S06;15;2.33;casual;bike;1.65;completed;ok
T001439;2026-09-25T18:18:00;S02;S05;11;1.62;subscriber;bike;1.21;completed;ok
T001440;2026-09-25T07:14:00;S06;S08;16;2.94;casual;bike;1.76;completed;ok
T001441;2026-09-25T08:45:00;S06;S03;11;1.96;subscriber;bike;1.21;cancelled;ok
T001442;2026-09-25T07:34:00;S01;S02;4;0.88;student;ebike;0.68;completed;ok
T001443;2026-09-25T13:49:00;S02;S01;6;0.84;student;bike;0.66;completed;ok
T001444;2026-09-25T09:59:00;S07;S05;10;1.23;subscriber;bike;1.10;completed;ok
T001445;2026-09-25T17:07:00;S03;S06;11;1.83;student;scooter;2.42;completed;ok
T001446;2026-09-25T09:41:00;S07;S02;8;1.49;student;ebike;1.36;completed;ok
T001447;2026-09-25T10:39:00;S03;S02;11;2.41;subscriber;ebike;1.87;completed;ok
T001448;2026-09-25T17:42:00;S02;S03;11;2.26;student;ebike;1.87;completed;ok
T001449;2026-09-25T18:39:00;S02;S08;8;1.57;subscriber;ebike;1.36;completed;ok
T001450;2026-09-25T20:51:00;S06;S05;9;1.78;subscriber;scooter;1.98;completed;ok
T001451;2026-09-25T18:33:00;S03;S04;18;3.48;subscriber;bike;1.98;completed;ok
T001452;2026-09-25T15:39:00;S07;S05;7;1.34;casual;ebike;1.19;completed;ok
T001453;2026-09-25T18:56:00;S05;S07;8;1.19;student;bike;0.88;completed;ok
T001454;2026-09-25T15:48:00;S02;S06;9;1.06;student;bike;0.99;completed;ok
T001455;2026-09-25T14:25:00;S02;S03;12;2.14;student;bike;1.32;completed;ok
T001456;2026-09-25T13:17:00;S02;S07;7;1.51;student;scooter;1.54;completed;ok
T001457;2026-09-25T19:58:00;S02;S08;11;1.73;subscriber;scooter;2.42;completed;ok
T001458;2026-09-25T09:31:00;S06;S02;6;1.01;student;ebike;1.02;completed;ok
T001459;2026-09-25T17:44:00;S04;S01;4;0.68;subscriber;ebike;0.68;completed;ok
T001460;2026-09-25T07:56:00;S07;S02;10;1.59;student;bike;1.10;completed;ok
T001461;2026-09-25T15:43:00;S02;S07;8;1.59;student;scooter;1.76;completed;ok
T001462;2026-09-25T20:13:00;S01;S08;9;1.30;subscriber;bike;0.99;completed;ok
T001463;2026-09-25T13:05:00;S05;S01;5;1.05;subscriber;ebike;0.85;cancelled;ok
T001464;2026-09-25T06:26:00;S02;S07;8;1.58;casual;ebike;1.36;completed;ok
T001465;2026-09-25T19:52:00;S03;S07;18;3.85;student;ebike;3.06;completed;ok
T001466;2026-09-25T20:02:00;S07;S05;9;1.39;subscriber;bike;0.99;completed;ok
T001467;2026-09-25T18:24:00;S07;S04;4;0.76;student;scooter;0.88;completed;ok
T001468;2026-09-25T15:47:00;S02;S01;7;0.87;student;bike;0.77;completed;ok
T001469;2026-09-25T08:38:00;S05;S04;8;1.79;subscriber;ebike;1.36;completed;ok
T001470;2026-09-25T07:35:00;S04;S02;7;1.07;student;ebike;1.19;completed;ok
T001471;2026-09-25T13:13:00;S02;S04;7;0.97;student;scooter;1.54;completed;ok
T001472;2026-09-25T13:09:00;S05;S07;8;1.18;subscriber;ebike;1.36;completed;ok
T001473;2026-09-25T18:19:00;S02;S05;9;1.55;subscriber;bike;0.99;completed;ok
T001474;2026-09-25T14:35:00;S02;S07;11;1.52;student;bike;1.21;completed;ok
T001475;2026-09-25T07:42:00;S01;S02;5;0.79;student;ebike;0.85;completed;ok
T001476;2026-09-25T18:32:00;S04;S01;6;0.64;student;bike;0.66;completed;ok
T001477;2026-09-25T06:52:00;S02;S03;11;2.41;casual;ebike;1.87;completed;ok
T001478;2026-09-25T20:10:00;S04;S05;10;1.67;subscriber;ebike;1.70;completed;ok
T001479;2026-09-25T19:25:00;S01;S08;8;1.35;subscriber;scooter;1.76;completed;ok
T001480;2026-09-25T20:55:00;S06;S08;15;2.56;student;bike;1.65;completed;ok
T001481;2026-09-25T07:20:00;S03;S02;14;2.59;student;bike;1.54;completed;ok
T001482;2026-09-25T10:39:00;S03;S05;18;3.82;subscriber;scooter;3.96;completed;ok
T001483;2026-09-25T18:36:00;S04;S08;6;0.68;subscriber;scooter;1.32;completed;ok
T001484;2026-09-25T18:28:00;S06;S05;13;1.87;subscriber;bike;1.43;completed;ok
T001485;2026-09-25T07:03:00;S05;S02;8;1.61;student;scooter;1.76;completed;ok
T001486;2026-09-25T13:27:00;S07;S05;7;1.31;subscriber;ebike;1.19;completed;ok
T001487;2026-09-25T18:54:00;S06;S02;7;1.02;subscriber;ebike;1.19;completed;ok
T001488;2026-09-25T07:45:00;S03;S02;13;2.58;casual;ebike;2.21;cancelled;ok
T001489;2026-09-25T07:02:00;S06;S07;10;2.26;subscriber;ebike;1.70;completed;ok
T001490;2026-09-25T09:03:00;S06;S02;6;;student;scooter;1.32;completed;missing_distance
T001491;2026-09-25T09:51:00;S05;S02;12;1.66;student;bike;1.32;completed;ok
T001492;2026-09-25T15:58:00;S02;S03;12;2.18;student;bike;1.32;completed;ok
T001493;2026-09-25T09:26:00;S07;S05;7;1.31;casual;ebike;1.19;completed;ok
T001494;2026-09-25T07:54:00;S07;S02;9;1.31;student;bike;0.99;completed;ok
T001495;2026-09-25T17:52:00;S01;S07;5;0.63;student;ebike;0.85;completed;ok
T001496;2026-09-25T08:55:00;S06;S07;11;2.50;casual;scooter;2.42;completed;ok
T001497;2026-09-25T14:30:00;S06;S04;13;2.22;subscriber;scooter;2.86;completed;ok
T001498;2026-09-25T18:49:00;S02;S04;7;1.00;casual;scooter;1.54;completed;ok
T001499;2026-09-25T09:35:00;S01;S02;7;0.81;student;bike;0.77;completed;ok
T001500;2026-09-25T15:41:00;S02;S01;6;0.86;student;scooter;1.32;completed;ok
T001501;2026-09-25T15:38:00;S02;S06;7;1.00;student;scooter;1.54;completed;ok
T001502;2026-09-25T19:51:00;S03;S06;8;1.66;subscriber;scooter;1.76;completed;ok
T001503;2026-09-25T19:46:00;S01;S08;9;1.46;subscriber;bike;0.99;completed;ok
T001504;2026-09-25T09:34:00;S03;S02;11;2.51;subscriber;scooter;2.42;completed;ok
T001505;2026-09-25T15:38:00;S02;S08;9;1.47;student;ebike;1.53;completed;ok
T001506;2026-09-25T08:38:00;S07;S01;5;0.71;subscriber;bike;0.55;completed;ok
T001507;2026-09-25T07:01:00;S06;S02;8;1.05;student;bike;0.88;completed;ok
T001508;2026-09-25T17:17:00;S05;S06;8;1.78;subscriber;ebike;1.36;completed;ok
T001509;2026-09-25T18:07:00;S02;S06;7;1.19;subscriber;scooter;1.54;completed;ok
T001510;2026-09-25T08:52:00;S07;S02;11;1.47;student;bike;1.21;completed;ok
T001511;2026-09-25T08:24:00;S04;S02;6;0.93;student;bike;0.66;completed;ok
T001512;2026-09-25T14:50:00;S02;S03;12;2.55;student;ebike;2.04;completed;ok
T001513;2026-09-25T15:52:00;S02;S03;11;2.42;student;ebike;1.87;completed;ok
T001514;2026-09-25T07:54:00;S06;S02;5;1.12;student;ebike;0.85;completed;ok
T001515;2026-09-25T09:29:00;S07;S02;9;1.46;student;scooter;1.98;cancelled;ok
T001516;2026-09-25T15:09:00;S02;S08;8;1.53;student;scooter;1.76;completed;ok
T001517;2026-09-25T18:11:00;S07;S04;7;0.79;subscriber;ebike;1.19;completed;ok
T001518;2026-09-25T20:32:00;S01;S06;10;1.60;student;scooter;2.20;completed;ok
T001519;2026-09-25T14:21:00;S02;S06;8;1.05;student;bike;0.88;completed;ok
T001520;2026-09-25T08:12:00;S04;S02;6;0.96;student;bike;0.66;completed;ok
T001521;2026-09-25T17:40:00;S05;S07;9;1.38;subscriber;scooter;1.98;completed;ok
T001522;2026-09-25T09:14:00;S02;S05;11;1.42;casual;bike;1.21;completed;ok
T001523;2026-09-25T19:04:00;S04;S01;5;0.57;student;ebike;0.85;completed;ok
T001524;2026-09-25T18:37:00;S06;S07;10;2.55;subscriber;ebike;1.70;completed;ok
T001525;2026-09-25T08:03:00;S06;S02;6;1.03;student;ebike;1.02;completed;ok
T001526;2026-09-25T19:35:00;S05;S03;15;3.79;subscriber;ebike;2.55;completed;ok
T001527;2026-09-25T09:54:00;S07;S02;8;1.36;student;bike;0.88;completed;ok
T001528;2026-09-25T15:12:00;S02;S06;8;0.99;student;scooter;1.76;completed;ok
T001529;2026-09-25T20:50:00;S04;S03;21;3.54;subscriber;bike;2.31;completed;ok
T001530;2026-09-25T14:06:00;S02;S06;9;1.14;student;bike;0.99;completed;ok
T001531;2026-09-25T20:32:00;S02;S06;5;1.10;subscriber;ebike;0.85;completed;ok
T001532;2026-09-25T13:43:00;S02;S01;7;0.75;student;scooter;1.54;completed;ok
T001533;2026-09-25T17:21:00;S06;S04;11;2.26;subscriber;ebike;1.87;completed;ok
T001534;2026-09-25T22:32:00;S04;S02;8;1.06;student;bike;0.88;completed;ok
T001535;2026-09-25T22:02:00;S03;S06;9;1.79;student;scooter;1.98;completed;ok
T001536;2026-09-25T18:42:00;S05;S02;8;1.53;subscriber;bike;0.88;completed;ok
T001537;2026-09-25T18:24:00;S01;S04;6;0.58;subscriber;scooter;1.32;completed;ok
T001538;2026-09-25T15:28:00;S02;S03;12;2.25;student;scooter;2.64;completed;ok
T001539;2026-09-25T09:11:00;S01;S02;6;0.88;student;scooter;1.32;cancelled;ok
T001540;2026-09-25T14:45:00;S06;S05;11;2.06;casual;bike;1.21;completed;ok
T001541;2026-09-25T15:45:00;S02;S07;8;1.41;student;ebike;1.36;completed;ok
T001542;2026-09-25T19:25:00;S06;S05;12;1.90;subscriber;bike;1.32;completed;ok
T001543;2026-09-25T20:16:00;S01;S03;14;3.08;subscriber;scooter;3.08;completed;ok
T001544;2026-09-25T13:44:00;S02;S04;5;0.93;student;ebike;0.85;completed;ok
T001545;2026-09-25T17:47:00;S01;S02;5;0.75;subscriber;scooter;1.10;completed;ok
T001546;2026-09-25T14:17:00;S04;S05;11;1.76;casual;bike;1.21;completed;ok
T001547;2026-09-25T14:32:00;S02;S01;7;0.78;student;bike;0.77;completed;ok
T001548;2026-09-25T08:11:00;S06;S02;7;1.00;student;ebike;1.19;completed;ok
T001549;2026-09-25T19:28:00;S06;S07;13;2.30;student;bike;1.43;completed;ok
T001550;2026-09-25T07:07:00;S01;S07;7;0.73;casual;bike;0.77;completed;ok
T001551;2026-09-25T09:43:00;S06;S02;5;1.05;student;ebike;0.85;completed;ok
T001552;2026-09-25T14:33:00;S02;S03;12;2.41;student;scooter;2.64;completed;ok
T001553;2026-09-25T15:06:00;S03;S01;16;3.05;subscriber;bike;1.76;completed;ok
T001554;2026-09-25T14:24:00;S02;S03;11;2.50;student;scooter;2.42;completed;ok
T001555;2026-09-25T07:00:00;S04;S02;8;1.03;student;bike;0.88;completed;ok
T001556;2026-09-25T15:02:00;S02;S01;6;0.80;student;ebike;1.02;completed;ok
T001557;2026-09-25T14:10:00;S02;S03;13;2.50;student;ebike;2.21;completed;ok
T001558;2026-09-25T18:03:00;S03;S05;20;3.79;subscriber;bike;2.20;completed;ok
T001559;2026-09-25T15:28:00;S02;S03;10;2.13;student;ebike;1.70;completed;ok
T001560;2026-09-25T09:53:00;S07;S02;8;1.35;student;bike;0.88;completed;ok
T001561;2026-09-25T17:05:00;S07;S03;22;4.16;student;bike;2.42;completed;ok
T001562;2026-09-25T11:07:00;S03;S01;15;3.08;subscriber;scooter;3.30;completed;ok
T001563;2026-09-25T19:41:00;S06;S01;11;1.82;subscriber;bike;1.21;completed;ok
T001564;2026-09-26T19:21:00;S07;S05;8;1.26;subscriber;ebike;1.36;completed;ok
T001565;2026-09-26T17:26:00;S02;S08;9;1.53;student;bike;0.99;completed;ok
T001566;2026-09-26T06:36:00;S07;S05;8;1.40;subscriber;scooter;1.76;completed;ok
T001567;2026-09-26T18:43:00;S03;S04;21;3.52;subscriber;bike;2.31;completed;ok
T001568;2026-09-26T20:02:00;S06;S08;15;2.69;casual;bike;1.65;cancelled;ok
T001569;2026-09-26T18:28:00;S04;S06;11;2.15;subscriber;bike;1.21;completed;ok
T001570;2026-09-26T20:47:00;S01;S02;5;0.90;subscriber;ebike;0.85;completed;ok
T001571;2026-09-26T09:45:00;S04;S07;7;0.67;subscriber;bike;0.77;completed;ok
T001572;2026-09-26T19:48:00;S03;S05;18;3.56;student;bike;1.98;completed;ok
T001573;2026-09-26T18:06:00;S04;S08;7;0.77;student;bike;0.77;completed;ok
T001574;2026-09-26T19:14:00;S02;S05;11;1.47;student;bike;1.21;completed;ok
T001575;2026-09-26T19:15:00;S03;S02;14;2.46;casual;bike;1.54;completed;ok
T001576;2026-09-26T19:23:00;S07;S04;5;0.77;student;bike;0.55;completed;ok
T001577;2026-09-26T19:29:00;S01;S02;5;0.85;casual;scooter;1.10;completed;ok
T001578;2026-09-26T20:49:00;S02;S03;12;2.16;casual;bike;1.32;completed;ok
T001579;2026-09-26T18:55:00;S08;S02;10;1.65;subscriber;scooter;2.20;completed;ok
T001580;2026-09-26T17:22:00;S04;S02;8;0.98;subscriber;bike;0.88;completed;ok
T001581;2026-09-26T20:07:00;S01;S02;5;0.80;subscriber;scooter;1.10;completed;ok
T001582;2026-09-26T19:04:00;S02;S07;10;1.48;student;bike;1.10;completed;ok
T001583;2026-09-26T20:29:00;S07;S08;9;1.28;casual;bike;0.99;completed;ok
T001584;2026-09-26T18:30:00;S06;S03;13;1.85;casual;bike;1.43;completed;ok
T001585;2026-09-26T17:36:00;S06;S05;12;1.72;subscriber;bike;1.32;completed;ok
T001586;2026-09-26T19:39:00;S08;S04;5;0.72;casual;scooter;1.10;completed;ok
T001587;2026-09-26T10:13:00;S04;S05;12;1.82;subscriber;bike;1.32;completed;ok
T001588;2026-09-26T22:40:00;S06;S05;10;1.81;student;ebike;1.70;completed;ok
T001589;2026-09-26T17:09:00;S02;S05;7;1.42;subscriber;ebike;1.19;completed;ok
T001590;2026-09-26T20:20:00;S02;S03;14;2.19;subscriber;bike;1.54;cancelled;ok
T001591;2026-09-26T18:41:00;S01;S06;10;1.65;student;ebike;1.70;completed;ok
T001592;2026-09-26T18:57:00;S04;S08;7;0.79;casual;ebike;1.19;completed;ok
T001593;2026-09-26T19:24:00;S03;S05;16;3.79;casual;ebike;2.72;completed;ok
T001594;2026-09-26T18:55:00;S07;S05;8;1.18;subscriber;ebike;1.36;completed;ok
T001595;2026-09-26T17:38:00;S07;S05;8;1.30;subscriber;scooter;1.76;completed;ok
T001596;2026-09-26T20:10:00;S06;S02;6;1.03;casual;scooter;1.32;completed;ok
T001597;2026-09-26T22:07:00;S01;S04;7;0.59;subscriber;bike;0.77;completed;ok
T001598;2026-09-26T17:33:00;S06;S01;13;1.81;student;bike;1.43;completed;ok
T001599;2026-09-26T08:45:00;S06;S02;8;1.11;student;bike;0.88;completed;ok
T001600;2026-09-26T20:10:00;S01;S05;6;1.11;casual;ebike;1.02;completed;ok
T001601;2026-09-26T13:50:00;S08;S01;7;1.31;subscriber;bike;0.77;completed;ok
T001602;2026-09-26T19:38:00;S04;S05;10;1.73;subscriber;bike;1.10;completed;ok
T001603;2026-09-26T20:11:00;S07;S04;5;0.69;subscriber;bike;0.55;completed;ok
T001604;2026-09-26T20:12:00;S02;S06;8;1.06;subscriber;ebike;1.36;completed;ok
T001605;2026-09-26T17:14:00;S07;S03;16;4.10;subscriber;ebike;2.72;completed;ok
T001606;2026-09-26T20:21:00;S07;S06;12;2.18;casual;bike;1.32;completed;ok
T001607;2026-09-26T19:17:00;S07;S03;22;4.07;subscriber;bike;2.42;completed;ok
T001608;2026-09-26T17:14:00;S07;S05;9;1.34;student;bike;0.99;completed;ok
T001609;2026-09-26T17:41:00;S03;S04;12;2.95;casual;ebike;2.04;completed;ok
T001610;2026-09-26T18:26:00;S02;S07;7;1.37;subscriber;ebike;1.19;completed;ok
T001611;2026-09-26T20:54:00;S02;S05;9;1.48;subscriber;bike;0.99;completed;ok
T001612;2026-09-26T17:54:00;S06;S07;13;2.15;subscriber;bike;1.43;completed;ok
T001613;2026-09-26T10:19:00;S01;S06;9;1.55;subscriber;bike;0.99;completed;ok
T001614;2026-09-26T19:34:00;S07;S05;8;1.23;subscriber;ebike;1.36;completed;ok
T001615;2026-09-26T08:01:00;S03;S07;20;3.72;subscriber;bike;2.20;completed;ok
T001616;2026-09-26T20:18:00;S06;S07;12;2.17;subscriber;bike;1.32;completed;ok
T001617;2026-09-26T18:27:00;S03;S05;21;3.79;subscriber;bike;2.31;completed;ok
T001618;2026-09-26T18:05:00;S04;S07;6;0.69;subscriber;ebike;1.02;completed;ok
T001619;2026-09-26T18:02:00;S04;S03;19;3.57;subscriber;bike;2.09;completed;ok
T001620;2026-09-26T20:36:00;S01;S02;4;0.80;casual;ebike;0.68;completed;ok
T001621;2026-09-26T17:33:00;S08;S01;9;1.38;subscriber;ebike;1.53;completed;ok
T001622;2026-09-26T19:37:00;S07;S01;6;0.71;casual;bike;0.66;completed;ok
T001623;2026-09-26T17:08:00;S04;S08;7;0.81;subscriber;bike;0.77;completed;ok
T001624;2026-09-26T17:56:00;S04;S01;6;0.63;subscriber;bike;0.66;completed;ok
T001625;2026-09-26T17:06:00;S05;S04;12;1.76;subscriber;bike;1.32;completed;ok
T001626;2026-09-26T18:01:00;S02;S06;9;1.13;student;bike;0.99;completed;ok
T001627;2026-09-26T19:47:00;S07;S01;3;0.68;subscriber;ebike;0.51;completed;ok
T001628;2026-09-26T20:54:00;S02;S06;6;1.05;subscriber;ebike;1.02;completed;ok
T001629;2026-09-26T19:29:00;S01;S02;5;0.90;casual;scooter;1.10;completed;ok
T001630;2026-09-26T20:12:00;S04;S06;10;1.92;subscriber;ebike;1.70;completed;ok
T001631;2026-09-26T18:05:00;S03;S08;19;3.55;subscriber;bike;2.09;completed;ok
T001632;2026-09-26T19:10:00;S01;S07;6;0.63;casual;bike;0.66;completed;ok
T001633;2026-09-26T17:19:00;S07;S08;8;1.05;subscriber;ebike;1.36;completed;ok
T001634;2026-09-26T17:40:00;S01;S05;6;1.09;student;ebike;1.02;completed;ok
T001635;2026-09-26T19:10:00;S01;S03;20;3.48;casual;bike;2.20;completed;ok
T001636;2026-09-26T18:37:00;S07;S04;5;0.67;subscriber;bike;0.55;completed;ok
T001637;2026-09-26T07:24:00;S07;S04;5;0.74;subscriber;bike;0.55;completed;ok
T001638;2026-09-26T20:49:00;S04;S07;7;0.78;casual;bike;0.77;completed;ok
T001639;2026-09-26T17:20:00;S06;S08;16;;subscriber;bike;1.76;completed;missing_distance
T001640;2026-09-26T20:12:00;S04;S01;4;0.66;subscriber;ebike;0.68;completed;ok
T001641;2026-09-26T20:39:00;S04;S03;19;3.32;subscriber;bike;2.09;completed;ok
T001642;2026-09-26T19:03:00;S02;S05;9;1.71;subscriber;scooter;1.98;completed;ok
T001643;2026-09-26T20:21:00;S01;S06;10;1.81;casual;scooter;2.20;completed;ok
T001644;2026-09-26T17:30:00;S08;S03;19;3.52;subscriber;bike;2.09;completed;ok
T001645;2026-09-26T17:44:00;S06;S05;10;1.91;casual;ebike;1.70;completed;ok
T001646;2026-09-26T18:27:00;S02;S07;7;1.33;subscriber;ebike;1.19;completed;ok
T001647;2026-09-26T17:04:00;S02;S01;7;0.87;subscriber;bike;0.77;completed;ok
T001648;2026-09-26T10:05:00;S01;S05;8;1.11;casual;ebike;1.36;completed;ok
T001649;2026-09-26T17:06:00;S06;S05;12;1.93;subscriber;bike;1.32;completed;ok
T001650;2026-09-26T17:07:00;S01;S02;7;0.84;subscriber;scooter;1.54;cancelled;ok
T001651;2026-09-26T15:49:00;S03;S04;18;3.33;subscriber;bike;1.98;completed;ok
T001652;2026-09-26T22:06:00;S04;S01;7;0.67;casual;bike;0.77;completed;ok
T001653;2026-09-26T20:59:00;S06;S01;9;1.76;casual;ebike;1.53;completed;ok
T001654;2026-09-27T21:27:00;S02;S03;13;2.54;subscriber;scooter;2.86;completed;ok
T001655;2026-09-27T20:36:00;S02;S06;7;0.99;subscriber;ebike;1.19;completed;ok
T001656;2026-09-27T18:45:00;S07;S05;10;1.37;subscriber;bike;1.10;completed;ok
T001657;2026-09-27T20:27:00;S02;S03;15;2.33;subscriber;bike;1.65;completed;ok
T001658;2026-09-27T18:39:00;S06;S08;14;2.73;subscriber;scooter;3.08;completed;ok
T001659;2026-09-27T17:17:00;S06;S02;5;1.03;subscriber;ebike;0.85;completed;ok
T001660;2026-09-27T18:12:00;S05;S01;7;0.97;subscriber;ebike;1.19;completed;ok
T001661;2026-09-27T17:10:00;S05;S04;10;1.82;subscriber;ebike;1.70;completed;ok
T001662;2026-09-27T17:57:00;S07;S02;7;1.50;subscriber;ebike;1.19;completed;ok
T001663;2026-09-27T20:10:00;S05;S06;9;1.92;subscriber;ebike;1.53;completed;ok
T001664;2026-09-27T19:06:00;S05;S08;11;2.12;subscriber;scooter;2.42;completed;ok
T001665;2026-09-27T19:34:00;S07;S03;18;3.68;subscriber;scooter;3.96;completed;ok
T001666;2026-09-27T18:52:00;S02;S08;9;1.75;casual;ebike;1.53;completed;ok
T001667;2026-09-27T20:53:00;S04;S02;8;1.06;subscriber;bike;0.88;completed;ok
T001668;2026-09-27T17:27:00;S02;S06;7;1.06;subscriber;ebike;1.19;completed;ok
T001669;2026-09-27T08:51:00;S01;S02;5;0.77;student;scooter;1.10;completed;ok
T001670;2026-09-27T17:06:00;S05;S06;11;1.69;casual;scooter;2.42;completed;ok
T001671;2026-09-27T17:20:00;S01;S07;4;0.65;subscriber;ebike;0.68;completed;ok
T001672;2026-09-27T08:39:00;S03;S05;17;3.49;subscriber;scooter;3.74;completed;ok
T001673;2026-09-27T17:00:00;S03;S08;19;3.64;student;bike;2.09;completed;ok
T001674;2026-09-27T17:25:00;S04;S01;7;0.62;casual;bike;0.77;completed;ok
T001675;2026-09-27T13:10:00;S01;S05;6;1.00;subscriber;ebike;1.02;completed;ok
T001676;2026-09-27T18:45:00;S01;S04;5;0.62;casual;scooter;1.10;completed;ok
T001677;2026-09-27T19:45:00;S04;S06;11;1.94;subscriber;bike;1.21;completed;ok
T001678;2026-09-27T20:36:00;S03;S08;18;3.92;casual;ebike;3.06;cancelled;ok
T001679;2026-09-27T20:48:00;S08;S01;7;1.38;subscriber;scooter;1.54;cancelled;ok
T001680;2026-09-27T20:10:00;S06;S07;12;2.28;casual;scooter;2.64;completed;ok
T001681;2026-09-27T19:04:00;S06;S04;11;1.90;subscriber;scooter;2.42;completed;ok
T001682;2026-09-27T19:21:00;S07;S03;19;3.82;casual;scooter;4.18;completed;ok
T001683;2026-09-27T19:13:00;S03;S04;18;3.54;subscriber;bike;1.98;completed;ok
T001684;2026-09-27T13:39:00;S04;S01;6;0.60;subscriber;bike;0.66;completed;ok
T001685;2026-09-27T20:16:00;S07;S08;8;1.26;student;scooter;1.76;completed;ok
T001686;2026-09-27T19:07:00;S03;S08;21;3.94;subscriber;bike;2.31;completed;ok
T001687;2026-09-27T18:02:00;S06;S07;10;2.14;subscriber;ebike;1.70;completed;ok
T001688;2026-09-27T20:01:00;S06;S02;8;1.13;subscriber;ebike;1.36;completed;ok
T001689;2026-09-27T09:39:00;S03;S07;17;4.03;casual;ebike;2.89;cancelled;ok
T001690;2026-09-27T18:07:00;S07;S08;7;1.06;student;ebike;1.19;completed;ok
T001691;2026-09-27T18:34:00;S01;S05;8;1.06;student;bike;0.88;completed;ok
T001692;2026-09-27T18:53:00;S06;S03;10;1.98;subscriber;ebike;1.70;completed;ok
T001693;2026-09-27T17:06:00;S06;S05;12;1.81;casual;bike;1.32;completed;ok
T001694;2026-09-27T17:34:00;S03;S04;16;3.48;subscriber;ebike;2.72;completed;ok
T001695;2026-09-27T18:07:00;S05;S03;16;3.94;subscriber;ebike;2.72;completed;ok
T001696;2026-09-27T19:12:00;S02;S03;12;2.42;student;scooter;2.64;completed;ok
T001697;2026-09-27T20:08:00;S02;S01;7;0.89;subscriber;scooter;1.54;completed;ok
T001698;2026-09-27T18:48:00;S06;S01;9;1.65;casual;scooter;1.98;completed;ok
T001699;2026-09-27T18:56:00;S06;S03;11;1.95;casual;scooter;2.42;completed;ok
T001700;2026-09-27T19:19:00;S04;S05;9;1.67;casual;ebike;1.53;completed;ok
T001701;2026-09-27T19:56:00;S07;S06;15;2.55;student;bike;1.65;completed;ok
T001702;2026-09-27T19:23:00;S01;S02;6;0.79;subscriber;bike;0.66;completed;ok
T001703;2026-09-27T17:54:00;S02;S06;5;1.09;subscriber;ebike;0.85;completed;ok
T001704;2026-09-27T20:33:00;S01;S05;6;1.01;subscriber;scooter;1.32;completed;ok
T001705;2026-09-27T15:50:00;S06;S01;11;1.88;casual;bike;1.21;completed;ok
T001706;2026-09-27T19:58:00;S01;S07;4;0.69;casual;ebike;0.68;completed;ok
T001707;2026-09-27T17:08:00;S02;S01;6;0.84;casual;scooter;1.32;completed;ok
T001708;2026-09-27T19:01:00;S08;S07;7;1.25;student;scooter;1.54;completed;ok
T001709;2026-09-28T13:12:00;S06;S07;14;2.23;casual;bike;1.54;completed;ok
T001710;2026-09-28T19:05:00;S07;S08;8;1.12;casual;scooter;1.76;completed;ok
T001711;2026-09-28T13:31:00;S02;S04;7;1.08;student;ebike;1.19;completed;ok
T001712;2026-09-28T08:19:00;S04;S02;6;0.96;student;ebike;1.02;completed;ok
T001713;2026-09-28T10:51:00;S08;S04;5;0.79;casual;ebike;0.85;completed;ok
T001714;2026-09-28T13:28:00;S02;S01;6;0.77;student;ebike;1.02;completed;ok
T001715;2026-09-28T09:20:00;S05;S02;9;1.67;student;ebike;1.53;completed;ok
T001716;2026-09-28T08:31:00;S07;S02;8;1.41;student;ebike;1.36;completed;ok
T001717;2026-09-28T14:57:00;S07;S05;7;1.33;casual;scooter;1.54;completed;ok
T001718;2026-09-28T14:25:00;S02;S05;8;1.44;student;ebike;1.36;completed;ok
T001719;2026-09-28T17:14:00;S07;S01;5;0.66;subscriber;ebike;0.85;completed;ok
T001720;2026-09-28T14:29:00;S02;S03;10;2.31;student;ebike;1.70;completed;ok
T001721;2026-09-28T15:02:00;S02;S05;8;1.72;student;ebike;1.36;completed;ok
T001722;2026-09-28T10:04:00;S07;S02;8;1.55;subscriber;ebike;1.36;completed;ok
T001723;2026-09-28T07:35:00;S05;S04;7;1.52;subscriber;ebike;1.19;completed;ok
T001724;2026-09-28T14:01:00;S02;S01;5;0.81;student;ebike;0.85;completed;ok
T001725;2026-09-28T14:55:00;S02;S03;11;2.29;student;ebike;1.87;completed;ok
T001726;2026-09-28T19:35:00;S03;S07;16;4.20;subscriber;ebike;2.72;completed;ok
T001727;2026-09-28T09:59:00;S04;S06;8;1.88;casual;ebike;1.36;completed;ok
T001728;2026-09-28T10:45:00;S07;S01;6;0.71;subscriber;scooter;1.32;completed;ok
T001729;2026-09-28T09:44:00;S07;S05;9;1.34;subscriber;scooter;1.98;completed;ok
T001730;2026-09-28T09:07:00;S06;S02;6;1.09;student;scooter;1.32;completed;ok
T001731;2026-09-28T15:34:00;S02;S04;8;0.90;student;bike;0.88;completed;ok
T001732;2026-09-28T14:47:00;S02;S07;6;1.38;student;ebike;1.02;completed;ok
T001733;2026-09-28T18:56:00;S02;S08;7;1.55;subscriber;ebike;1.19;completed;ok
T001734;2026-09-28T19:35:00;S07;S05;8;1.26;student;bike;0.88;completed;ok
T001735;2026-09-28T12:19:00;S02;S05;7;1.42;subscriber;ebike;1.19;completed;ok
T001736;2026-09-28T08:40:00;S07;S04;4;0.73;casual;ebike;0.68;completed;ok
T001737;2026-09-28T13:05:00;S08;S07;7;1.19;subscriber;ebike;1.19;completed;ok
T001738;2026-09-28T07:04:00;S03;S05;16;3.55;subscriber;ebike;2.72;completed;ok
T001739;2026-09-28T08:24:00;S01;S02;4;0.85;student;ebike;0.68;completed;ok
T001740;2026-09-28T15:05:00;S02;S04;8;0.97;student;bike;0.88;completed;ok
T001741;2026-09-28T08:45:00;S08;S02;8;1.51;student;ebike;1.36;completed;ok
T001742;2026-09-28T14:54:00;S02;S06;7;1.16;student;ebike;1.19;completed;ok
T001743;2026-09-28T07:31:00;S04;S02;6;1.08;student;ebike;1.02;completed;ok
T001744;2026-09-28T14:45:00;S02;S07;7;1.60;student;ebike;1.19;completed;ok
T001745;2026-09-28T15:09:00;S02;S08;9;1.57;student;ebike;1.53;completed;ok
T001746;2026-09-28T07:28:00;S06;S02;7;1.03;student;ebike;1.19;completed;ok
T001747;2026-09-28T18:41:00;S02;S06;6;1.13;subscriber;scooter;1.32;completed;ok
T001748;2026-09-28T14:32:00;S07;S08;9;1.20;subscriber;scooter;1.98;completed;ok
T001749;2026-09-28T07:45:00;S06;S02;7;0.98;student;ebike;1.19;completed;ok
T001750;2026-09-28T19:00:00;S02;S07;8;1.41;subscriber;ebike;1.36;completed;ok
T001751;2026-09-28T19:02:00;S02;S05;9;1.57;subscriber;scooter;1.98;completed;ok
T001752;2026-09-28T09:44:00;S02;S06;7;1.16;subscriber;scooter;1.54;completed;ok
T001753;2026-09-28T13:08:00;S02;S04;7;1.03;student;bike;0.77;completed;ok
T001754;2026-09-28T20:05:00;S06;S03;11;1.81;subscriber;bike;1.21;completed;ok
T001755;2026-09-28T07:03:00;S07;S02;6;1.32;student;ebike;1.02;completed;ok
T001756;2026-09-28T18:57:00;S01;S02;4;0.74;subscriber;scooter;0.88;completed;ok
T001757;2026-09-28T20:14:00;S01;S07;5;0.60;subscriber;scooter;1.10;completed;ok
T001758;2026-09-28T17:46:00;S07;S02;10;1.38;casual;bike;1.10;completed;ok
T001759;2026-09-28T08:18:00;S01;S02;5;0.83;student;scooter;1.10;completed;ok
T001760;2026-09-28T20:00:00;S08;S07;5;1.18;subscriber;ebike;0.85;completed;ok
T001761;2026-09-28T15:14:00;S02;S04;7;1.00;student;ebike;1.19;completed;ok
T001762;2026-09-28T20:30:00;S07;S01;6;0.61;casual;ebike;1.02;completed;ok
T001763;2026-09-28T20:46:00;S01;S02;7;0.78;subscriber;ebike;1.19;completed;ok
T001764;2026-09-28T08:44:00;S07;S02;8;1.36;student;ebike;1.36;completed;ok
T001765;2026-09-28T15:35:00;S02;S05;11;1.65;student;bike;1.21;completed;ok
T001766;2026-09-28T17:57:00;S07;S01;4;0.63;subscriber;scooter;0.88;completed;ok
T001767;2026-09-28T09:27:00;S04;S02;9;0.99;student;bike;0.99;completed;ok
T001768;2026-09-28T17:34:00;S07;S02;9;1.52;subscriber;ebike;1.53;completed;ok
T001769;2026-09-28T17:46:00;S07;S03;14;3.48;subscriber;ebike;2.38;completed;ok
T001770;2026-09-28T20:30:00;S08;S06;14;2.71;subscriber;scooter;3.08;completed;ok
T001771;2026-09-28T14:23:00;S06;S08;14;2.82;subscriber;ebike;2.38;completed;ok
T001772;2026-09-28T09:33:00;S04;S02;5;0.91;student;ebike;0.85;completed;ok
T001773;2026-09-28T19:27:00;S04;S01;4;0.58;subscriber;scooter;0.88;completed;ok
T001774;2026-09-28T10:46:00;S01;S07;7;0.66;casual;scooter;1.54;completed;ok
T001775;2026-09-28T18:36:00;S03;S01;17;3.50;student;scooter;3.74;completed;ok
T001776;2026-09-28T06:12:00;S07;S03;15;3.80;subscriber;ebike;2.55;completed;ok
T001777;2026-09-28T09:29:00;S02;S06;7;1.13;subscriber;ebike;1.19;completed;ok
T001778;2026-09-28T14:18:00;S02;S01;7;0.87;student;ebike;1.19;completed;ok
T001779;2026-09-28T21:54:00;S02;S01;6;0.87;subscriber;scooter;1.32;completed;ok
T001780;2026-09-28T19:44:00;S08;S06;12;2.95;subscriber;ebike;2.04;completed;ok
T001781;2026-09-28T07:25:00;S01;S02;5;0.78;student;ebike;0.85;completed;ok
T001782;2026-09-28T07:46:00;S07;S02;8;1.55;student;ebike;1.36;completed;ok
T001783;2026-09-28T09:09:00;S07;S02;8;1.58;subscriber;ebike;1.36;completed;ok
T001784;2026-09-28T18:18:00;S07;S06;16;2.57;subscriber;bike;1.76;completed;ok
T001785;2026-09-28T07:03:00;S02;S06;7;1.18;subscriber;ebike;1.19;completed;ok
T001786;2026-09-28T09:25:00;S01;S02;7;0.86;student;scooter;1.54;completed;ok
T001787;2026-09-28T09:19:00;S04;S02;8;0.96;student;bike;0.88;completed;ok
T001788;2026-09-28T08:27:00;S02;S05;10;;subscriber;scooter;2.20;completed;missing_distance
T001789;2026-09-28T07:57:00;S05;S02;9;1.66;student;ebike;1.53;completed;ok
T001790;2026-09-28T09:22:00;S06;S01;11;1.79;casual;scooter;2.42;completed;ok
T001791;2026-09-28T09:10:00;S06;S02;7;1.15;student;ebike;1.19;completed;ok
T001792;2026-09-28T09:43:00;S05;S02;9;1.51;student;scooter;1.98;completed;ok
T001793;2026-09-28T19:08:00;S01;S04;3;0.56;student;ebike;0.51;completed;ok
T001794;2026-09-28T09:35:00;S04;S07;6;0.71;casual;scooter;1.32;completed;ok
T001795;2026-09-28T14:59:00;S02;S03;11;2.23;subscriber;ebike;1.87;completed;ok
T001796;2026-09-28T08:51:00;S04;S02;7;0.91;student;bike;0.77;completed;ok
T001797;2026-09-28T14:12:00;S02;S04;7;0.97;student;ebike;1.19;completed;ok
T001798;2026-09-28T18:23:00;S02;S07;7;1.38;student;ebike;1.19;completed;ok
T001799;2026-09-28T08:54:00;S07;S01;6;0.70;subscriber;ebike;1.02;completed;ok
T001800;2026-09-28T13:26:00;S08;S02;10;1.71;subscriber;bike;1.10;completed;ok
T001801;2026-09-28T18:12:00;S01;S03;14;3.28;subscriber;ebike;2.38;completed;ok
T001802;2026-09-28T14:40:00;S03;S06;9;1.63;casual;bike;0.99;completed;ok
T001803;2026-09-28T17:55:00;S02;S05;9;1.51;subscriber;ebike;1.53;completed;ok
T001804;2026-09-28T09:52:00;S06;S02;8;1.14;student;bike;0.88;completed;ok
T001805;2026-09-29T09:27:00;S01;S02;4;0.75;student;ebike;0.68;completed;ok
T001806;2026-09-29T20:38:00;S02;S04;5;1.00;subscriber;ebike;0.85;completed;ok
T001807;2026-09-29T22:23:00;S07;S01;6;0.65;subscriber;bike;0.66;completed;ok
T001808;2026-09-29T17:59:00;S01;S07;5;0.66;subscriber;bike;0.55;completed;ok
T001809;2026-09-29T17:06:00;S03;S05;18;3.58;subscriber;bike;1.98;completed;ok
T001810;2026-09-29T13:00:00;S02;S03;12;2.14;student;scooter;2.64;completed;ok
T001811;2026-09-29T09:28:00;S07;S02;8;1.33;student;bike;0.88;completed;ok
T001812;2026-09-29T08:25:00;S06;S02;9;1.06;student;bike;0.99;completed;ok
T001813;2026-09-29T14:42:00;S02;S04;8;0.89;subscriber;bike;0.88;completed;ok
T001814;2026-09-29T15:55:00;S08;S01;9;1.30;subscriber;ebike;1.53;completed;ok
T001815;2026-09-29T15:31:00;S02;S06;7;1.01;student;ebike;1.19;completed;ok
T001816;2026-09-29T15:56:00;S02;S07;9;1.34;student;bike;0.99;completed;ok
T001817;2026-09-29T18:51:00;S02;S03;14;2.30;casual;bike;1.54;completed;ok
T001818;2026-09-29T19:37:00;S05;S07;10;1.33;subscriber;bike;1.10;completed;ok
T001819;2026-09-29T14:39:00;S02;S03;12;2.41;student;ebike;2.04;completed;ok
T001820;2026-09-29T13:12:00;S02;S05;7;1.45;student;scooter;1.54;completed;ok
T001821;2026-09-29T15:45:00;S02;S01;6;0.81;subscriber;bike;0.66;completed;ok
T001822;2026-09-29T17:13:00;S03;S08;15;3.55;subscriber;ebike;2.55;completed;ok
T001823;2026-09-29T11:49:00;S01;S04;5;0.64;subscriber;ebike;0.85;completed;ok
T001824;2026-09-29T20:20:00;S01;S02;5;0.80;subscriber;bike;0.55;completed;ok
T001825;2026-09-29T13:13:00;S02;S05;8;1.46;subscriber;scooter;1.76;completed;ok
T001826;2026-09-29T06:54:00;S08;S03;19;3.38;casual;bike;2.09;completed;ok
T001827;2026-09-29T07:39:00;S04;S02;6;0.96;student;scooter;1.32;completed;ok
T001828;2026-09-29T18:19:00;S04;S01;6;0.64;subscriber;scooter;1.32;completed;ok
T001829;2026-09-29T20:51:00;S05;S08;13;2.18;student;bike;1.43;completed;ok
T001830;2026-09-29T08:29:00;S08;S02;12;1.78;student;bike;1.32;completed;ok
T001831;2026-09-29T08:15:00;S07;S02;8;1.49;student;scooter;1.76;completed;ok
T001832;2026-09-29T18:20:00;S03;S06;12;1.74;subscriber;bike;1.32;completed;ok
T001833;2026-09-29T18:18:00;S07;S08;9;1.22;casual;bike;0.99;completed;ok
T001834;2026-09-29T18:36:00;S07;S01;6;0.65;subscriber;ebike;1.02;completed;ok
T001835;2026-09-29T11:29:00;S03;S04;15;3.05;student;scooter;3.30;completed;ok
T001836;2026-09-29T09:17:00;S06;S02;8;1.10;student;scooter;1.76;completed;ok
T001837;2026-09-29T14:37:00;S02;S06;8;1.00;student;bike;0.88;completed;ok
T001838;2026-09-29T18:05:00;S05;S07;10;1.36;student;bike;1.10;completed;ok
T001839;2026-09-29T14:21:00;S02;S03;12;2.46;student;ebike;2.04;completed;ok
T001840;2026-09-29T20:00:00;S08;S05;13;2.43;subscriber;bike;1.43;completed;ok
T001841;2026-09-29T14:09:00;S02;S06;5;1.00;student;ebike;0.85;completed;ok
T001842;2026-09-29T19:13:00;S03;S05;16;3.60;subscriber;ebike;2.72;completed;ok
T001843;2026-09-29T17:51:00;S01;S04;6;0.67;casual;ebike;1.02;completed;ok
T001844;2026-09-29T13:44:00;S02;S08;8;1.48;student;ebike;1.36;completed;ok
T001845;2026-09-29T09:51:00;S04;S02;5;0.97;student;scooter;1.10;completed;ok
T001846;2026-09-29T14:13:00;S02;S06;5;1.06;student;ebike;0.85;completed;ok
T001847;2026-09-29T19:33:00;S04;S08;7;0.78;subscriber;ebike;1.19;completed;ok
T001848;2026-09-29T17:21:00;S03;S02;16;2.61;subscriber;bike;1.76;completed;ok
T001849;2026-09-29T12:12:00;S03;S02;13;2.15;casual;bike;1.43;completed;ok
T001850;2026-09-29T15:17:00;S02;S03;16;2.54;student;bike;1.76;completed;ok
T001851;2026-09-29T13:51:00;S02;S06;8;1.17;student;ebike;1.36;completed;ok
T001852;2026-09-29T17:14:00;S08;S03;17;3.43;subscriber;scooter;3.74;completed;ok
T001853;2026-09-29T06:46:00;S08;S04;6;0.68;casual;scooter;1.32;completed;ok
T001854;2026-09-29T17:13:00;S07;S08;8;1.08;student;bike;0.88;completed;ok
T001855;2026-09-29T18:21:00;S03;S01;13;3.11;subscriber;ebike;2.21;completed;ok
T001856;2026-09-29T07:21:00;S06;S01;10;1.85;casual;bike;1.10;completed;ok
T001857;2026-09-29T07:42:00;S06;S03;9;1.73;casual;ebike;1.53;completed;ok
T001858;2026-09-29T19:57:00;S07;S04;5;0.76;casual;scooter;1.10;completed;ok
T001859;2026-09-29T08:21:00;S05;S02;8;1.43;subscriber;ebike;1.36;completed;ok
T001860;2026-09-29T07:03:00;S05;S03;20;3.51;casual;bike;2.20;completed;ok
T001861;2026-09-29T15:13:00;S02;S07;11;1.52;student;bike;1.21;completed;ok
T001862;2026-09-29T19:19:00;S02;S08;8;1.67;subscriber;ebike;1.36;completed;ok
T001863;2026-09-29T13:30:00;S02;S01;6;0.85;student;scooter;1.32;completed;ok
T001864;2026-09-29T07:11:00;S07;S02;9;1.41;student;bike;0.99;completed;ok
T001865;2026-09-29T19:08:00;S02;S08;11;1.55;subscriber;bike;1.21;completed;ok
T001866;2026-09-29T18:16:00;S07;S03;16;3.70;casual;ebike;2.72;completed;ok
T001867;2026-09-29T18:11:00;S01;S04;6;0.60;subscriber;bike;0.66;completed;ok
T001868;2026-09-29T18:51:00;S04;S07;5;0.79;subscriber;ebike;0.85;completed;ok
T001869;2026-09-29T18:00:00;S02;S03;11;2.50;subscriber;ebike;1.87;completed;ok
T001870;2026-09-29T08:12:00;S06;S02;7;1.15;student;bike;0.77;completed;ok
T001871;2026-09-29T08:42:00;S01;S02;6;0.85;student;bike;0.66;completed;ok
T001872;2026-09-29T18:00:00;S07;S05;9;1.31;student;bike;0.99;completed;ok
T001873;2026-09-29T20:02:00;S06;S04;12;2.13;subscriber;bike;1.32;completed;ok
T001874;2026-09-29T19:45:00;S05;S01;5;1.02;student;scooter;1.10;completed;ok
T001875;2026-09-29T18:50:00;S02;S05;8;1.55;subscriber;scooter;1.76;completed;ok
T001876;2026-09-29T06:35:00;S07;S03;22;3.95;student;bike;2.42;completed;ok
T001877;2026-09-29T15:56:00;S07;S06;12;2.49;subscriber;ebike;2.04;completed;ok
T001878;2026-09-29T18:46:00;S01;S07;5;0.61;subscriber;bike;0.55;completed;ok
T001879;2026-09-29T13:07:00;S07;S04;7;0.79;subscriber;bike;0.77;completed;ok
T001880;2026-09-29T17:45:00;S03;S07;20;3.52;subscriber;bike;2.20;completed;ok
T001881;2026-09-29T17:05:00;S05;S07;8;1.19;subscriber;bike;0.88;completed;ok
T001882;2026-09-29T08:56:00;S08;S02;11;1.74;student;bike;1.21;completed;ok
T001883;2026-09-29T07:15:00;S02;S08;10;1.71;subscriber;scooter;2.20;completed;ok
T001884;2026-09-29T09:45:00;S03;S02;12;2.58;student;ebike;2.04;completed;ok
T001885;2026-09-29T19:06:00;S06;S02;8;1.20;subscriber;bike;0.88;completed;ok
T001886;2026-09-29T09:57:00;S06;S02;8;1.00;student;bike;0.88;completed;ok
T001887;2026-09-29T15:00:00;S02;S04;8;1.08;student;ebike;1.36;completed;ok
T001888;2026-09-29T08:22:00;S03;S02;12;2.21;student;bike;1.32;completed;ok
T001889;2026-09-29T13:09:00;S02;S07;8;1.60;student;ebike;1.36;completed;ok
T001890;2026-09-29T13:06:00;S02;S04;6;0.99;student;ebike;1.02;completed;ok
T001891;2026-09-29T07:51:00;S07;S08;7;1.15;casual;ebike;1.19;completed;ok
T001892;2026-09-29T14:38:00;S04;S06;13;1.97;subscriber;bike;1.43;completed;ok
T001893;2026-09-29T13:18:00;S02;S06;7;1.19;student;ebike;1.19;completed;ok
T001894;2026-09-29T08:55:00;S06;S08;14;2.94;subscriber;scooter;3.08;completed;ok
T001895;2026-09-29T15:09:00;S02;S03;17;2.63;student;bike;1.87;completed;ok
T001896;2026-09-29T15:54:00;S02;S07;10;1.51;student;scooter;2.20;completed;ok
T001897;2026-09-29T18:38:00;S06;S07;12;2.24;casual;bike;1.32;completed;ok
T001898;2026-09-29T07:54:00;S07;S02;9;1.59;subscriber;scooter;1.98;completed;ok
T001899;2026-09-29T07:12:00;S01;S02;8;0.81;student;bike;0.88;completed;ok
T001900;2026-09-29T15:29:00;S02;S06;6;1.01;student;ebike;1.02;completed;ok
T001901;2026-09-29T07:40:00;S03;S02;13;2.52;student;scooter;2.86;completed;ok
T001902;2026-09-29T19:03:00;S01;S02;5;0.82;casual;scooter;1.10;completed;ok
T001903;2026-09-29T17:23:00;S02;S01;7;0.75;subscriber;bike;0.77;completed;ok
T001904;2026-09-29T19:01:00;S07;S05;8;1.26;subscriber;scooter;1.76;completed;ok
T001905;2026-09-29T09:56:00;S06;S07;12;2.14;subscriber;bike;1.32;completed;ok
T001906;2026-09-29T07:55:00;S03;S02;10;2.39;student;ebike;1.70;completed;ok
T001907;2026-09-29T19:05:00;S02;S01;6;0.74;subscriber;bike;0.66;completed;ok
T001908;2026-09-29T09:19:00;S03;S01;20;3.41;subscriber;bike;2.20;completed;ok
T001909;2026-09-29T15:29:00;S02;S06;7;1.04;student;bike;0.77;completed;ok
T001910;2026-09-29T07:17:00;S08;S02;11;1.69;student;bike;1.21;completed;ok
T001911;2026-09-29T17:11:00;S01;S08;9;1.47;student;bike;0.99;completed;ok
T001912;2026-09-29T08:56:00;S05;S04;11;1.81;subscriber;bike;1.21;completed;ok
T001913;2026-09-29T08:57:00;S06;S02;8;1.08;student;bike;0.88;completed;ok
T001914;2026-09-29T09:59:00;S03;S02;14;2.33;student;bike;1.54;completed;ok
T001915;2026-09-29T09:30:00;S07;S02;9;1.56;student;bike;0.99;completed;ok
T001916;2026-09-29T17:09:00;S07;S02;6;1.37;subscriber;ebike;1.02;completed;ok
T001917;2026-09-29T18:54:00;S04;S08;5;0.80;subscriber;ebike;0.85;completed;ok
T001918;2026-09-29T17:51:00;S03;S08;21;3.65;subscriber;bike;2.31;completed;ok
T001919;2026-09-29T17:19:00;S06;S05;10;1.72;student;ebike;1.70;completed;ok
T001920;2026-09-29T19:01:00;S01;S04;6;0.59;subscriber;ebike;1.02;completed;ok
T001921;2026-09-29T15:07:00;S02;S03;11;2.18;student;scooter;2.42;completed;ok
T001922;2026-09-29T07:30:00;S06;S02;6;0.98;student;bike;0.66;completed;ok
T001923;2026-09-29T18:34:00;S07;S02;9;1.38;subscriber;ebike;1.53;completed;ok
T001924;2026-09-29T07:45:00;S08;S02;12;1.78;student;bike;1.32;completed;ok
T001925;2026-09-29T19:26:00;S01;S03;16;3.11;subscriber;bike;1.76;completed;ok
T001926;2026-09-29T08:50:00;S03;S02;14;2.51;student;bike;1.54;completed;ok
T001927;2026-09-29T18:29:00;S06;S01;12;1.68;student;bike;1.32;completed;ok
T001928;2026-09-29T08:10:00;S04;S05;10;1.70;subscriber;scooter;2.20;completed;ok
T001929;2026-09-29T20:49:00;S01;S04;3;0.61;casual;ebike;0.51;completed;ok
T001930;2026-09-29T18:08:00;S08;S03;21;3.92;subscriber;bike;2.31;completed;ok
T001931;2026-09-29T19:45:00;S01;S08;8;1.37;student;bike;0.88;completed;ok
T001932;2026-09-29T13:32:00;S02;S03;13;2.21;student;bike;1.43;completed;ok
T001933;2026-09-29T09:06:00;S06;S02;8;1.10;student;bike;0.88;completed;ok
T001934;2026-09-29T20:17:00;S03;S01;14;3.20;subscriber;scooter;3.08;completed;ok
T001935;2026-09-29T15:51:00;S02;S05;8;1.61;student;scooter;1.76;completed;ok
T001936;2026-09-29T22:47:00;S07;S02;10;1.35;subscriber;bike;1.10;completed;ok
T001937;2026-09-29T07:15:00;S03;S02;13;;student;ebike;2.21;completed;missing_distance
T001938;2026-09-29T17:48:00;S06;S05;9;1.94;subscriber;scooter;1.98;completed;ok
T001939;2026-09-29T18:38:00;S01;S04;6;0.60;subscriber;ebike;1.02;completed;ok
T001940;2026-09-29T19:19:00;S04;S08;8;0.77;subscriber;bike;0.88;completed;ok
T001941;2026-09-29T08:42:00;S01;S02;6;0.83;student;bike;0.66;completed;ok
T001942;2026-09-29T14:26:00;S02;S01;8;0.81;student;bike;0.88;completed;ok
T001943;2026-09-29T19:34:00;S03;S04;17;3.46;casual;scooter;3.74;cancelled;ok
T001944;2026-09-29T15:14:00;S02;S06;9;1.19;student;scooter;1.98;completed;ok
T001945;2026-09-29T14:33:00;S02;S06;7;1.13;student;bike;0.77;completed;ok
T001946;2026-09-29T11:11:00;S08;S02;10;1.66;subscriber;bike;1.10;completed;ok
T001947;2026-09-29T20:10:00;S08;S04;6;0.75;subscriber;bike;0.66;completed;ok
T001948;2026-09-29T18:56:00;S03;S02;15;2.62;subscriber;bike;1.65;completed;ok
T001949;2026-09-29T08:15:00;S06;S02;7;1.19;student;bike;0.77;completed;ok
T001950;2026-09-29T15:02:00;S02;S04;6;1.03;student;ebike;1.02;completed;ok
T001951;2026-09-29T08:00:00;S07;S02;10;1.33;student;bike;1.10;completed;ok
T001952;2026-09-29T19:08:00;S04;S01;6;0.58;subscriber;ebike;1.02;completed;ok
T001953;2026-09-29T18:03:00;S01;S06;10;1.68;casual;scooter;2.20;completed;ok
T001954;2026-09-29T07:34:00;S06;S02;7;1.12;student;ebike;1.19;completed;ok
T001955;2026-09-29T15:36:00;S01;S05;9;1.07;subscriber;bike;0.99;completed;ok
T001956;2026-09-29T07:31:00;S07;S02;9;1.31;student;bike;0.99;completed;ok
T001957;2026-09-30T08:29:00;S04;S02;8;0.97;student;bike;0.88;completed;ok
T001958;2026-09-30T08:34:00;S01;S02;4;0.77;student;ebike;0.68;completed;ok
T001959;2026-09-30T09:24:00;S02;S03;15;2.38;subscriber;bike;1.65;completed;ok
T001960;2026-09-30T14:45:00;S06;S08;17;2.88;subscriber;bike;1.87;completed;ok
T001961;2026-09-30T08:49:00;S05;S02;11;1.52;student;bike;1.21;completed;ok
T001962;2026-09-30T19:37:00;S02;S01;5;0.87;subscriber;bike;0.55;completed;ok
T001963;2026-09-30T14:58:00;S02;S04;9;1.05;student;bike;0.99;completed;ok
T001964;2026-09-30T10:10:00;S07;S06;13;2.52;subscriber;bike;1.43;completed;ok
T001965;2026-09-30T07:26:00;S07;S02;10;1.45;student;bike;1.10;completed;ok
T001966;2026-09-30T14:55:00;S02;S04;5;1.00;student;scooter;1.10;completed;ok
T001967;2026-09-30T20:44:00;S07;S08;8;1.18;casual;bike;0.88;completed;ok
T001968;2026-09-30T07:48:00;S06;S02;6;1.18;casual;ebike;1.02;completed;ok
T001969;2026-09-30T10:11:00;S06;S07;10;2.21;subscriber;ebike;1.70;completed;ok
T001970;2026-09-30T14:06:00;S02;S07;9;1.53;subscriber;bike;0.99;completed;ok
T001971;2026-09-30T14:54:00;S02;S04;4;0.89;student;ebike;0.68;completed;ok
T001972;2026-09-30T16:06:00;S06;S02;7;1.18;subscriber;bike;0.77;completed;ok
T001973;2026-09-30T14:56:00;S04;S05;10;1.69;subscriber;bike;1.10;completed;ok
T001974;2026-09-30T14:40:00;S02;S07;9;1.54;student;bike;0.99;completed;ok
T001975;2026-09-30T09:38:00;S07;S02;9;1.42;student;scooter;1.98;completed;ok
T001976;2026-09-30T20:50:00;S03;S08;19;4.02;student;ebike;3.23;completed;ok
T001977;2026-09-30T13:41:00;S05;S07;7;1.39;casual;scooter;1.54;cancelled;ok
T001978;2026-09-30T20:04:00;S05;S04;8;1.75;subscriber;ebike;1.36;completed;ok
T001979;2026-09-30T07:38:00;S06;S02;6;1.16;student;ebike;1.02;completed;ok
T001980;2026-09-30T18:18:00;S01;S05;8;1.08;subscriber;scooter;1.76;completed;ok
T001981;2026-09-30T14:31:00;S01;S05;6;1.18;subscriber;ebike;1.02;completed;ok
T001982;2026-09-30T15:03:00;S01;S07;4;0.60;casual;ebike;0.68;completed;ok
T001983;2026-09-30T18:17:00;S06;S01;13;1.88;student;bike;1.43;completed;ok
T001984;2026-09-30T13:21:00;S02;S03;15;2.62;student;bike;1.65;completed;ok
T001985;2026-09-30T13:24:00;S02;S01;4;0.78;student;ebike;0.68;completed;ok
T001986;2026-09-30T07:28:00;S06;S02;7;1.18;casual;bike;0.77;completed;ok
T001987;2026-09-30T18:27:00;S07;S03;21;3.91;subscriber;bike;2.31;completed;ok
T001988;2026-09-30T14:14:00;S02;S03;10;2.38;student;ebike;1.70;completed;ok
T001989;2026-09-30T18:58:00;S02;S03;12;2.46;casual;ebike;2.04;completed;ok
T001990;2026-09-30T08:11:00;S08;S06;15;2.44;casual;bike;1.65;completed;ok
T001991;2026-09-30T18:31:00;S08;S03;15;3.56;student;ebike;2.55;completed;ok
T001992;2026-09-30T18:34:00;S01;S04;6;0.60;student;bike;0.66;completed;ok
T001993;2026-09-30T09:56:00;S04;S02;6;0.98;student;bike;0.66;completed;ok
T001994;2026-09-30T14:50:00;S02;S07;12;1.58;student;bike;1.32;completed;ok
T001995;2026-09-30T17:23:00;S06;S03;13;1.97;student;bike;1.43;cancelled;ok
T001996;2026-09-30T08:40:00;S04;S02;5;1.02;student;ebike;0.85;completed;ok
T001997;2026-09-30T19:48:00;S04;S02;5;1.03;casual;ebike;0.85;completed;ok
T001998;2026-09-30T19:18:00;S06;S02;6;1.01;student;ebike;1.02;completed;ok
T001999;2026-09-30T13:28:00;S02;S08;10;1.73;student;ebike;1.70;completed;ok
T002000;2026-09-30T15:44:00;S01;S07;6;0.68;casual;ebike;1.02;completed;ok
T002001;2026-09-30T09:07:00;S01;S02;5;0.84;student;ebike;0.85;completed;ok
T002002;2026-09-30T14:34:00;S02;S07;9;1.56;student;scooter;1.98;completed;ok
T002003;2026-09-30T22:12:00;S04;S08;7;0.67;subscriber;bike;0.77;completed;ok
T002004;2026-09-30T15:28:00;S07;S02;10;1.49;casual;bike;1.10;completed;ok
T002005;2026-09-30T15:43:00;S02;S01;6;0.82;student;scooter;1.32;completed;ok
T002006;2026-09-30T19:48:00;S01;S04;6;0.58;casual;bike;0.66;completed;ok
T002007;2026-09-30T17:04:00;S04;S02;7;0.99;subscriber;bike;0.77;completed;ok
T002008;2026-09-30T15:46:00;S02;S01;6;0.87;student;ebike;1.02;completed;ok
T002009;2026-09-30T15:31:00;S02;S03;10;2.13;student;scooter;2.20;completed;ok
T002010;2026-09-30T15:31:00;S02;S04;8;1.00;student;bike;0.88;completed;ok
T002011;2026-09-30T14:11:00;S02;S03;10;2.39;student;ebike;1.70;completed;ok
T002012;2026-09-30T09:53:00;S04;S02;5;0.96;student;scooter;1.10;cancelled;ok
T002013;2026-09-30T14:38:00;S02;S01;5;0.87;student;scooter;1.10;completed;ok
T002014;2026-09-30T13:27:00;S01;S08;8;1.21;subscriber;ebike;1.36;completed;ok
T002015;2026-09-30T10:41:00;S06;S07;12;2.27;casual;ebike;2.04;completed;ok
T002016;2026-09-30T19:05:00;S07;S02;9;1.59;subscriber;bike;0.99;completed;ok
T002017;2026-09-30T19:07:00;S08;S03;17;3.95;subscriber;ebike;2.89;completed;ok
T002018;2026-09-30T17:35:00;S06;S05;8;1.87;subscriber;ebike;1.36;completed;ok
T002019;2026-09-30T08:08:00;S04;S02;6;0.92;student;scooter;1.32;completed;ok
T002020;2026-09-30T07:38:00;S06;S02;8;1.10;student;bike;0.88;completed;ok
T002021;2026-09-30T07:44:00;S02;S05;7;1.45;subscriber;ebike;1.19;completed;ok
T002022;2026-09-30T07:58:00;S06;S02;8;1.16;student;ebike;1.36;completed;ok
T002023;2026-09-30T08:25:00;S04;S02;7;1.04;student;bike;0.77;completed;ok
T002024;2026-09-30T17:56:00;S02;S05;7;1.56;student;ebike;1.19;completed;ok
T002025;2026-09-30T18:22:00;S05;S01;7;1.16;subscriber;ebike;1.19;completed;ok
T002026;2026-09-30T19:12:00;S05;S01;7;1.03;casual;ebike;1.19;completed;ok
T002027;2026-09-30T18:15:00;S01;S03;15;3.21;subscriber;ebike;2.55;completed;ok
T002028;2026-09-30T18:51:00;S03;S01;17;3.25;subscriber;scooter;3.74;completed;ok
T002029;2026-09-30T08:48:00;S03;S02;10;2.39;student;ebike;1.70;completed;ok
T002030;2026-09-30T17:48:00;S06;S03;13;1.90;subscriber;bike;1.43;completed;ok
T002031;2026-09-30T18:07:00;S05;S07;8;1.41;subscriber;ebike;1.36;completed;ok
T002032;2026-09-30T20:27:00;S02;S04;5;0.95;subscriber;ebike;0.85;completed;ok
T002033;2026-09-30T15:04:00;S02;S08;10;1.62;student;bike;1.10;completed;ok
T002034;2026-09-30T09:50:00;S04;S02;8;1.03;student;bike;0.88;completed;ok
T002035;2026-09-30T17:37:00;S05;S06;12;1.80;subscriber;bike;1.32;completed;ok
T002036;2026-09-30T18:14:00;S02;S05;9;1.58;subscriber;bike;0.99;completed;ok
T002037;2026-09-30T15:58:00;S02;S07;7;1.34;student;ebike;1.19;completed;ok
T002038;2026-09-30T08:49:00;S01;S07;6;0.69;subscriber;scooter;1.32;completed;ok
T002039;2026-09-30T15:26:00;S08;S05;12;2.43;subscriber;ebike;2.04;completed;ok
T002040;2026-09-30T15:23:00;S02;S06;6;1.06;student;bike;0.66;completed;ok
T002041;2026-09-30T15:21:00;S02;S08;11;1.69;subscriber;bike;1.21;cancelled;ok
T002042;2026-09-30T15:32:00;S02;S06;7;1.16;student;scooter;1.54;completed;ok
T002043;2026-09-30T17:26:00;S06;S01;8;1.67;subscriber;ebike;1.36;completed;ok
T002044;2026-09-30T17:34:00;S07;S05;8;1.17;subscriber;ebike;1.36;completed;ok
T002045;2026-09-30T07:21:00;S08;S02;10;1.52;student;bike;1.10;completed;ok
T002046;2026-09-30T22:21:00;S07;S03;17;4.13;casual;ebike;2.89;completed;ok
T002047;2026-09-30T08:04:00;S07;S02;10;1.56;student;bike;1.10;completed;ok
T002048;2026-09-30T19:03:00;S06;S07;16;2.44;subscriber;bike;1.76;completed;ok
T002049;2026-09-30T14:09:00;S05;S03;21;3.69;subscriber;bike;2.31;cancelled;ok
T002050;2026-09-30T09:58:00;S01;S02;5;0.78;student;ebike;0.85;completed;ok
T002051;2026-09-30T09:33:00;S04;S02;8;0.99;student;bike;0.88;completed;ok
T002052;2026-09-30T07:57:00;S03;S02;12;2.15;student;bike;1.32;completed;ok
T002053;2026-09-30T10:04:00;S06;S08;15;2.76;subscriber;scooter;3.30;completed;ok
T002054;2026-09-30T08:30:00;S06;S02;5;0.99;student;ebike;0.85;completed;ok
T002055;2026-09-30T13:55:00;S02;S06;8;1.10;student;bike;0.88;completed;ok
T002056;2026-09-30T07:11:00;S06;S02;7;1.04;student;ebike;1.19;completed;ok
T002057;2026-09-30T08:06:00;S08;S02;8;1.64;student;scooter;1.76;completed;ok
T002058;2026-09-30T07:12:00;S08;S02;11;1.54;subscriber;bike;1.21;completed;ok
T002059;2026-09-30T08:57:00;S07;S02;8;1.44;student;ebike;1.36;completed;ok
T002060;2026-09-30T08:44:00;S03;S02;12;2.23;student;bike;1.32;completed;ok
T002061;2026-09-30T22:34:00;S01;S06;8;1.65;subscriber;ebike;1.36;completed;ok
T002062;2026-09-30T14:49:00;S02;S03;12;2.29;student;bike;1.32;completed;ok
T002063;2026-09-30T14:06:00;S02;S07;11;1.51;student;bike;1.21;completed;ok
T002064;2026-09-30T15:20:00;S02;S04;6;1.06;student;ebike;1.02;completed;ok
T002065;2026-09-30T08:58:00;S08;S02;10;1.74;student;bike;1.10;completed;ok
T002066;2026-09-30T13:32:00;S04;S01;4;0.57;casual;bike;0.44;completed;ok
T002067;2026-09-30T20:08:00;S01;S04;6;0.55;subscriber;bike;0.66;completed;ok
T002068;2026-09-30T09:06:00;S03;S02;15;2.40;student;bike;1.65;completed;ok
T002069;2026-09-30T18:18:00;S01;S08;7;1.40;casual;scooter;1.54;completed;ok
T002070;2026-09-30T20:03:00;S06;S02;8;1.02;subscriber;scooter;1.76;completed;ok
T002071;2026-09-30T08:46:00;S01;S02;6;0.89;student;ebike;1.02;completed;ok
T002072;2026-09-30T13:11:00;S02;S04;8;0.92;student;bike;0.88;completed;ok
T002073;2026-09-30T13:01:00;S02;S06;7;1.04;student;bike;0.77;completed;ok
T002074;2026-09-30T17:13:00;S04;S01;4;0.57;subscriber;bike;0.44;completed;ok
T002075;2026-09-30T07:48:00;S05;S02;11;1.71;student;bike;1.21;completed;ok
T002076;2026-09-30T13:50:00;S02;S03;13;2.42;student;bike;1.43;completed;ok
T002077;2026-09-30T22:01:00;S01;S05;7;1.14;casual;scooter;1.54;completed;ok
T002078;2026-09-30T13:13:00;S03;S05;15;3.72;subscriber;ebike;2.55;completed;ok
T002079;2026-09-30T17:10:00;S08;S03;20;3.52;subscriber;bike;2.20;completed;ok
T002080;2026-09-30T07:54:00;S08;S03;17;3.85;subscriber;scooter;3.74;completed;ok
T002081;2026-09-30T09:33:00;S04;S02;7;0.92;student;bike;0.77;completed;ok
T002082;2026-09-30T09:17:00;S03;S02;13;2.54;student;scooter;2.86;completed;ok
T002083;2026-09-30T17:44:00;S07;S08;7;1.10;subscriber;scooter;1.54;completed;ok
T002084;2026-09-30T15:27:00;S02;S05;8;1.52;student;ebike;1.36;completed;ok
T002085;2026-09-30T11:50:00;S07;S03;17;3.89;casual;ebike;2.89;completed;ok
T002086;2026-09-30T08:01:00;S06;S02;8;;student;bike;0.88;completed;missing_distance
T002087;2026-09-30T09:52:00;S03;S04;19;3.21;subscriber;bike;2.09;completed;ok
T002088;2026-09-30T09:05:00;S03;S02;11;2.16;student;ebike;1.87;completed;ok
T002089;2026-09-30T08:55:00;S06;S02;9;0.99;student;bike;0.99;completed;ok
T002090;2026-09-30T21:26:00;S04;S03;18;3.42;subscriber;bike;1.98;completed;ok
T002091;2026-09-30T09:21:00;S01;S02;6;0.81;student;scooter;1.32;completed;ok
T002092;2026-09-30T16:45:00;S06;S04;13;2.22;subscriber;bike;1.43;completed;ok
T002093;2026-09-30T13:14:00;S03;S02;14;2.41;subscriber;bike;1.54;completed;ok
T002094;2026-09-30T16:02:00;S02;S01;5;0.87;subscriber;scooter;1.10;completed;ok
T002095;2026-09-30T07:23:00;S06;S02;6;1.17;subscriber;scooter;1.32;completed;ok
T002096;2026-09-30T13:25:00;S03;S06;11;1.77;casual;bike;1.21;completed;ok
T002097;2026-10-01T18:18:00;S04;S08;6;0.74;subscriber;ebike;1.02;completed;ok
T002098;2026-10-01T13:26:00;S02;S01;6;0.83;student;bike;0.66;completed;ok
T002099;2026-10-01T20:28:00;S07;S06;13;2.38;casual;bike;1.43;completed;ok
T002100;2026-10-01T21:33:00;S04;S01;4;0.57;student;scooter;0.88;completed;ok
T002101;2026-10-01T20:48:00;S06;S02;6;1.04;casual;bike;0.66;completed;ok
T002102;2026-10-01T20:22:00;S07;S08;6;1.12;casual;bike;0.66;completed;ok
T002103;2026-10-01T08:50:00;S03;S02;11;2.60;student;ebike;1.87;completed;ok
T002104;2026-10-01T14:45:00;S02;S05;11;1.48;student;bike;1.21;completed;ok
T002105;2026-10-01T07:06:00;S07;S02;10;1.39;casual;bike;1.10;completed;ok
T002106;2026-10-01T20:16:00;S04;S05;9;1.59;subscriber;scooter;1.98;completed;ok
T002107;2026-10-01T07:54:00;S02;S03;15;2.62;subscriber;bike;1.65;completed;ok
T002108;2026-10-01T20:36:00;S08;S03;18;3.94;subscriber;ebike;3.06;completed;ok
T002109;2026-10-01T13:36:00;S04;S01;6;0.66;casual;ebike;1.02;completed;ok
T002110;2026-10-01T09:29:00;S08;S02;9;1.62;student;bike;0.99;completed;ok
T002111;2026-10-01T20:32:00;S02;S04;7;0.97;subscriber;bike;0.77;completed;ok
T002112;2026-10-01T18:44:00;S02;S05;7;1.42;subscriber;ebike;1.19;completed;ok
T002113;2026-10-01T18:14:00;S04;S01;6;0.64;casual;ebike;1.02;completed;ok
T002114;2026-10-01T09:03:00;S02;S03;12;2.36;subscriber;scooter;2.64;completed;ok
T002115;2026-10-01T15:20:00;S02;S01;6;0.75;student;scooter;1.32;completed;ok
T002116;2026-10-01T18:20:00;S01;S03;14;3.29;subscriber;scooter;3.08;completed;ok
T002117;2026-10-01T14:12:00;S02;S01;4;0.75;student;ebike;0.68;completed;ok
T002118;2026-10-01T12:55:00;S01;S08;8;1.35;casual;scooter;1.76;completed;ok
T002119;2026-10-01T15:29:00;S02;S04;7;0.96;student;bike;0.77;completed;ok
T002120;2026-10-01T20:48:00;S01;S02;6;0.83;subscriber;bike;0.66;completed;ok
T002121;2026-10-01T19:02:00;S03;S07;22;3.87;subscriber;bike;2.42;completed;ok
T002122;2026-10-01T13:40:00;S07;S05;7;1.31;subscriber;bike;0.77;cancelled;ok
T002123;2026-10-01T13:22:00;S02;S08;10;1.56;student;bike;1.10;completed;ok
T002124;2026-10-01T11:07:00;S05;S07;8;1.25;casual;ebike;1.36;completed;ok
T002125;2026-10-01T17:02:00;S01;S07;3;0.61;subscriber;ebike;0.51;completed;ok
T002126;2026-10-01T17:23:00;S01;S04;5;0.56;student;scooter;1.10;completed;ok
T002127;2026-10-01T14:09:00;S02;S07;9;1.38;student;bike;0.99;completed;ok
T002128;2026-10-01T07:25:00;S03;S02;11;2.39;student;ebike;1.87;completed;ok
T002129;2026-10-01T15:25:00;S02;S05;9;1.59;student;ebike;1.53;completed;ok
T002130;2026-10-01T13:46:00;S02;S01;6;0.84;casual;bike;0.66;completed;ok
T002131;2026-10-01T19:57:00;S07;S04;5;0.78;subscriber;bike;0.55;completed;ok
T002132;2026-10-01T15:23:00;S02;S01;5;0.90;student;ebike;0.85;completed;ok
T002133;2026-10-01T13:56:00;S02;S06;7;1.03;student;bike;0.77;completed;ok
T002134;2026-10-01T15:52:00;S02;S07;6;1.37;student;ebike;1.02;completed;ok
T002135;2026-10-01T17:00:00;S01;S07;5;0.63;student;scooter;1.10;completed;ok
T002136;2026-10-01T19:23:00;S07;S03;22;3.82;student;bike;2.42;completed;ok
T002137;2026-10-01T14:39:00;S02;S06;7;1.10;student;bike;0.77;completed;ok
T002138;2026-10-01T19:06:00;S07;S05;8;1.21;subscriber;scooter;1.76;completed;ok
T002139;2026-10-01T08:02:00;S05;S02;7;1.44;student;ebike;1.19;completed;ok
T002140;2026-10-01T07:52:00;S08;S02;8;1.52;student;ebike;1.36;completed;ok
T002141;2026-10-01T08:00:00;S01;S08;7;1.36;casual;ebike;1.19;completed;ok
T002142;2026-10-01T09:06:00;S07;S03;17;4.17;subscriber;ebike;2.89;completed;ok
T002143;2026-10-01T19:31:00;S01;S05;6;1.15;student;scooter;1.32;completed;ok
T002144;2026-10-01T14:39:00;S02;S01;7;0.89;student;bike;0.77;completed;ok
T002145;2026-10-01T09:52:00;S01;S02;5;0.85;student;ebike;0.85;completed;ok
T002146;2026-10-01T09:05:00;S07;S02;10;1.56;student;bike;1.10;completed;ok
T002147;2026-10-01T20:14:00;S01;S02;7;0.86;subscriber;ebike;1.19;completed;ok
T002148;2026-10-01T20:08:00;S07;S03;19;3.96;casual;scooter;4.18;completed;ok
T002149;2026-10-01T07:19:00;S08;S06;16;2.65;subscriber;bike;1.76;completed;ok
T002150;2026-10-01T08:38:00;S01;S06;11;1.64;subscriber;bike;1.21;completed;ok
T002151;2026-10-01T10:25:00;S06;S08;16;2.86;subscriber;bike;1.76;completed;ok
T002152;2026-10-01T20:15:00;S01;S04;5;0.61;subscriber;ebike;0.85;completed;ok
T002153;2026-10-01T09:16:00;S04;S02;6;0.90;student;ebike;1.02;cancelled;ok
T002154;2026-10-01T07:39:00;S04;S02;8;1.09;student;bike;0.88;completed;ok
T002155;2026-10-01T13:51:00;S02;S03;13;2.38;student;bike;1.43;completed;ok
T002156;2026-10-01T19:13:00;S02;S01;5;0.87;subscriber;ebike;0.85;completed;ok
T002157;2026-10-01T16:48:00;S07;S04;7;0.70;subscriber;bike;0.77;completed;ok
T002158;2026-10-01T09:51:00;S01;S08;8;1.46;casual;ebike;1.36;completed;ok
T002159;2026-10-01T08:45:00;S06;S02;8;0.98;student;bike;0.88;completed;ok
T002160;2026-10-01T18:45:00;S03;S08;16;4.00;subscriber;ebike;2.72;completed;ok
T002161;2026-10-01T09:09:00;S03;S02;11;2.57;student;ebike;1.87;completed;ok
T002162;2026-10-01T07:37:00;S04;S02;7;1.06;student;bike;0.77;completed;ok
T002163;2026-10-01T18:33:00;S01;S05;8;0.97;subscriber;bike;0.88;completed;ok
T002164;2026-10-01T08:08:00;S08;S04;6;0.76;casual;ebike;1.02;completed;ok
T002165;2026-10-01T19:28:00;S01;S02;8;0.85;casual;bike;0.88;completed;ok
T002166;2026-10-01T07:55:00;S04;S05;10;1.56;subscriber;bike;1.10;completed;ok
T002167;2026-10-01T08:45:00;S04;S02;5;1.00;student;ebike;0.85;completed;ok
T002168;2026-10-01T14:20:00;S03;S05;18;3.96;subscriber;ebike;3.06;completed;ok
T002169;2026-10-01T10:05:00;S07;S03;19;4.18;subscriber;ebike;3.23;completed;ok
T002170;2026-10-01T13:50:00;S02;S06;8;1.15;student;scooter;1.76;completed;ok
T002171;2026-10-01T07:33:00;S07;S02;9;1.37;student;bike;0.99;completed;ok
T002172;2026-10-01T07:44:00;S07;S02;8;1.53;student;ebike;1.36;completed;ok
T002173;2026-10-01T07:20:00;S04;S02;8;0.91;student;bike;0.88;completed;ok
T002174;2026-10-01T15:00:00;S02;S04;5;0.92;subscriber;ebike;0.85;completed;ok
T002175;2026-10-01T16:17:00;S02;S04;6;0.94;student;scooter;1.32;completed;ok
T002176;2026-10-01T08:41:00;S03;S02;15;2.38;student;bike;1.65;completed;ok
T002177;2026-10-01T18:44:00;S04;S03;17;2.99;subscriber;bike;1.87;completed;ok
T002178;2026-10-01T08:32:00;S06;S02;8;1.19;student;bike;0.88;completed;ok
T002179;2026-10-01T08:17:00;S01;S08;8;1.31;subscriber;ebike;1.36;completed;ok
T002180;2026-10-01T09:16:00;S07;S02;7;1.46;student;ebike;1.19;completed;ok
T002181;2026-10-01T18:00:00;S05;S07;6;1.26;student;ebike;1.02;completed;ok
T002182;2026-10-01T09:25:00;S03;S02;14;2.39;student;bike;1.54;completed;ok
T002183;2026-10-01T14:00:00;S06;S02;7;1.03;subscriber;ebike;1.19;completed;ok
T002184;2026-10-01T07:53:00;S08;S03;19;3.41;casual;bike;2.09;completed;ok
T002185;2026-10-01T09:38:00;S01;S02;6;0.78;student;bike;0.66;completed;ok
T002186;2026-10-01T19:04:00;S06;S07;14;2.34;casual;bike;1.54;completed;ok
T002187;2026-10-01T07:08:00;S01;S02;5;0.84;student;ebike;0.85;completed;ok
T002188;2026-10-01T09:31:00;S08;S01;8;1.27;subscriber;scooter;1.76;completed;ok
T002189;2026-10-01T14:10:00;S02;S07;9;1.50;student;scooter;1.98;completed;ok
T002190;2026-10-01T08:30:00;S04;S02;8;0.96;student;bike;0.88;completed;ok
T002191;2026-10-01T13:14:00;S07;S03;17;4.13;subscriber;ebike;2.89;completed;ok
T002192;2026-10-01T15:10:00;S01;S03;17;3.15;subscriber;bike;1.87;completed;ok
T002193;2026-10-01T07:28:00;S04;S02;7;0.99;student;bike;0.77;completed;ok
T002194;2026-10-01T20:21:00;S01;S03;14;3.35;casual;ebike;2.38;completed;ok
T002195;2026-10-01T18:48:00;S01;S03;14;3.48;student;ebike;2.38;completed;ok
T002196;2026-10-01T17:28:00;S02;S08;9;1.67;subscriber;bike;0.99;completed;ok
T002197;2026-10-01T14:59:00;S02;S05;11;1.46;student;bike;1.21;completed;ok
T002198;2026-10-01T17:27:00;S07;S02;7;1.31;student;scooter;1.54;completed;ok
T002199;2026-10-01T07:43:00;S03;S02;14;2.27;student;bike;1.54;completed;ok
T002200;2026-10-01T07:37:00;S07;S02;8;1.55;student;ebike;1.36;completed;ok
T002201;2026-10-01T19:38:00;S05;S07;9;1.24;subscriber;bike;0.99;completed;ok
T002202;2026-10-01T19:41:00;S03;S06;11;1.96;casual;bike;1.21;completed;ok
T002203;2026-10-01T15:42:00;S02;S01;6;0.90;student;ebike;1.02;completed;ok
T002204;2026-10-01T07:32:00;S08;S06;10;2.44;subscriber;ebike;1.70;completed;ok
T002205;2026-10-01T07:46:00;S03;S02;11;2.38;student;ebike;1.87;completed;ok
T002206;2026-10-01T07:11:00;S01;S02;5;0.84;student;bike;0.55;completed;ok
T002207;2026-10-01T15:30:00;S02;S06;7;0.98;student;scooter;1.54;completed;ok
T002208;2026-10-01T20:20:00;S02;S04;7;0.95;subscriber;bike;0.77;completed;ok
T002209;2026-10-01T18:10:00;S03;S06;12;1.88;subscriber;bike;1.32;completed;ok
T002210;2026-10-01T09:51:00;S01;S02;7;0.75;student;bike;0.77;completed;ok
T002211;2026-10-01T18:10:00;S05;S06;10;1.85;casual;bike;1.10;completed;ok
T002212;2026-10-01T09:16:00;S04;S02;7;1.05;student;bike;0.77;completed;ok
T002213;2026-10-01T20:40:00;S03;S05;22;4.02;subscriber;bike;2.42;completed;ok
T002214;2026-10-01T07:33:00;S08;S02;10;1.49;student;scooter;2.20;completed;ok
T002215;2026-10-01T08:57:00;S06;S02;8;1.08;student;bike;0.88;completed;ok
T002216;2026-10-01T09:05:00;S01;S06;9;1.72;casual;scooter;1.98;completed;ok
T002217;2026-10-01T17:46:00;S02;S03;15;2.62;subscriber;bike;1.65;completed;ok
T002218;2026-10-01T14:58:00;S02;S01;7;0.81;student;scooter;1.54;completed;ok
T002219;2026-10-01T09:11:00;S07;S02;9;1.41;student;bike;0.99;completed;ok
T002220;2026-10-01T14:43:00;S02;S03;12;2.27;student;bike;1.32;completed;ok
T002221;2026-10-01T07:29:00;S07;S02;11;1.58;student;bike;1.21;completed;ok
T002222;2026-10-01T13:15:00;S01;S07;5;0.66;subscriber;bike;0.55;completed;ok
T002223;2026-10-01T20:25:00;S04;S01;5;0.62;subscriber;ebike;0.85;completed;ok
T002224;2026-10-01T22:23:00;S01;S06;8;1.71;subscriber;ebike;1.36;completed;ok
T002225;2026-10-01T07:56:00;S07;S02;6;1.37;student;ebike;1.02;completed;ok
T002226;2026-10-01T07:42:00;S01;S06;10;1.77;subscriber;ebike;1.70;completed;ok
T002227;2026-10-01T14:31:00;S02;S05;9;1.65;student;ebike;1.53;completed;ok
T002228;2026-10-01T19:06:00;S03;S06;10;1.81;student;ebike;1.70;completed;ok
T002229;2026-10-01T14:47:00;S02;S01;5;0.76;student;bike;0.55;completed;ok
T002230;2026-10-01T13:45:00;S04;S05;9;1.64;casual;ebike;1.53;completed;ok
T002231;2026-10-01T09:54:00;S03;S07;20;3.55;subscriber;bike;2.20;completed;ok
T002232;2026-10-01T07:59:00;S03;S02;13;2.49;student;ebike;2.21;completed;ok
T002233;2026-10-01T09:04:00;S06;S08;15;2.53;casual;bike;1.65;completed;ok
T002234;2026-10-01T21:38:00;S08;S06;12;2.61;casual;ebike;2.04;completed;ok
T002235;2026-10-01T08:31:00;S04;S05;10;;casual;scooter;2.20;completed;missing_distance
T002236;2026-10-01T06:32:00;S01;S07;6;0.61;student;scooter;1.32;completed;ok
T002237;2026-10-01T17:46:00;S02;S06;8;1.10;student;scooter;1.76;cancelled;ok
T002238;2026-10-01T07:49:00;S08;S07;7;1.05;casual;bike;0.77;completed;ok
T002239;2026-10-01T19:17:00;S07;S06;13;2.61;subscriber;ebike;2.21;completed;ok
T002240;2026-10-01T15:59:00;S06;S05;11;1.96;subscriber;ebike;1.87;completed;ok
T002241;2026-10-01T15:49:00;S02;S06;6;0.98;student;bike;0.66;completed;ok
T002242;2026-10-01T07:54:00;S02;S03;15;2.50;casual;bike;1.65;completed;ok
T002243;2026-10-01T14:41:00;S02;S04;5;0.89;student;scooter;1.10;completed;ok
T002244;2026-10-01T09:00:00;S05;S02;7;1.57;student;ebike;1.19;completed;ok
T002245;2026-10-01T18:51:00;S06;S05;8;1.73;subscriber;ebike;1.36;completed;ok
T002246;2026-10-01T08:12:00;S01;S02;6;0.86;student;ebike;1.02;completed;ok
T002247;2026-10-01T20:27:00;S07;S04;4;0.81;casual;ebike;0.68;completed;ok
T002248;2026-10-01T08:39:00;S07;S02;7;1.42;student;scooter;1.54;completed;ok
T002249;2026-10-01T09:47:00;S06;S02;5;1.02;student;ebike;0.85;completed;ok
T002250;2026-10-01T18:04:00;S03;S01;14;3.38;subscriber;ebike;2.38;completed;ok
T002251;2026-10-01T08:57:00;S07;S02;7;1.52;student;ebike;1.19;completed;ok
T002252;2026-10-01T08:13:00;S04;S02;9;1.06;student;bike;0.99;completed;ok
T002253;2026-10-01T14:30:00;S02;S05;9;1.63;student;ebike;1.53;completed;ok
T002254;2026-10-01T07:55:00;S02;S07;8;1.46;casual;bike;0.88;completed;ok
T002255;2026-10-01T16:47:00;S03;S04;13;3.07;subscriber;ebike;2.21;completed;ok
T002256;2026-10-01T18:45:00;S06;S01;9;1.57;casual;scooter;1.98;completed;ok
T002257;2026-10-02T17:03:00;S02;S05;12;1.72;student;bike;1.32;completed;ok
T002258;2026-10-02T19:09:00;S06;S05;11;1.85;subscriber;scooter;2.42;completed;ok
T002259;2026-10-02T18:06:00;S06;S05;13;1.99;student;bike;1.43;completed;ok
T002260;2026-10-02T15:08:00;S04;S03;17;3.58;subscriber;ebike;2.89;completed;ok
T002261;2026-10-02T17:06:00;S06;S03;9;1.65;casual;bike;0.99;completed;ok
T002262;2026-10-02T19:09:00;S07;S02;9;1.37;subscriber;bike;0.99;completed;ok
T002263;2026-10-02T08:21:00;S01;S02;6;0.75;student;ebike;1.02;completed;ok
T002264;2026-10-02T17:17:00;S02;S05;11;1.67;student;bike;1.21;completed;ok
T002265;2026-10-02T09:21:00;S01;S04;4;0.55;casual;ebike;0.68;completed;ok
T002266;2026-10-02T08:23:00;S01;S02;5;0.85;student;ebike;0.85;completed;ok
T002267;2026-10-02T08:26:00;S04;S02;8;0.89;student;bike;0.88;completed;ok
T002268;2026-10-02T09:46:00;S01;S02;5;0.84;student;scooter;1.10;completed;ok
T002269;2026-10-02T20:31:00;S08;S02;10;1.75;student;bike;1.10;completed;ok
T002270;2026-10-02T09:28:00;S03;S02;12;2.31;student;scooter;2.64;completed;ok
T002271;2026-10-02T08:27:00;S06;S02;7;0.98;student;ebike;1.19;completed;ok
T002272;2026-10-02T20:32:00;S01;S05;8;1.08;subscriber;bike;0.88;completed;ok
T002273;2026-10-02T19:10:00;S01;S05;7;1.09;subscriber;scooter;1.54;completed;ok
T002274;2026-10-02T09:13:00;S05;S02;8;1.49;student;bike;0.88;completed;ok
T002275;2026-10-02T15:35:00;S02;S07;8;1.39;student;scooter;1.76;completed;ok
T002276;2026-10-02T13:09:00;S02;S01;5;0.83;student;ebike;0.85;completed;ok
T002277;2026-10-02T11:20:00;S06;S05;12;2.03;student;bike;1.32;completed;ok
T002278;2026-10-02T07:21:00;S06;S02;7;1.13;student;bike;0.77;completed;ok
T002279;2026-10-02T14:18:00;S02;S07;9;1.45;student;ebike;1.53;completed;ok
T002280;2026-10-02T19:54:00;S07;S05;10;1.38;casual;bike;1.10;completed;ok
T002281;2026-10-02T22:14:00;S02;S08;7;1.61;student;ebike;1.19;completed;ok
T002282;2026-10-02T13:56:00;S02;S03;12;2.17;student;ebike;2.04;completed;ok
T002283;2026-10-02T14:07:00;S02;S06;9;1.19;student;bike;0.99;completed;ok
T002284;2026-10-02T09:40:00;S08;S02;10;1.61;student;bike;1.10;completed;ok
T002285;2026-10-02T09:44:00;S01;S02;6;0.83;student;scooter;1.32;completed;ok
T002286;2026-10-02T17:05:00;S07;S06;13;2.48;student;scooter;2.86;completed;ok
T002287;2026-10-02T15:36:00;S02;S03;13;2.25;student;scooter;2.86;completed;ok
T002288;2026-10-02T08:01:00;S01;S02;7;0.78;student;scooter;1.54;completed;ok
T002289;2026-10-02T09:49:00;S07;S02;7;1.40;student;scooter;1.54;completed;ok
T002290;2026-10-02T08:03:00;S01;S02;6;0.87;student;ebike;1.02;completed;ok
T002291;2026-10-02T18:32:00;S04;S08;6;0.68;casual;bike;0.66;completed;ok
T002292;2026-10-02T08:24:00;S07;S02;9;1.55;student;bike;0.99;completed;ok
T002293;2026-10-02T21:21:00;S02;S03;10;2.38;subscriber;ebike;1.70;completed;ok
T002294;2026-10-02T20:42:00;S01;S07;4;0.70;student;scooter;0.88;completed;ok
T002295;2026-10-02T19:27:00;S08;S07;10;1.23;subscriber;bike;1.10;completed;ok
T002296;2026-10-02T21:09:00;S03;S06;11;1.81;casual;bike;1.21;completed;ok
T002297;2026-10-02T08:40:00;S08;S02;9;1.72;student;ebike;1.53;completed;ok
T002298;2026-10-02T20:03:00;S04;S02;5;0.97;subscriber;ebike;0.85;completed;ok
T002299;2026-10-02T15:24:00;S04;S06;11;2.07;subscriber;scooter;2.42;completed;ok
T002300;2026-10-02T18:18:00;S04;S03;19;3.57;subscriber;bike;2.09;completed;ok
T002301;2026-10-02T20:21:00;S06;S04;9;1.86;subscriber;scooter;1.98;completed;ok
T002302;2026-10-02T13:51:00;S03;S02;14;2.20;subscriber;bike;1.54;completed;ok
T002303;2026-10-02T09:37:00;S07;S02;8;1.61;student;scooter;1.76;completed;ok
T002304;2026-10-02T22:31:00;S05;S04;8;1.64;casual;ebike;1.36;cancelled;ok
T002305;2026-10-02T20:59:00;S04;S06;11;2.20;subscriber;ebike;1.87;completed;ok
T002306;2026-10-02T17:31:00;S02;S04;7;0.99;subscriber;bike;0.77;completed;ok
T002307;2026-10-02T18:04:00;S03;S01;13;2.88;casual;ebike;2.21;completed;ok
T002308;2026-10-02T18:45:00;S08;S03;22;3.96;subscriber;bike;2.42;completed;ok
T002309;2026-10-02T20:46:00;S07;S08;5;1.17;subscriber;ebike;0.85;completed;ok
T002310;2026-10-02T08:14:00;S03;S02;13;2.25;student;bike;1.43;completed;ok
T002311;2026-10-02T18:43:00;S07;S02;9;1.59;casual;bike;0.99;completed;ok
T002312;2026-10-02T17:49:00;S02;S07;9;1.40;subscriber;bike;0.99;completed;ok
T002313;2026-10-02T15:34:00;S02;S01;7;0.77;student;bike;0.77;completed;ok
T002314;2026-10-02T22:34:00;S03;S08;18;3.36;student;bike;1.98;completed;ok
T002315;2026-10-02T15:21:00;S07;S05;9;1.40;subscriber;bike;0.99;completed;ok
T002316;2026-10-02T17:32:00;S04;S01;5;0.61;casual;bike;0.55;completed;ok
T002317;2026-10-02T18:28:00;S08;S01;9;1.45;subscriber;bike;0.99;completed;ok
T002318;2026-10-02T17:15:00;S07;S08;8;1.09;casual;bike;0.88;completed;ok
T002319;2026-10-02T18:46:00;S03;S07;20;4.02;subscriber;bike;2.20;cancelled;ok
T002320;2026-10-02T18:32:00;S07;S05;8;1.18;subscriber;bike;0.88;completed;ok
T002321;2026-10-02T19:08:00;S07;S03;20;4.20;subscriber;scooter;4.40;completed;ok
T002322;2026-10-02T13:01:00;S02;S06;7;1.07;student;scooter;1.54;completed;ok
T002323;2026-10-02T13:04:00;S02;S07;10;1.39;student;bike;1.10;completed;ok
T002324;2026-10-02T09:20:00;S05;S02;8;1.42;student;bike;0.88;completed;ok
T002325;2026-10-02T20:56:00;S01;S07;6;0.66;subscriber;bike;0.66;completed;ok
T002326;2026-10-02T18:23:00;S06;S07;15;2.24;subscriber;bike;1.65;completed;ok
T002327;2026-10-02T20:44:00;S01;S04;6;0.66;subscriber;bike;0.66;completed;ok
T002328;2026-10-02T18:33:00;S05;S01;8;1.05;subscriber;bike;0.88;completed;ok
T002329;2026-10-02T19:29:00;S04;S03;14;3.21;subscriber;ebike;2.38;completed;ok
T002330;2026-10-02T15:01:00;S06;S03;10;1.92;subscriber;ebike;1.70;completed;ok
T002331;2026-10-02T08:02:00;S01;S02;6;0.75;student;scooter;1.32;completed;ok
T002332;2026-10-02T15:36:00;S02;S07;8;1.57;student;ebike;1.36;completed;ok
T002333;2026-10-02T16:56:00;S03;S02;11;2.29;casual;ebike;1.87;completed;ok
T002334;2026-10-02T07:54:00;S01;S02;6;0.86;student;bike;0.66;completed;ok
T002335;2026-10-02T09:49:00;S03;S02;16;2.55;student;bike;1.76;completed;ok
T002336;2026-10-02T17:57:00;S06;S03;11;1.82;student;scooter;2.42;completed;ok
T002337;2026-10-02T18:21:00;S07;S03;18;3.85;student;scooter;3.96;completed;ok
T002338;2026-10-02T07:06:00;S04;S02;6;0.95;student;ebike;1.02;completed;ok
T002339;2026-10-02T20:47:00;S07;S03;20;3.46;subscriber;bike;2.20;completed;ok
T002340;2026-10-02T08:39:00;S07;S02;8;1.58;student;ebike;1.36;cancelled;ok
T002341;2026-10-02T12:51:00;S02;S06;7;1.17;student;ebike;1.19;completed;ok
T002342;2026-10-02T14:18:00;S02;S06;7;1.05;student;ebike;1.19;completed;ok
T002343;2026-10-02T15:48:00;S02;S03;13;2.49;student;bike;1.43;completed;ok
T002344;2026-10-02T08:26:00;S01;S06;10;1.76;subscriber;ebike;1.70;completed;ok
T002345;2026-10-02T09:51:00;S07;S02;10;1.33;student;bike;1.10;completed;ok
T002346;2026-10-02T09:10:00;S05;S02;10;1.67;student;bike;1.10;completed;ok
T002347;2026-10-02T08:09:00;S08;S02;12;1.76;student;bike;1.32;completed;ok
T002348;2026-10-02T13:54:00;S02;S06;9;1.07;student;bike;0.99;completed;ok
T002349;2026-10-02T16:15:00;S01;S08;6;1.21;subscriber;ebike;1.02;completed;ok
T002350;2026-10-02T09:35:00;S07;S02;9;1.36;student;bike;0.99;completed;ok
T002351;2026-10-02T13:00:00;S01;S06;10;1.87;casual;scooter;2.20;completed;ok
T002352;2026-10-02T07:50:00;S04;S02;9;1.00;student;bike;0.99;completed;ok
T002353;2026-10-02T17:30:00;S08;S01;8;1.46;subscriber;ebike;1.36;completed;ok
T002354;2026-10-02T18:06:00;S03;S05;19;3.54;student;bike;2.09;completed;ok
T002355;2026-10-02T13:24:00;S02;S04;7;1.08;student;ebike;1.19;completed;ok
T002356;2026-10-02T17:59:00;S07;S03;15;3.87;subscriber;ebike;2.55;completed;ok
T002357;2026-10-02T21:38:00;S01;S08;7;1.46;subscriber;scooter;1.54;completed;ok
T002358;2026-10-02T07:28:00;S03;S02;14;2.21;student;bike;1.54;completed;ok
T002359;2026-10-02T18:33:00;S07;S04;4;0.70;subscriber;ebike;0.68;completed;ok
T002360;2026-10-02T20:16:00;S07;S01;6;0.70;casual;scooter;1.32;completed;ok
T002361;2026-10-02T19:49:00;S01;S07;6;0.73;casual;ebike;1.02;completed;ok
T002362;2026-10-02T08:14:00;S03;S05;16;4.00;subscriber;ebike;2.72;completed;ok
T002363;2026-10-02T13:00:00;S06;S02;8;1.12;subscriber;ebike;1.36;completed;ok
T002364;2026-10-02T19:06:00;S03;S05;19;3.75;subscriber;bike;2.09;completed;ok
T002365;2026-10-02T15:20:00;S01;S07;6;0.70;casual;bike;0.66;cancelled;ok
T002366;2026-10-02T14:12:00;S02;S03;10;2.17;student;ebike;1.70;completed;ok
T002367;2026-10-02T07:46:00;S03;S02;10;2.23;student;scooter;2.20;completed;ok
T002368;2026-10-02T22:54:00;S01;S06;8;1.62;casual;ebike;1.36;completed;ok
T002369;2026-10-02T07:51:00;S01;S04;5;0.56;subscriber;ebike;0.85;completed;ok
T002370;2026-10-02T19:20:00;S06;S07;16;2.60;subscriber;bike;1.76;completed;ok
T002371;2026-10-02T20:54:00;S01;S06;11;1.79;casual;bike;1.21;completed;ok
T002372;2026-10-02T09:18:00;S04;S02;6;0.89;student;scooter;1.32;completed;ok
T002373;2026-10-02T08:59:00;S07;S03;17;3.78;subscriber;ebike;2.89;completed;ok
T002374;2026-10-02T08:04:00;S01;S02;4;0.74;student;scooter;0.88;completed;ok
T002375;2026-10-02T07:47:00;S07;S02;8;1.60;student;ebike;1.36;completed;ok
T002376;2026-10-02T09:15:00;S01;S02;5;0.90;subscriber;scooter;1.10;completed;ok
T002377;2026-10-02T17:21:00;S04;S02;7;0.92;casual;bike;0.77;completed;ok
T002378;2026-10-02T20:57:00;S06;S03;9;1.68;subscriber;scooter;1.98;completed;ok
T002379;2026-10-02T07:11:00;S04;S07;4;0.69;subscriber;scooter;0.88;completed;ok
T002380;2026-10-02T09:51:00;S04;S02;9;0.99;casual;bike;0.99;completed;ok
T002381;2026-10-02T06:10:00;S02;S06;8;1.19;subscriber;bike;0.88;completed;ok
T002382;2026-10-02T18:08:00;S02;S06;9;1.18;student;bike;0.99;completed;ok
T002383;2026-10-02T18:55:00;S07;S08;8;1.13;subscriber;bike;0.88;completed;ok
T002384;2026-10-02T17:15:00;S08;S05;14;;subscriber;bike;1.54;completed;missing_distance
T002385;2026-10-02T18:37:00;S04;S05;10;1.63;subscriber;bike;1.10;completed;ok
T002386;2026-10-02T17:58:00;S01;S07;5;0.72;subscriber;ebike;0.85;completed;ok
T002387;2026-10-02T09:21:00;S08;S05;11;2.25;casual;ebike;1.87;completed;ok
T002388;2026-10-02T08:26:00;S01;S07;6;0.63;subscriber;bike;0.66;completed;ok
T002389;2026-10-02T13:26:00;S02;S05;7;1.41;student;ebike;1.19;completed;ok
T002390;2026-10-02T19:52:00;S04;S05;9;1.53;student;bike;0.99;completed;ok
T002391;2026-10-02T08:44:00;S03;S02;11;2.52;student;scooter;2.42;completed;ok
T002392;2026-10-02T12:12:00;S03;S07;19;3.48;student;bike;2.09;completed;ok
T002393;2026-10-02T13:06:00;S02;S05;8;1.40;student;scooter;1.76;completed;ok
T002394;2026-10-02T13:19:00;S02;S05;10;1.66;student;ebike;1.70;completed;ok
T002395;2026-10-02T17:55:00;S02;S07;9;1.48;casual;bike;0.99;completed;ok
T002396;2026-10-02T14:28:00;S02;S01;6;0.74;student;scooter;1.32;completed;ok
T002397;2026-10-02T18:05:00;S04;S08;6;0.79;student;scooter;1.32;completed;ok
T002398;2026-10-02T07:27:00;S04;S02;7;0.96;student;ebike;1.19;completed;ok
T002399;2026-10-02T13:38:00;S02;S03;10;2.25;student;ebike;1.70;completed;ok
T002400;2026-10-02T18:18:00;S08;S06;13;2.53;subscriber;scooter;2.86;completed;ok
T002401;2026-10-02T18:19:00;S07;S08;6;1.07;student;ebike;1.02;completed;ok
T002402;2026-10-02T15:35:00;S02;S08;11;1.77;subscriber;bike;1.21;completed;ok
T002403;2026-10-02T22:58:00;S07;S01;7;0.65;subscriber;bike;0.77;completed;ok
T002404;2026-10-02T19:54:00;S01;S03;19;3.36;casual;bike;2.09;completed;ok
T002405;2026-10-02T16:30:00;S08;S05;12;2.50;student;ebike;2.04;completed;ok
T002406;2026-10-02T13:02:00;S02;S06;8;1.20;student;scooter;1.76;completed;ok
T002407;2026-10-02T13:15:00;S02;S04;9;1.08;student;bike;0.99;completed;ok
T002408;2026-10-02T14:38:00;S02;S06;7;1.01;student;scooter;1.54;completed;ok
T002409;2026-10-02T10:02:00;S01;S08;9;1.22;subscriber;bike;0.99;completed;ok
T002410;2026-10-02T18:42:00;S02;S05;9;1.48;subscriber;scooter;1.98;completed;ok
T002411;2026-10-02T19:07:00;S06;S08;13;2.94;subscriber;ebike;2.21;completed;ok
T002412;2026-10-02T10:54:00;S02;S07;8;1.42;subscriber;ebike;1.36;completed;ok
T002413;2026-10-02T09:18:00;S07;S04;7;0.75;subscriber;bike;0.77;completed;ok
T002414;2026-10-03T11:00:00;S04;S05;9;1.52;subscriber;ebike;1.53;completed;ok
T002415;2026-10-03T17:36:00;S02;S03;11;2.33;student;ebike;1.87;completed;ok
T002416;2026-10-03T19:33:00;S01;S08;8;1.37;casual;bike;0.88;completed;ok
T002417;2026-10-03T20:29:00;S04;S06;13;1.94;subscriber;bike;1.43;completed;ok
T002418;2026-10-03T17:03:00;S06;S02;6;1.12;student;ebike;1.02;completed;ok
T002419;2026-10-03T19:47:00;S02;S06;7;1.13;casual;bike;0.77;completed;ok
T002420;2026-10-03T17:33:00;S06;S03;11;1.97;student;bike;1.21;completed;ok
T002421;2026-10-03T17:23:00;S02;S03;16;2.49;casual;bike;1.76;completed;ok
T002422;2026-10-03T20:47:00;S03;S07;20;3.75;casual;bike;2.20;completed;ok
T002423;2026-10-03T19:33:00;S08;S07;6;1.06;student;ebike;1.02;completed;ok
T002424;2026-10-03T19:01:00;S03;S04;13;3.01;subscriber;ebike;2.21;completed;ok
T002425;2026-10-03T19:09:00;S07;S06;11;2.35;subscriber;ebike;1.87;completed;ok
T002426;2026-10-03T11:35:00;S03;S02;11;2.59;subscriber;ebike;1.87;completed;ok
T002427;2026-10-03T20:39:00;S01;S06;10;1.56;subscriber;bike;1.10;completed;ok
T002428;2026-10-03T20:12:00;S02;S07;9;1.55;subscriber;bike;0.99;completed;ok
T002429;2026-10-03T17:52:00;S08;S02;7;1.56;casual;ebike;1.19;completed;ok
T002430;2026-10-03T18:51:00;S04;S01;4;0.59;student;bike;0.44;completed;ok
T002431;2026-10-03T17:33:00;S02;S06;7;1.12;subscriber;ebike;1.19;completed;ok
T002432;2026-10-03T18:33:00;S03;S07;20;3.89;subscriber;bike;2.20;cancelled;ok
T002433;2026-10-03T19:55:00;S02;S05;7;1.42;subscriber;ebike;1.19;completed;ok
T002434;2026-10-03T12:51:00;S02;S03;13;2.19;subscriber;bike;1.43;completed;ok
T002435;2026-10-03T20:55:00;S05;S08;14;2.31;student;bike;1.54;completed;ok
T002436;2026-10-03T22:48:00;S01;S06;12;1.86;subscriber;bike;1.32;completed;ok
T002437;2026-10-03T19:06:00;S06;S04;11;1.88;casual;bike;1.21;completed;ok
T002438;2026-10-03T20:23:00;S01;S04;6;0.59;subscriber;scooter;1.32;completed;ok
T002439;2026-10-03T18:02:00;S03;S05;22;3.93;subscriber;bike;2.42;completed;ok
T002440;2026-10-03T07:37:00;S08;S02;10;1.71;subscriber;bike;1.10;completed;ok
T002441;2026-10-03T13:04:00;S01;S03;18;3.04;casual;bike;1.98;completed;ok
T002442;2026-10-03T18:25:00;S02;S04;6;1.05;subscriber;scooter;1.32;completed;ok
T002443;2026-10-03T20:19:00;S01;S05;5;0.97;subscriber;ebike;0.85;completed;ok
T002444;2026-10-03T18:14:00;S01;S02;5;0.89;subscriber;scooter;1.10;completed;ok
T002445;2026-10-03T18:10:00;S03;S08;14;3.48;casual;ebike;2.38;completed;ok
T002446;2026-10-03T08:01:00;S02;S05;8;1.63;subscriber;scooter;1.76;completed;ok
T002447;2026-10-03T13:07:00;S01;S03;20;3.47;subscriber;bike;2.20;completed;ok
T002448;2026-10-03T19:22:00;S07;S05;9;1.35;subscriber;scooter;1.98;completed;ok
T002449;2026-10-03T13:39:00;S01;S02;7;0.88;subscriber;ebike;1.19;completed;ok
T002450;2026-10-03T20:20:00;S06;S07;14;2.47;student;bike;1.54;completed;ok
T002451;2026-10-03T20:34:00;S02;S07;8;1.34;subscriber;ebike;1.36;completed;ok
T002452;2026-10-03T19:23:00;S02;S05;8;1.52;casual;ebike;1.36;completed;ok
T002453;2026-10-03T19:55:00;S03;S01;16;3.43;student;scooter;3.52;completed;ok
T002454;2026-10-03T17:40:00;S07;S02;8;1.37;subscriber;scooter;1.76;completed;ok
T002455;2026-10-03T17:48:00;S02;S03;12;2.29;subscriber;bike;1.32;completed;ok
T002456;2026-10-03T20:52:00;S04;S05;8;1.65;casual;scooter;1.76;completed;ok
T002457;2026-10-03T19:23:00;S03;S07;23;4.02;casual;bike;2.53;completed;ok
T002458;2026-10-03T17:18:00;S02;S06;7;1.11;student;bike;0.77;completed;ok
T002459;2026-10-03T19:24:00;S07;S06;11;2.45;subscriber;ebike;1.87;completed;ok
T002460;2026-10-03T18:23:00;S01;S02;7;0.82;subscriber;scooter;1.54;completed;ok
T002461;2026-10-03T17:13:00;S06;S03;10;1.78;subscriber;ebike;1.70;completed;ok
T002462;2026-10-03T17:51:00;S08;S05;14;2.22;casual;bike;1.54;completed;ok
T002463;2026-10-03T18:22:00;S06;S08;15;2.85;student;bike;1.65;completed;ok
T002464;2026-10-03T20:30:00;S06;S02;6;1.05;subscriber;bike;0.66;completed;ok
T002465;2026-10-03T19:12:00;S04;S08;5;0.70;casual;ebike;0.85;completed;ok
T002466;2026-10-03T20:29:00;S04;S03;20;3.29;subscriber;bike;2.20;completed;ok
T002467;2026-10-03T17:33:00;S07;S02;6;1.42;subscriber;ebike;1.02;completed;ok
T002468;2026-10-03T19:39:00;S02;S07;6;1.45;subscriber;ebike;1.02;completed;ok
T002469;2026-10-03T18:57:00;S07;S02;10;1.60;casual;bike;1.10;completed;ok
T002470;2026-10-03T17:28:00;S08;S07;6;1.08;subscriber;ebike;1.02;completed;ok
T002471;2026-10-03T17:03:00;S02;S08;8;1.70;student;ebike;1.36;completed;ok
T002472;2026-10-03T18:22:00;S06;S02;7;1.14;casual;scooter;1.54;completed;ok
T002473;2026-10-03T17:08:00;S06;S07;14;2.48;subscriber;bike;1.54;completed;ok
T002474;2026-10-03T19:03:00;S02;S01;7;0.75;casual;scooter;1.54;completed;ok
T002475;2026-10-03T18:47:00;S07;S01;6;0.61;subscriber;bike;0.66;completed;ok
T002476;2026-10-03T19:28:00;S07;S03;20;4.00;subscriber;bike;2.20;completed;ok
T002477;2026-10-03T18:55:00;S04;S06;9;1.91;student;scooter;1.98;completed;ok
T002478;2026-10-03T17:20:00;S08;S03;20;3.74;casual;bike;2.20;completed;ok
T002479;2026-10-03T20:04:00;S02;S04;5;0.90;casual;ebike;0.85;completed;ok
T002480;2026-10-03T20:31:00;S02;S03;15;2.36;student;bike;1.65;completed;ok
T002481;2026-10-03T21:16:00;S08;S04;4;0.79;subscriber;ebike;0.68;completed;ok
T002482;2026-10-03T18:20:00;S02;S08;8;1.64;subscriber;ebike;1.36;completed;ok
T002483;2026-10-03T17:31:00;S03;S01;18;3.26;casual;bike;1.98;completed;ok
T002484;2026-10-03T17:02:00;S07;S01;4;0.65;subscriber;bike;0.44;completed;ok
T002485;2026-10-03T11:07:00;S04;S06;10;1.90;subscriber;bike;1.10;completed;ok
T002486;2026-10-03T18:19:00;S06;S02;6;1.07;casual;scooter;1.32;completed;ok
T002487;2026-10-03T20:46:00;S03;S04;16;3.37;casual;scooter;3.52;completed;ok
T002488;2026-10-03T17:45:00;S03;S07;18;4.19;casual;scooter;3.96;completed;ok
T002489;2026-10-03T19:57:00;S01;S05;7;1.09;subscriber;ebike;1.19;completed;ok
T002490;2026-10-03T19:41:00;S07;S06;11;2.34;student;ebike;1.87;completed;ok
T002491;2026-10-03T19:04:00;S04;S08;5;0.79;casual;ebike;0.85;completed;ok
T002492;2026-10-03T18:13:00;S08;S05;12;2.18;casual;bike;1.32;completed;ok
T002493;2026-10-03T17:20:00;S01;S04;3;0.56;student;ebike;0.51;completed;ok
T002494;2026-10-03T18:09:00;S06;S03;8;1.70;subscriber;ebike;1.36;completed;ok
T002495;2026-10-03T06:49:00;S03;S07;20;3.83;subscriber;bike;2.20;completed;ok
T002496;2026-10-03T20:32:00;S01;S08;8;1.33;subscriber;scooter;1.76;completed;ok
T002497;2026-10-03T20:42:00;S06;S03;12;1.71;casual;bike;1.32;completed;ok
T002498;2026-10-03T19:30:00;S08;S04;7;0.70;student;bike;0.77;completed;ok
T002499;2026-10-03T19:11:00;S07;S06;14;2.44;casual;bike;1.54;completed;ok
T002500;2026-10-03T20:11:00;S02;S03;11;2.16;subscriber;ebike;1.87;completed;ok
T002501;2026-10-03T20:18:00;S07;S06;14;2.62;subscriber;ebike;2.38;completed;ok
T002502;2026-10-03T20:12:00;S07;S06;9;2.14;subscriber;ebike;1.53;completed;ok
T002503;2026-10-03T18:06:00;S03;S02;14;2.20;student;bike;1.54;completed;ok
T002504;2026-10-03T19:01:00;S01;S03;14;3.14;casual;ebike;2.38;completed;ok
T002505;2026-10-03T19:27:00;S08;S04;5;0.69;student;bike;0.55;completed;ok
T002506;2026-10-03T19:07:00;S01;S08;9;1.46;casual;bike;0.99;completed;ok
T002507;2026-10-03T19:44:00;S04;S01;7;0.68;casual;bike;0.77;completed;ok
T002508;2026-10-03T19:54:00;S06;S08;15;2.44;subscriber;bike;1.65;completed;ok
T002509;2026-10-03T18:51:00;S06;S08;12;2.71;subscriber;scooter;2.64;completed;ok
T002510;2026-10-03T19:43:00;S07;S05;8;1.24;subscriber;ebike;1.36;completed;ok
T002511;2026-10-03T07:04:00;S04;S01;4;0.56;subscriber;bike;0.44;completed;ok
T002512;2026-10-03T17:58:00;S03;S06;11;1.92;subscriber;bike;1.21;completed;ok
T002513;2026-10-03T17:31:00;S03;S04;16;3.00;subscriber;bike;1.76;completed;ok
T002514;2026-10-03T18:44:00;S06;S02;8;0.99;casual;bike;0.88;completed;ok
T002515;2026-10-03T20:13:00;S05;S08;12;2.49;student;ebike;2.04;completed;ok
T002516;2026-10-03T18:29:00;S06;S05;11;1.97;casual;bike;1.21;completed;ok
T002517;2026-10-03T20:39:00;S06;S03;12;1.78;casual;bike;1.32;completed;ok
T002518;2026-10-03T19:07:00;S02;S04;7;0.99;student;bike;0.77;completed;ok
T002519;2026-10-04T20:13:00;S06;S08;13;2.69;student;ebike;2.21;completed;ok
T002520;2026-10-04T18:27:00;S01;S03;15;2.90;subscriber;bike;1.65;completed;ok
T002521;2026-10-04T18:36:00;S03;S08;16;3.98;student;ebike;2.72;completed;ok
T002522;2026-10-04T08:56:00;S03;S08;20;3.80;subscriber;bike;2.20;completed;ok
T002523;2026-10-04T20:38:00;S04;S07;6;0.71;casual;bike;0.66;completed;ok
T002524;2026-10-04T17:52:00;S07;S01;5;0.63;subscriber;ebike;0.85;completed;ok
T002525;2026-10-04T20:02:00;S01;S07;5;0.73;subscriber;scooter;1.10;completed;ok
T002526;2026-10-04T20:05:00;S06;S04;11;1.85;student;bike;1.21;completed;ok
T002527;2026-10-04T20:37:00;S08;S06;16;2.94;subscriber;bike;1.76;completed;ok
T002528;2026-10-04T20:18:00;S03;S02;12;2.24;student;ebike;2.04;completed;ok
T002529;2026-10-04T20:46:00;S07;S03;21;3.68;subscriber;bike;2.31;completed;ok
T002530;2026-10-04T17:45:00;S05;S04;8;1.82;subscriber;scooter;1.76;completed;ok
T002531;2026-10-04T18:14:00;S07;S08;8;1.16;casual;ebike;1.36;completed;ok
T002532;2026-10-04T18:13:00;S07;S04;5;0.67;subscriber;scooter;1.10;completed;ok
T002533;2026-10-04T17:26:00;S07;S05;6;;casual;ebike;1.02;completed;missing_distance
T002534;2026-10-04T20:23:00;S08;S02;12;1.78;subscriber;bike;1.32;completed;ok
T002535;2026-10-04T18:25:00;S07;S03;21;4.16;subscriber;scooter;4.62;completed;ok
T002536;2026-10-04T19:14:00;S03;S01;14;3.36;subscriber;ebike;2.38;completed;ok
T002537;2026-10-04T18:53:00;S02;S07;9;1.55;subscriber;scooter;1.98;completed;ok
T002538;2026-10-04T08:38:00;S03;S01;17;3.29;subscriber;bike;1.87;completed;ok
T002539;2026-10-04T14:32:00;S02;S08;10;1.57;casual;bike;1.10;completed;ok
T002540;2026-10-04T18:23:00;S02;S04;6;1.02;casual;bike;0.66;completed;ok
T002541;2026-10-04T19:26:00;S06;S04;9;1.94;subscriber;ebike;1.53;completed;ok
T002542;2026-10-04T17:48:00;S07;S02;8;1.51;subscriber;bike;0.88;completed;ok
T002543;2026-10-04T19:47:00;S01;S06;7;1.56;subscriber;ebike;1.19;completed;ok
T002544;2026-10-04T18:52:00;S07;S08;8;1.28;subscriber;bike;0.88;completed;ok
T002545;2026-10-04T17:21:00;S03;S04;15;3.06;casual;ebike;2.55;completed;ok
T002546;2026-10-04T17:24:00;S04;S08;7;0.68;student;bike;0.77;completed;ok
T002547;2026-10-04T16:40:00;S01;S04;5;0.67;subscriber;bike;0.55;completed;ok
T002548;2026-10-04T20:14:00;S04;S01;6;0.64;student;bike;0.66;completed;ok
T002549;2026-10-04T18:39:00;S04;S03;17;3.08;subscriber;bike;1.87;completed;ok
T002550;2026-10-04T18:56:00;S01;S02;6;0.86;subscriber;bike;0.66;completed;ok
T002551;2026-10-04T17:31:00;S05;S06;9;1.93;casual;scooter;1.98;completed;ok
T002552;2026-10-04T17:06:00;S07;S02;9;1.48;subscriber;bike;0.99;completed;ok
T002553;2026-10-04T18:13:00;S06;S01;8;1.84;student;ebike;1.36;completed;ok
T002554;2026-10-04T20:56:00;S03;S05;18;3.96;casual;scooter;3.96;completed;ok
T002555;2026-10-04T13:52:00;S02;S04;5;1.01;subscriber;ebike;0.85;completed;ok
T002556;2026-10-04T17:51:00;S02;S07;8;1.37;subscriber;ebike;1.36;completed;ok
T002557;2026-10-04T19:53:00;S01;S05;8;1.10;student;bike;0.88;completed;ok
T002558;2026-10-04T17:45:00;S01;S08;6;1.28;subscriber;ebike;1.02;completed;ok
T002559;2026-10-04T18:13:00;S02;S01;4;0.74;casual;ebike;0.68;completed;ok
T002560;2026-10-04T17:45:00;S07;S06;13;2.25;subscriber;bike;1.43;completed;ok
T002561;2026-10-04T07:21:00;S01;S08;7;1.47;subscriber;ebike;1.19;completed;ok
T002562;2026-10-04T17:07:00;S01;S05;6;1.14;student;ebike;1.02;completed;ok
T002563;2026-10-04T19:59:00;S06;S08;13;2.88;subscriber;ebike;2.21;completed;ok
T002564;2026-10-04T17:36:00;S07;S08;7;1.14;student;bike;0.77;completed;ok
T002565;2026-10-04T19:06:00;S05;S03;19;3.30;casual;bike;2.09;completed;ok
T002566;2026-10-04T20:17:00;S06;S08;16;2.95;student;bike;1.76;completed;ok
T002567;2026-10-04T19:45:00;S03;S01;16;2.90;casual;bike;1.76;completed;ok
T002568;2026-10-04T17:58:00;S01;S04;6;0.65;subscriber;ebike;1.02;completed;ok
T002569;2026-10-04T19:38:00;S05;S03;18;3.34;student;bike;1.98;completed;ok
T002570;2026-10-04T18:12:00;S08;S03;19;3.55;casual;bike;2.09;completed;ok
T002571;2026-10-04T19:21:00;S06;S02;7;0.98;subscriber;scooter;1.54;completed;ok
T002572;2026-10-04T20:34:00;S04;S08;5;0.67;subscriber;ebike;0.85;completed;ok
T002573;2026-10-04T19:41:00;S01;S03;15;3.49;casual;ebike;2.55;completed;ok
T002574;2026-10-04T12:28:00;S06;S05;8;1.81;subscriber;ebike;1.36;completed;ok
T002575;2026-10-04T20:50:00;S06;S03;10;1.69;subscriber;ebike;1.70;completed;ok
T002576;2026-10-04T19:52:00;S07;S01;5;0.66;subscriber;ebike;0.85;completed;ok
T002577;2026-10-04T19:28:00;S04;S05;11;1.70;casual;bike;1.21;completed;ok
T002578;2026-10-04T18:52:00;S04;S03;16;3.51;subscriber;ebike;2.72;completed;ok
T002579;2026-10-04T19:15:00;S06;S01;11;1.74;subscriber;scooter;2.42;completed;ok
T002580;2026-10-04T17:05:00;S05;S07;6;1.25;subscriber;ebike;1.02;completed;ok
T002581;2026-10-04T18:21:00;S07;S01;6;0.60;subscriber;bike;0.66;completed;ok
T002582;2026-10-04T17:50:00;S07;S03;16;3.56;student;ebike;2.72;completed;ok
T002583;2026-10-04T18:35:00;S07;S05;7;1.22;subscriber;scooter;1.54;completed;ok
T002584;2026-10-04T19:06:00;S06;S05;12;1.93;casual;bike;1.32;completed;ok
T002585;2026-10-04T06:08:00;S03;S07;22;3.68;subscriber;bike;2.42;completed;ok
T002586;2026-10-04T17:04:00;S02;S03;14;2.51;casual;bike;1.54;completed;ok
T002587;2026-10-04T18:48:00;S07;S06;12;2.18;casual;scooter;2.64;completed;ok
T002588;2026-10-04T17:00:00;S01;S04;5;0.67;subscriber;bike;0.55;completed;ok
T002589;2026-10-04T21:24:00;S03;S05;20;3.58;subscriber;bike;2.20;completed;ok
T002590;2026-10-04T18:43:00;S04;S07;5;0.69;casual;ebike;0.85;completed;ok
T002591;2026-10-04T20:27:00;S05;S04;10;1.50;subscriber;bike;1.10;completed;ok
T002592;2026-10-04T19:16:00;S01;S04;4;0.60;subscriber;bike;0.44;completed;ok
T002593;2026-10-04T20:53:00;S04;S07;5;0.77;casual;scooter;1.10;completed;ok
T002594;2026-10-04T18:19:00;S04;S02;7;1.02;subscriber;bike;0.77;completed;ok
T002595;2026-10-04T19:34:00;S05;S07;8;1.26;subscriber;bike;0.88;completed;ok
T002596;2026-10-04T09:29:00;S01;S02;7;0.89;student;ebike;1.19;completed;ok
T002597;2026-10-04T19:00:00;S05;S01;9;1.15;casual;bike;0.99;completed;ok
T002598;2026-10-04T17:30:00;S04;S01;6;0.56;subscriber;bike;0.66;completed;ok
T002599;2026-10-04T18:24:00;S03;S04;20;3.46;casual;bike;2.20;completed;ok
T002600;2026-10-04T17:57:00;S06;S01;8;1.64;subscriber;scooter;1.76;completed;ok
T002601;2026-10-04T08:12:00;S01;S07;4;0.63;subscriber;scooter;0.88;completed;ok
T002602;2026-10-04T11:53:00;S03;S04;14;3.16;student;ebike;2.38;completed;ok
T002603;2026-10-04T18:51:00;S01;S04;3;0.56;subscriber;ebike;0.51;completed;ok
T002604;2026-10-04T18:21:00;S07;S05;9;1.36;subscriber;bike;0.99;completed;ok
T002605;2026-10-04T19:06:00;S05;S03;19;3.39;subscriber;bike;2.09;completed;ok
T002606;2026-10-04T17:38:00;S05;S07;8;1.21;subscriber;bike;0.88;completed;ok
T002607;2026-10-04T18:01:00;S03;S05;16;3.39;subscriber;ebike;2.72;completed;ok
T002608;2026-10-04T18:40:00;S06;S05;12;1.98;subscriber;bike;1.32;completed;ok
T002609;2026-10-04T19:55:00;S02;S08;10;1.74;student;bike;1.10;completed;ok
T002610;2026-10-04T18:13:00;S01;S08;10;1.33;subscriber;bike;1.10;completed;ok
T002611;2026-10-04T18:38:00;S07;S08;7;1.06;subscriber;scooter;1.54;completed;ok
T002612;2026-10-04T21:28:00;S06;S08;16;2.48;subscriber;bike;1.76;completed;ok
T002613;2026-10-04T17:25:00;S06;S07;12;2.46;casual;scooter;2.64;completed;ok
T002614;2026-10-04T18:41:00;S05;S02;8;1.49;student;scooter;1.76;completed;ok
T002615;2026-10-04T17:55:00;S07;S05;7;1.22;student;bike;0.77;completed;ok
T002616;2026-10-04T20:17:00;S04;S03;16;3.40;student;ebike;2.72;completed;ok
T002617;2026-10-04T17:48:00;S02;S01;5;0.90;subscriber;ebike;0.85;completed;ok
T002618;2026-10-04T17:59:00;S07;S03;19;3.45;casual;bike;2.09;completed;ok
T002619;2026-10-04T18:41:00;S07;S06;11;2.19;subscriber;scooter;2.42;completed;ok
T002620;2026-10-04T18:21:00;S06;S04;9;2.06;subscriber;ebike;1.53;completed;ok
T002621;2026-10-04T20:01:00;S05;S01;8;1.03;subscriber;bike;0.88;completed;ok
T002622;2026-10-04T19:22:00;S07;S06;13;2.18;subscriber;bike;1.43;completed;ok
T002623;2026-10-04T13:13:00;S07;S06;14;2.47;subscriber;bike;1.54;completed;ok
T002624;2026-10-04T20:35:00;S04;S05;10;1.76;student;bike;1.10;completed;ok
T002625;2026-10-04T17:38:00;S01;S06;8;1.68;subscriber;ebike;1.36;completed;ok
T002626;2026-10-04T19:37:00;S07;S01;4;0.66;student;scooter;0.88;cancelled;ok
T002627;2026-10-04T20:05:00;S07;S06;15;2.36;subscriber;bike;1.65;completed;ok
T002628;2026-10-04T18:06:00;S01;S05;8;1.06;subscriber;scooter;1.76;completed;ok
T002629;2026-10-05T08:53:00;S08;S02;8;1.78;student;ebike;1.36;completed;ok
T002630;2026-10-05T14:19:00;S02;S01;7;0.86;student;bike;0.77;completed;ok
T002631;2026-10-05T20:50:00;S01;S06;9;1.82;student;ebike;1.53;completed;ok
T002632;2026-10-05T07:23:00;S03;S04;14;3.06;subscriber;ebike;2.38;completed;ok
T002633;2026-10-05T20:18:00;S02;S06;9;1.07;casual;bike;0.99;completed;ok
T002634;2026-10-05T07:11:00;S06;S05;10;1.79;subscriber;ebike;1.70;completed;ok
T002635;2026-10-05T22:51:00;S03;S06;11;1.93;subscriber;bike;1.21;completed;ok
T002636;2026-10-05T13:14:00;S02;S04;8;1.01;student;bike;0.88;completed;ok
T002637;2026-10-05T15:11:00;S02;S08;8;1.77;student;ebike;1.36;completed;ok
T002638;2026-10-05T13:33:00;S02;S04;6;1.00;subscriber;ebike;1.02;completed;ok
T002639;2026-10-05T09:04:00;S04;S02;6;0.99;student;ebike;1.02;completed;ok
T002640;2026-10-05T19:09:00;S01;S02;5;0.75;casual;bike;0.55;completed;ok
T002641;2026-10-05T09:29:00;S01;S08;9;1.30;subscriber;ebike;1.53;completed;ok
T002642;2026-10-05T07:54:00;S03;S02;14;2.22;student;bike;1.54;completed;ok
T002643;2026-10-05T07:31:00;S08;S02;11;1.68;student;bike;1.21;completed;ok
T002644;2026-10-05T20:06:00;S02;S08;10;1.70;student;scooter;2.20;completed;ok
T002645;2026-10-05T15:36:00;S02;S03;13;2.39;student;scooter;2.86;completed;ok
T002646;2026-10-05T13:59:00;S02;S08;9;1.47;subscriber;bike;0.99;completed;ok
T002647;2026-10-05T09:33:00;S05;S02;7;1.47;student;scooter;1.54;completed;ok
T002648;2026-10-05T08:35:00;S04;S03;21;3.57;subscriber;bike;2.31;completed;ok
T002649;2026-10-05T19:18:00;S07;S03;22;3.94;casual;bike;2.42;completed;ok
T002650;2026-10-05T16:16:00;S04;S07;4;0.69;subscriber;scooter;0.88;completed;ok
T002651;2026-10-05T07:09:00;S06;S02;9;1.07;student;bike;0.99;completed;ok
T002652;2026-10-05T19:29:00;S06;S02;9;1.03;casual;bike;0.99;completed;ok
T002653;2026-10-05T21:17:00;S07;S05;9;1.36;subscriber;ebike;1.53;completed;ok
T002654;2026-10-05T18:34:00;S07;S08;7;1.25;student;bike;0.77;completed;ok
T002655;2026-10-05T07:23:00;S03;S04;18;3.06;subscriber;bike;1.98;completed;ok
T002656;2026-10-05T07:00:00;S06;S02;5;1.13;student;ebike;0.85;completed;ok
T002657;2026-10-05T13:52:00;S02;S03;15;2.32;student;bike;1.65;completed;ok
T002658;2026-10-05T19:25:00;S01;S07;4;0.69;subscriber;ebike;0.68;completed;ok
T002659;2026-10-05T17:45:00;S07;S04;7;0.80;casual;bike;0.77;completed;ok
T002660;2026-10-05T09:33:00;S05;S02;9;1.51;student;bike;0.99;completed;ok
T002661;2026-10-05T19:18:00;S03;S06;10;1.78;subscriber;scooter;2.20;completed;ok
T002662;2026-10-05T08:00:00;S04;S08;6;0.73;subscriber;ebike;1.02;completed;ok
T002663;2026-10-05T08:53:00;S04;S03;17;2.97;subscriber;bike;1.87;completed;ok
T002664;2026-10-05T17:56:00;S01;S04;5;0.56;subscriber;bike;0.55;completed;ok
T002665;2026-10-05T08:37:00;S08;S02;9;1.50;student;ebike;1.53;completed;ok
T002666;2026-10-05T08:04:00;S01;S02;5;0.86;student;ebike;0.85;completed;ok
T002667;2026-10-05T17:02:00;S05;S04;11;1.59;subscriber;bike;1.21;completed;ok
T002668;2026-10-05T09:09:00;S02;S06;8;1.02;subscriber;scooter;1.76;completed;ok
T002669;2026-10-05T15:06:00;S02;S01;8;0.83;student;bike;0.88;completed;ok
T002670;2026-10-05T19:29:00;S07;S02;9;1.34;subscriber;bike;0.99;completed;ok
T002671;2026-10-05T21:37:00;S01;S07;5;0.71;subscriber;bike;0.55;completed;ok
T002672;2026-10-05T14:22:00;S02;S03;12;2.56;student;scooter;2.64;completed;ok
T002673;2026-10-05T20:51:00;S07;S02;7;1.41;subscriber;scooter;1.54;completed;ok
T002674;2026-10-05T15:14:00;S02;S03;13;2.44;student;bike;1.43;completed;ok
T002675;2026-10-05T17:23:00;S08;S02;8;1.48;subscriber;scooter;1.76;completed;ok
T002676;2026-10-05T14:41:00;S03;S05;17;3.79;subscriber;ebike;2.89;completed;ok
T002677;2026-10-05T20:46:00;S04;S06;14;2.23;subscriber;bike;1.54;completed;ok
T002678;2026-10-05T07:01:00;S04;S02;7;0.90;student;scooter;1.54;cancelled;ok
T002679;2026-10-05T08:17:00;S07;S02;7;1.54;student;ebike;1.19;completed;ok
T002680;2026-10-05T08:53:00;S07;S02;11;1.60;student;bike;1.21;completed;ok
T002681;2026-10-05T07:51:00;S03;S02;11;2.57;student;ebike;1.87;completed;ok
T002682;2026-10-05T07:33:00;S02;S08;8;;subscriber;ebike;1.36;completed;missing_distance
T002683;2026-10-05T17:50:00;S06;S03;10;1.64;subscriber;scooter;2.20;completed;ok
T002684;2026-10-05T18:43:00;S07;S05;8;1.24;student;bike;0.88;completed;ok
T002685;2026-10-05T09:14:00;S01;S04;6;0.67;subscriber;scooter;1.32;completed;ok
T002686;2026-10-05T19:47:00;S07;S04;6;0.75;casual;ebike;1.02;completed;ok
T002687;2026-10-05T13:50:00;S02;S03;15;2.41;student;bike;1.65;completed;ok
T002688;2026-10-05T11:26:00;S03;S08;19;3.30;casual;bike;2.09;completed;ok
T002689;2026-10-05T13:14:00;S02;S07;8;1.34;student;scooter;1.76;completed;ok
T002690;2026-10-05T20:09:00;S03;S05;16;3.89;student;ebike;2.72;completed;ok
T002691;2026-10-05T08:35:00;S01;S07;4;0.67;subscriber;scooter;0.88;completed;ok
T002692;2026-10-05T19:09:00;S03;S01;14;3.20;casual;ebike;2.38;completed;ok
T002693;2026-10-05T15:01:00;S01;S02;8;0.79;subscriber;bike;0.88;completed;ok
T002694;2026-10-05T06:02:00;S02;S08;7;1.54;subscriber;ebike;1.19;completed;ok
T002695;2026-10-05T17:21:00;S02;S01;7;0.87;subscriber;bike;0.77;completed;ok
T002696;2026-10-05T14:14:00;S06;S02;7;1.01;subscriber;bike;0.77;completed;ok
T002697;2026-10-05T18:28:00;S01;S05;8;0.96;subscriber;scooter;1.76;completed;ok
T002698;2026-10-05T17:52:00;S05;S08;13;2.56;subscriber;scooter;2.86;completed;ok
T002699;2026-10-05T14:09:00;S02;S07;8;1.54;student;ebike;1.36;completed;ok
T002700;2026-10-05T13:26:00;S05;S03;14;3.30;subscriber;scooter;3.08;completed;ok
T002701;2026-10-05T15:20:00;S02;S08;10;1.61;subscriber;scooter;2.20;completed;ok
T002702;2026-10-05T19:24:00;S08;S02;10;1.76;subscriber;bike;1.10;completed;ok
T002703;2026-10-05T09:40:00;S07;S02;12;1.58;student;bike;1.32;completed;ok
T002704;2026-10-05T21:30:00;S01;S07;3;0.63;subscriber;ebike;0.51;completed;ok
T002705;2026-10-05T19:31:00;S04;S08;6;0.69;subscriber;scooter;1.32;completed;ok
T002706;2026-10-05T14:44:00;S07;S04;7;0.75;subscriber;scooter;1.54;completed;ok
T002707;2026-10-05T18:40:00;S02;S01;6;0.74;casual;ebike;1.02;completed;ok
T002708;2026-10-05T18:58:00;S02;S07;8;1.39;subscriber;bike;0.88;completed;ok
T002709;2026-10-05T13:06:00;S02;S03;15;2.40;student;bike;1.65;completed;ok
T002710;2026-10-05T14:17:00;S02;S01;7;0.79;student;bike;0.77;completed;ok
T002711;2026-10-05T19:36:00;S05;S02;11;1.59;subscriber;bike;1.21;completed;ok
T002712;2026-10-05T22:55:00;S02;S01;7;0.81;subscriber;ebike;1.19;completed;ok
T002713;2026-10-05T15:30:00;S02;S07;10;1.39;student;bike;1.10;completed;ok
T002714;2026-10-05T22:48:00;S06;S03;11;1.94;subscriber;scooter;2.42;completed;ok
T002715;2026-10-05T17:19:00;S03;S07;22;3.71;student;bike;2.42;completed;ok
T002716;2026-10-05T08:33:00;S08;S06;15;2.59;subscriber;bike;1.65;completed;ok
T002717;2026-10-05T14:34:00;S02;S07;11;1.57;student;bike;1.21;completed;ok
T002718;2026-10-05T19:32:00;S03;S08;19;3.66;student;bike;2.09;completed;ok
T002719;2026-10-05T08:02:00;S07;S02;8;1.41;student;scooter;1.76;completed;ok
T002720;2026-10-05T20:10:00;S05;S07;8;1.41;student;bike;0.88;completed;ok
T002721;2026-10-05T09:33:00;S04;S02;5;1.03;student;ebike;0.85;completed;ok
T002722;2026-10-05T17:25:00;S07;S04;6;0.78;subscriber;bike;0.66;completed;ok
T002723;2026-10-05T14:24:00;S02;S06;8;1.16;student;bike;0.88;completed;ok
T002724;2026-10-05T17:29:00;S02;S05;8;1.55;subscriber;ebike;1.36;completed;ok
T002725;2026-10-05T15:15:00;S06;S05;10;1.77;casual;ebike;1.70;completed;ok
T002726;2026-10-05T07:55:00;S07;S02;11;1.44;student;bike;1.21;completed;ok
T002727;2026-10-05T15:43:00;S02;S04;7;0.99;student;ebike;1.19;completed;ok
T002728;2026-10-05T09:00:00;S04;S02;8;0.90;student;bike;0.88;completed;ok
T002729;2026-10-05T08:40:00;S01;S02;7;0.89;student;bike;0.77;completed;ok
T002730;2026-10-05T21:42:00;S01;S03;15;3.47;subscriber;ebike;2.55;completed;ok
T002731;2026-10-05T17:10:00;S05;S04;8;1.52;subscriber;scooter;1.76;completed;ok
T002732;2026-10-05T20:39:00;S08;S04;6;0.76;subscriber;bike;0.66;completed;ok
T002733;2026-10-05T14:55:00;S02;S04;5;0.94;student;ebike;0.85;completed;ok
T002734;2026-10-05T19:39:00;S06;S02;6;1.05;student;ebike;1.02;completed;ok
T002735;2026-10-05T20:43:00;S02;S07;10;1.58;subscriber;bike;1.10;completed;ok
T002736;2026-10-05T12:29:00;S04;S08;5;0.75;subscriber;ebike;0.85;completed;ok
T002737;2026-10-05T08:25:00;S03;S02;14;2.17;student;bike;1.54;completed;ok
T002738;2026-10-05T10:27:00;S04;S01;6;0.59;subscriber;ebike;1.02;completed;ok
T002739;2026-10-05T09:52:00;S01;S08;8;1.27;subscriber;bike;0.88;completed;ok
T002740;2026-10-05T18:20:00;S05;S06;10;1.88;subscriber;ebike;1.70;completed;ok
T002741;2026-10-05T14:22:00;S03;S05;21;3.65;subscriber;bike;2.31;completed;ok
T002742;2026-10-05T08:32:00;S05;S06;10;1.93;casual;scooter;2.20;completed;ok
T002743;2026-10-05T20:02:00;S08;S01;7;1.29;subscriber;scooter;1.54;completed;ok
T002744;2026-10-05T11:34:00;S03;S08;16;3.45;casual;ebike;2.72;completed;ok
T002745;2026-10-05T07:04:00;S07;S06;11;2.24;subscriber;ebike;1.87;completed;ok
T002746;2026-10-05T13:35:00;S02;S01;5;0.90;student;ebike;0.85;completed;ok
T002747;2026-10-05T09:24:00;S07;S02;10;1.56;student;bike;1.10;completed;ok
T002748;2026-10-05T09:42:00;S04;S02;6;0.95;student;scooter;1.32;completed;ok
T002749;2026-10-05T09:32:00;S06;S02;6;1.17;casual;ebike;1.02;completed;ok
T002750;2026-10-05T08:51:00;S03;S07;20;4.17;casual;scooter;4.40;completed;ok
T002751;2026-10-05T14:48:00;S04;S05;8;1.80;subscriber;ebike;1.36;completed;ok
T002752;2026-10-05T16:26:00;S08;S02;8;1.70;student;ebike;1.36;completed;ok
T002753;2026-10-05T13:53:00;S02;S04;7;0.94;student;bike;0.77;completed;ok
T002754;2026-10-05T07:52:00;S01;S02;6;0.87;student;bike;0.66;completed;ok
T002755;2026-10-05T12:06:00;S08;S05;15;2.51;subscriber;bike;1.65;completed;ok
T002756;2026-10-05T06:25:00;S03;S02;12;2.49;student;scooter;2.64;completed;ok
T002757;2026-10-05T17:20:00;S05;S07;6;1.35;subscriber;ebike;1.02;completed;ok
T002758;2026-10-05T19:15:00;S01;S04;4;0.63;casual;ebike;0.68;completed;ok
T002759;2026-10-05T14:37:00;S02;S07;8;1.59;student;ebike;1.36;completed;ok
T002760;2026-10-05T13:20:00;S02;S07;10;1.53;student;scooter;2.20;completed;ok
T002761;2026-10-05T22:27:00;S01;S05;7;1.07;subscriber;ebike;1.19;completed;ok
T002762;2026-10-05T18:19:00;S07;S05;10;1.34;subscriber;bike;1.10;completed;ok
T002763;2026-10-05T18:48:00;S03;S04;19;3.40;student;bike;2.09;completed;ok
T002764;2026-10-05T13:20:00;S02;S01;6;0.74;student;scooter;1.32;completed;ok
T002765;2026-10-05T19:15:00;S01;S03;16;3.43;subscriber;ebike;2.72;completed;ok
T002766;2026-10-05T18:38:00;S06;S02;9;1.18;subscriber;bike;0.99;completed;ok
T002767;2026-10-05T17:34:00;S03;S04;16;3.21;student;scooter;3.52;completed;ok
T002768;2026-10-05T13:26:00;S02;S07;8;1.45;student;ebike;1.36;completed;ok
T002769;2026-10-05T17:33:00;S05;S01;6;1.14;subscriber;scooter;1.32;completed;ok
T002770;2026-10-05T12:32:00;S04;S07;5;0.77;subscriber;bike;0.55;completed;ok
T002771;2026-10-05T20:05:00;S05;S06;13;1.85;subscriber;bike;1.43;completed;ok
T002772;2026-10-05T08:07:00;S08;S02;9;1.78;student;ebike;1.53;completed;ok
T002773;2026-10-05T06:51:00;S01;S06;10;1.84;subscriber;bike;1.10;completed;ok
T002774;2026-10-05T07:43:00;S07;S02;9;1.52;student;bike;0.99;completed;ok
T002775;2026-10-05T09:19:00;S07;S02;9;1.46;student;scooter;1.98;completed;ok
T002776;2026-10-05T15:20:00;S02;S07;7;1.56;student;ebike;1.19;completed;ok
T002777;2026-10-05T18:10:00;S04;S03;14;2.99;subscriber;ebike;2.38;completed;ok
T002778;2026-10-05T07:08:00;S04;S02;7;1.04;student;scooter;1.54;completed;ok
T002779;2026-10-05T07:42:00;S07;S01;5;0.66;subscriber;scooter;1.10;completed;ok
T002780;2026-10-05T19:12:00;S01;S05;7;1.18;subscriber;bike;0.77;cancelled;ok
T002781;2026-10-05T19:37:00;S02;S08;10;1.57;subscriber;scooter;2.20;completed;ok
T002782;2026-10-05T07:24:00;S06;S01;10;1.86;casual;scooter;2.20;completed;ok
T002783;2026-10-05T09:27:00;S01;S02;5;0.76;student;ebike;0.85;completed;ok
T002784;2026-10-05T15:18:00;S02;S08;8;1.63;student;ebike;1.36;completed;ok
T002785;2026-10-05T08:50:00;S06;S02;9;1.17;student;bike;0.99;completed;ok
T002786;2026-10-05T20:11:00;S04;S01;3;0.57;subscriber;ebike;0.51;completed;ok
T002787;2026-10-06T20:09:00;S07;S04;5;0.72;subscriber;ebike;0.85;completed;ok
T002788;2026-10-06T09:57:00;S06;S02;6;1.05;student;bike;0.66;completed;ok
T002789;2026-10-06T21:58:00;S06;S01;8;1.72;student;ebike;1.36;completed;ok
T002790;2026-10-06T08:34:00;S04;S06;13;2.26;subscriber;bike;1.43;completed;ok
T002791;2026-10-06T14:23:00;S02;S06;8;1.05;student;scooter;1.76;completed;ok
T002792;2026-10-06T20:30:00;S08;S04;7;0.70;student;bike;0.77;completed;ok
T002793;2026-10-06T13:36:00;S02;S03;10;2.48;student;ebike;1.70;completed;ok
T002794;2026-10-06T20:48:00;S03;S04;17;3.55;subscriber;scooter;3.74;completed;ok
T002795;2026-10-06T20:52:00;S04;S06;10;2.00;subscriber;ebike;1.70;completed;ok
T002796;2026-10-06T11:54:00;S01;S04;6;0.61;subscriber;bike;0.66;completed;ok
T002797;2026-10-06T14:47:00;S02;S05;8;1.50;student;ebike;1.36;completed;ok
T002798;2026-10-06T18:21:00;S04;S08;4;0.81;subscriber;ebike;0.68;completed;ok
T002799;2026-10-06T08:25:00;S07;S01;5;0.69;casual;bike;0.55;completed;ok
T002800;2026-10-06T06:08:00;S07;S08;8;1.08;subscriber;bike;0.88;completed;ok
T002801;2026-10-06T19:57:00;S02;S03;10;2.37;subscriber;ebike;1.70;completed;ok
T002802;2026-10-06T15:05:00;S02;S03;16;2.60;student;bike;1.76;completed;ok
T002803;2026-10-06T14:42:00;S07;S01;6;0.73;casual;ebike;1.02;completed;ok
T002804;2026-10-06T09:08:00;S04;S06;12;1.95;subscriber;bike;1.32;completed;ok
T002805;2026-10-06T15:04:00;S02;S03;14;2.52;student;scooter;3.08;completed;ok
T002806;2026-10-06T08:04:00;S01;S02;7;0.76;student;bike;0.77;completed;ok
T002807;2026-10-06T20:34:00;S03;S04;19;3.27;subscriber;bike;2.09;completed;ok
T002808;2026-10-06T08:55:00;S07;S02;7;1.45;subscriber;ebike;1.19;completed;ok
T002809;2026-10-06T09:07:00;S06;S02;8;1.18;student;bike;0.88;completed;ok
T002810;2026-10-06T17:17:00;S07;S04;5;0.68;subscriber;scooter;1.10;completed;ok
T002811;2026-10-06T19:03:00;S03;S07;17;3.97;student;ebike;2.89;completed;ok
T002812;2026-10-06T15:16:00;S02;S04;7;1.00;student;scooter;1.54;completed;ok
T002813;2026-10-06T14:55:00;S02;S06;6;1.00;student;bike;0.66;completed;ok
T002814;2026-10-06T12:18:00;S04;S05;10;1.63;subscriber;bike;1.10;completed;ok
T002815;2026-10-06T09:18:00;S06;S02;8;1.12;student;scooter;1.76;completed;ok
T002816;2026-10-06T15:17:00;S02;S03;12;2.53;student;ebike;2.04;completed;ok
T002817;2026-10-06T07:36:00;S06;S02;7;1.01;student;scooter;1.54;completed;ok
T002818;2026-10-06T08:03:00;S06;S02;8;0.97;student;bike;0.88;completed;ok
T002819;2026-10-06T13:54:00;S02;S05;10;1.57;student;bike;1.10;completed;ok
T002820;2026-10-06T13:19:00;S02;S01;6;0.79;student;ebike;1.02;completed;ok
T002821;2026-10-06T17:09:00;S01;S04;5;0.58;subscriber;bike;0.55;completed;ok
T002822;2026-10-06T09:13:00;S07;S02;11;1.55;student;bike;1.21;completed;ok
T002823;2026-10-06T13:45:00;S02;S05;10;1.51;student;bike;1.10;completed;ok
T002824;2026-10-06T07:21:00;S03;S05;20;3.52;subscriber;bike;2.20;completed;ok
T002825;2026-10-06T21:11:00;S01;S06;8;1.70;subscriber;ebike;1.36;completed;ok
T002826;2026-10-06T13:59:00;S08;S03;15;3.72;casual;ebike;2.55;completed;ok
T002827;2026-10-06T11:53:00;S04;S07;6;0.75;subscriber;scooter;1.32;completed;ok
T002828;2026-10-06T12:52:00;S02;S01;6;0.75;casual;ebike;1.02;completed;ok
T002829;2026-10-06T14:20:00;S02;S04;8;1.06;subscriber;scooter;1.76;completed;ok
T002830;2026-10-06T13:57:00;S02;S06;7;1.18;student;bike;0.77;completed;ok
T002831;2026-10-06T09:34:00;S05;S02;8;;student;ebike;1.36;completed;missing_distance
T002832;2026-10-06T07:42:00;S03;S02;12;2.44;student;scooter;2.64;completed;ok
T002833;2026-10-06T18:39:00;S08;S01;8;1.28;subscriber;ebike;1.36;completed;ok
T002834;2026-10-06T07:00:00;S03;S02;12;2.24;subscriber;bike;1.32;completed;ok
T002835;2026-10-06T18:50:00;S05;S01;6;1.08;subscriber;ebike;1.02;completed;ok
T002836;2026-10-06T15:58:00;S03;S08;15;3.38;subscriber;ebike;2.55;completed;ok
T002837;2026-10-06T14:28:00;S04;S02;5;0.92;subscriber;ebike;0.85;completed;ok
T002838;2026-10-06T09:30:00;S04;S05;11;1.81;subscriber;bike;1.21;completed;ok
T002839;2026-10-06T17:11:00;S03;S05;21;3.72;student;bike;2.31;completed;ok
T002840;2026-10-06T19:34:00;S03;S08;15;3.55;student;ebike;2.55;completed;ok
T002841;2026-10-06T10:28:00;S02;S01;7;0.88;student;bike;0.77;completed;ok
T002842;2026-10-06T19:23:00;S06;S03;11;1.87;subscriber;scooter;2.42;completed;ok
T002843;2026-10-06T06:30:00;S03;S06;9;1.73;student;scooter;1.98;cancelled;ok
T002844;2026-10-06T18:21:00;S07;S03;15;3.46;subscriber;ebike;2.55;completed;ok
T002845;2026-10-06T20:24:00;S01;S08;6;1.22;student;scooter;1.32;completed;ok
T002846;2026-10-06T18:15:00;S01;S05;7;1.04;subscriber;scooter;1.54;completed;ok
T002847;2026-10-06T13:56:00;S02;S01;6;0.82;student;ebike;1.02;completed;ok
T002848;2026-10-06T08:44:00;S07;S02;10;1.32;casual;bike;1.10;completed;ok
T002849;2026-10-06T19:23:00;S01;S06;9;1.61;subscriber;ebike;1.53;completed;ok
T002850;2026-10-06T14:36:00;S04;S01;6;0.65;casual;bike;0.66;completed;ok
T002851;2026-10-06T07:50:00;S01;S02;7;0.90;student;ebike;1.19;completed;ok
T002852;2026-10-06T19:07:00;S06;S02;7;1.14;subscriber;ebike;1.19;completed;ok
T002853;2026-10-06T13:40:00;S01;S02;6;0.77;subscriber;bike;0.66;completed;ok
T002854;2026-10-06T08:39:00;S06;S02;7;1.02;student;scooter;1.54;completed;ok
T002855;2026-10-06T15:37:00;S02;S06;8;1.04;student;bike;0.88;completed;ok
T002856;2026-10-06T07:53:00;S05;S01;5;1.12;subscriber;ebike;0.85;completed;ok
T002857;2026-10-06T15:06:00;S06;S04;11;1.98;subscriber;bike;1.21;completed;ok
T002858;2026-10-06T09:49:00;S07;S02;8;1.57;student;ebike;1.36;completed;ok
T002859;2026-10-06T07:23:00;S04;S02;6;0.93;casual;ebike;1.02;completed;ok
T002860;2026-10-06T18:29:00;S02;S01;7;0.74;subscriber;ebike;1.19;completed;ok
T002861;2026-10-06T09:25:00;S05;S02;10;1.63;student;scooter;2.20;completed;ok
T002862;2026-10-06T22:37:00;S02;S05;10;1.68;casual;bike;1.10;completed;ok
T002863;2026-10-06T09:16:00;S05;S02;10;1.66;student;scooter;2.20;completed;ok
T002864;2026-10-06T09:25:00;S06;S02;8;1.16;student;bike;0.88;completed;ok
T002865;2026-10-06T08:51:00;S06;S02;5;0.99;student;ebike;0.85;completed;ok
T002866;2026-10-06T20:33:00;S07;S02;7;1.49;subscriber;scooter;1.54;completed;ok
T002867;2026-10-06T08:06:00;S06;S02;6;0.97;student;ebike;1.02;completed;ok
T002868;2026-10-06T18:26:00;S02;S05;9;1.62;subscriber;bike;0.99;completed;ok
T002869;2026-10-06T09:10:00;S01;S04;6;0.58;subscriber;bike;0.66;completed;ok
T002870;2026-10-06T09:38:00;S06;S02;7;1.02;student;bike;0.77;completed;ok
T002871;2026-10-06T17:37:00;S08;S05;13;2.56;student;ebike;2.21;completed;ok
T002872;2026-10-06T09:14:00;S01;S02;7;0.81;student;ebike;1.19;completed;ok
T002873;2026-10-06T19:52:00;S04;S05;7;1.68;subscriber;ebike;1.19;completed;ok
T002874;2026-10-06T14:57:00;S02;S05;9;1.57;student;scooter;1.98;completed;ok
T002875;2026-10-06T09:16:00;S05;S02;7;1.54;student;ebike;1.19;completed;ok
T002876;2026-10-06T17:58:00;S01;S03;13;3.30;student;ebike;2.21;completed;ok
T002877;2026-10-06T19:06:00;S03;S05;20;3.78;subscriber;bike;2.20;completed;ok
T002878;2026-10-06T15:18:00;S05;S02;8;1.58;subscriber;scooter;1.76;completed;ok
T002879;2026-10-06T18:01:00;S02;S08;9;1.62;subscriber;bike;0.99;completed;ok
T002880;2026-10-06T15:02:00;S02;S01;5;0.85;student;ebike;0.85;completed;ok
T002881;2026-10-06T19:37:00;S06;S01;11;1.66;student;bike;1.21;completed;ok
T002882;2026-10-06T15:36:00;S06;S08;16;2.91;subscriber;bike;1.76;completed;ok
T002883;2026-10-06T09:01:00;S08;S05;10;2.26;subscriber;scooter;2.20;completed;ok
T002884;2026-10-06T20:30:00;S07;S04;5;0.67;casual;scooter;1.10;completed;ok
T002885;2026-10-06T17:14:00;S03;S07;20;3.86;casual;bike;2.20;completed;ok
T002886;2026-10-06T13:44:00;S02;S07;9;1.52;student;bike;0.99;completed;ok
T002887;2026-10-06T07:41:00;S07;S02;9;1.45;student;ebike;1.53;completed;ok
T002888;2026-10-06T13:35:00;S02;S01;8;0.79;student;bike;0.88;completed;ok
T002889;2026-10-06T09:28:00;S01;S02;7;0.87;student;bike;0.77;completed;ok
T002890;2026-10-06T08:15:00;S01;S02;6;0.78;student;bike;0.66;completed;ok
T002891;2026-10-06T14:36:00;S02;S01;7;0.83;student;scooter;1.54;completed;ok
T002892;2026-10-06T20:22:00;S08;S02;10;1.77;subscriber;ebike;1.70;completed;ok
T002893;2026-10-06T08:01:00;S03;S02;13;2.34;student;bike;1.43;completed;ok
T002894;2026-10-06T17:25:00;S04;S05;12;1.68;subscriber;bike;1.32;completed;ok
T002895;2026-10-06T18:49:00;S07;S05;7;1.16;student;scooter;1.54;completed;ok
T002896;2026-10-06T06:30:00;S01;S08;7;1.38;subscriber;ebike;1.19;completed;ok
T002897;2026-10-06T13:08:00;S02;S01;6;0.90;student;bike;0.66;completed;ok
T002898;2026-10-06T09:00:00;S03;S01;16;3.41;subscriber;ebike;2.72;completed;ok
T002899;2026-10-06T17:43:00;S04;S03;14;2.97;subscriber;ebike;2.38;completed;ok
T002900;2026-10-06T09:27:00;S06;S02;8;1.15;student;scooter;1.76;completed;ok
T002901;2026-10-06T14:58:00;S02;S03;12;2.34;student;scooter;2.64;completed;ok
T002902;2026-10-06T15:14:00;S02;S04;8;0.90;student;bike;0.88;completed;ok
T002903;2026-10-06T13:08:00;S02;S05;7;1.64;student;ebike;1.19;completed;ok
T002904;2026-10-06T15:07:00;S02;S04;7;1.04;student;ebike;1.19;completed;ok
T002905;2026-10-06T07:06:00;S08;S02;7;1.58;student;scooter;1.54;completed;ok
T002906;2026-10-06T20:53:00;S06;S03;12;1.97;casual;bike;1.32;completed;ok
T002907;2026-10-06T20:09:00;S03;S01;19;3.14;subscriber;bike;2.09;completed;ok
T002908;2026-10-06T09:20:00;S04;S02;8;1.02;student;ebike;1.36;completed;ok
T002909;2026-10-06T16:33:00;S02;S03;11;2.37;casual;scooter;2.42;completed;ok
T002910;2026-10-06T07:22:00;S03;S02;13;2.61;student;scooter;2.86;completed;ok
T002911;2026-10-06T14:08:00;S02;S06;8;1.16;student;bike;0.88;completed;ok
T002912;2026-10-06T19:53:00;S04;S05;10;1.60;student;bike;1.10;completed;ok
T002913;2026-10-06T13:27:00;S02;S04;9;1.04;student;bike;0.99;completed;ok
T002914;2026-10-06T20:45:00;S07;S02;9;1.45;subscriber;ebike;1.53;completed;ok
T002915;2026-10-06T15:39:00;S02;S06;6;1.04;student;bike;0.66;completed;ok
T002916;2026-10-06T20:12:00;S07;S05;9;1.41;subscriber;bike;0.99;completed;ok
T002917;2026-10-06T14:58:00;S02;S08;8;1.53;subscriber;scooter;1.76;completed;ok
T002918;2026-10-06T17:48:00;S07;S03;21;3.60;student;bike;2.31;completed;ok
T002919;2026-10-06T07:55:00;S04;S02;6;0.99;student;scooter;1.32;cancelled;ok
T002920;2026-10-06T06:46:00;S05;S04;10;1.80;subscriber;bike;1.10;completed;ok
T002921;2026-10-06T15:15:00;S02;S08;12;1.73;student;bike;1.32;completed;ok
T002922;2026-10-06T06:04:00;S01;S05;8;1.12;student;scooter;1.76;completed;ok
T002923;2026-10-06T15:49:00;S06;S03;11;1.72;subscriber;bike;1.21;completed;ok
T002924;2026-10-06T14:24:00;S06;S02;8;1.06;casual;bike;0.88;completed;ok
T002925;2026-10-06T13:15:00;S01;S07;5;0.73;subscriber;bike;0.55;completed;ok
T002926;2026-10-06T17:16:00;S05;S03;18;3.57;casual;scooter;3.96;completed;ok
T002927;2026-10-06T08:19:00;S04;S02;7;1.00;student;scooter;1.54;completed;ok
T002928;2026-10-06T15:21:00;S02;S05;10;1.48;student;scooter;2.20;completed;ok
T002929;2026-10-06T14:25:00;S02;S07;8;1.31;student;ebike;1.36;completed;ok
T002930;2026-10-06T20:41:00;S07;S04;6;0.71;student;ebike;1.02;completed;ok
T002931;2026-10-06T09:31:00;S04;S02;7;1.06;student;ebike;1.19;completed;ok
T002932;2026-10-06T15:15:00;S02;S05;8;1.63;student;ebike;1.36;completed;ok
T002933;2026-10-06T08:11:00;S02;S05;9;1.53;subscriber;bike;0.99;completed;ok
T002934;2026-10-07T19:09:00;S01;S05;5;1.01;subscriber;ebike;0.85;completed;ok
T002935;2026-10-07T17:38:00;S01;S06;10;1.83;casual;ebike;1.70;completed;ok
T002936;2026-10-07T15:05:00;S02;S01;5;0.78;student;ebike;0.85;completed;ok
T002937;2026-10-07T09:09:00;S08;S02;9;1.61;subscriber;scooter;1.98;completed;ok
T002938;2026-10-07T08:03:00;S03;S02;13;2.57;student;scooter;2.86;completed;ok
T002939;2026-10-07T15:41:00;S02;S06;7;1.07;student;ebike;1.19;completed;ok
T002940;2026-10-07T19:15:00;S04;S06;13;1.90;student;bike;1.43;completed;ok
T002941;2026-10-07T08:19:00;S01;S02;7;0.89;student;ebike;1.19;completed;ok
T002942;2026-10-07T07:45:00;S04;S03;15;3.53;subscriber;ebike;2.55;completed;ok
T002943;2026-10-07T16:09:00;S05;S03;20;3.80;casual;bike;2.20;completed;ok
T002944;2026-10-07T07:10:00;S07;S05;9;1.24;subscriber;scooter;1.98;completed;ok
T002945;2026-10-07T08:22:00;S01;S02;5;0.87;student;ebike;0.85;completed;ok
T002946;2026-10-07T15:16:00;S02;S07;8;1.41;student;ebike;1.36;completed;ok
T002947;2026-10-07T07:52:00;S06;S02;6;1.12;student;ebike;1.02;completed;ok
T002948;2026-10-07T17:32:00;S03;S05;17;3.39;subscriber;scooter;3.74;completed;ok
T002949;2026-10-07T19:07:00;S07;S06;10;2.48;subscriber;ebike;1.70;completed;ok
T002950;2026-10-07T21:38:00;S02;S01;4;0.87;subscriber;ebike;0.68;completed;ok
T002951;2026-10-07T07:30:00;S07;S04;4;0.81;subscriber;scooter;0.88;completed;ok
T002952;2026-10-07T14:43:00;S06;S01;9;1.60;subscriber;ebike;1.53;completed;ok
T002953;2026-10-07T13:25:00;S02;S03;11;2.27;subscriber;ebike;1.87;completed;ok
T002954;2026-10-07T13:57:00;S02;S05;8;1.45;student;bike;0.88;cancelled;ok
T002955;2026-10-07T18:22:00;S04;S05;10;1.68;casual;ebike;1.70;completed;ok
T002956;2026-10-07T21:05:00;S07;S06;10;2.41;student;ebike;1.70;completed;ok
T002957;2026-10-07T20:21:00;S03;S05;21;3.98;student;bike;2.31;completed;ok
T002958;2026-10-07T09:52:00;S01;S02;5;0.83;student;ebike;0.85;completed;ok
T002959;2026-10-07T20:39:00;S08;S01;9;1.42;student;scooter;1.98;completed;ok
T002960;2026-10-07T15:26:00;S02;S03;14;2.53;student;bike;1.54;completed;ok
T002961;2026-10-07T09:39:00;S03;S02;12;2.29;student;scooter;2.64;completed;ok
T002962;2026-10-07T21:38:00;S03;S06;10;1.79;subscriber;ebike;1.70;completed;ok
T002963;2026-10-07T15:13:00;S02;S06;7;1.02;student;ebike;1.19;completed;ok
T002964;2026-10-07T17:54:00;S04;S07;7;0.69;subscriber;bike;0.77;completed;ok
T002965;2026-10-07T19:17:00;S04;S06;12;2.05;subscriber;scooter;2.64;completed;ok
T002966;2026-10-07T08:04:00;S04;S02;7;1.05;student;scooter;1.54;completed;ok
T002967;2026-10-07T15:51:00;S08;S02;9;1.56;subscriber;scooter;1.98;completed;ok
T002968;2026-10-07T15:47:00;S02;S06;8;1.17;subscriber;bike;0.88;completed;ok
T002969;2026-10-07T07:08:00;S08;S02;9;1.52;student;ebike;1.53;completed;ok
T002970;2026-10-07T20:20:00;S01;S08;8;1.31;subscriber;ebike;1.36;completed;ok
T002971;2026-10-07T18:05:00;S06;S08;11;2.45;subscriber;ebike;1.87;completed;ok
T002972;2026-10-07T09:47:00;S05;S02;9;1.67;student;ebike;1.53;completed;ok
T002973;2026-10-07T18:34:00;S04;S02;7;0.95;subscriber;bike;0.77;completed;ok
T002974;2026-10-07T19:47:00;S06;S02;9;1.08;subscriber;bike;0.99;completed;ok
T002975;2026-10-07T15:59:00;S01;S05;5;1.05;subscriber;scooter;1.10;cancelled;ok
T002976;2026-10-07T13:48:00;S02;S06;5;1.03;student;ebike;0.85;completed;ok
T002977;2026-10-07T17:34:00;S07;S02;7;1.34;subscriber;ebike;1.19;completed;ok
T002978;2026-10-07T09:04:00;S04;S05;8;1.69;subscriber;ebike;1.36;completed;ok
T002979;2026-10-07T11:58:00;S03;S05;16;3.49;casual;scooter;3.52;completed;ok
T002980;2026-10-07T08:09:00;S01;S02;8;;student;bike;0.88;completed;missing_distance
T002981;2026-10-07T08:46:00;S02;S01;6;0.75;subscriber;scooter;1.32;completed;ok
T002982;2026-10-07T20:15:00;S07;S05;9;1.30;subscriber;scooter;1.98;completed;ok
T002983;2026-10-07T13:00:00;S02;S05;8;1.42;student;scooter;1.76;completed;ok
T002984;2026-10-07T14:12:00;S07;S06;14;2.29;subscriber;bike;1.54;completed;ok
T002985;2026-10-07T09:40:00;S06;S02;8;1.20;student;ebike;1.36;completed;ok
T002986;2026-10-07T15:15:00;S06;S07;13;2.56;subscriber;ebike;2.21;completed;ok
T002987;2026-10-07T20:07:00;S01;S03;14;3.10;subscriber;ebike;2.38;completed;ok
T002988;2026-10-07T15:41:00;S02;S03;11;2.34;student;ebike;1.87;completed;ok
T002989;2026-10-07T14:22:00;S02;S03;12;2.14;student;ebike;2.04;completed;ok
T002990;2026-10-07T14:28:00;S02;S01;6;0.75;student;ebike;1.02;completed;ok
T002991;2026-10-07T09:58:00;S08;S02;10;1.50;student;scooter;2.20;completed;ok
T002992;2026-10-07T14:37:00;S02;S04;5;0.99;student;ebike;0.85;completed;ok
T002993;2026-10-07T20:37:00;S02;S01;4;0.90;subscriber;ebike;0.68;completed;ok
T002994;2026-10-07T14:13:00;S02;S03;10;2.31;student;ebike;1.70;completed;ok
T002995;2026-10-07T15:14:00;S02;S06;6;1.12;student;ebike;1.02;completed;ok
T002996;2026-10-07T19:30:00;S04;S07;6;0.75;subscriber;bike;0.66;completed;ok
T002997;2026-10-07T14:41:00;S02;S07;8;1.35;student;scooter;1.76;completed;ok
T002998;2026-10-07T09:38:00;S05;S02;8;1.63;student;ebike;1.36;completed;ok
T002999;2026-10-07T15:02:00;S02;S03;11;2.19;student;ebike;1.87;completed;ok
T003000;2026-10-07T18:43:00;S03;S01;15;3.21;student;ebike;2.55;completed;ok
T003001;2026-10-07T19:30:00;S05;S04;10;1.51;subscriber;bike;1.10;completed;ok
T003002;2026-10-07T07:42:00;S03;S02;12;2.43;student;ebike;2.04;completed;ok
T003003;2026-10-07T18:26:00;S04;S02;5;0.96;casual;ebike;0.85;completed;ok
T003004;2026-10-07T17:30:00;S06;S08;11;2.63;subscriber;ebike;1.87;completed;ok
T003005;2026-10-07T07:33:00;S01;S02;5;0.87;student;ebike;0.85;cancelled;ok
T003006;2026-10-07T13:22:00;S02;S05;9;1.48;student;ebike;1.53;completed;ok
T003007;2026-10-07T17:57:00;S07;S08;5;1.09;subscriber;ebike;0.85;completed;ok
T003008;2026-10-07T18:10:00;S06;S05;9;1.84;casual;scooter;1.98;completed;ok
T003009;2026-10-07T09:08:00;S01;S02;5;0.86;student;ebike;0.85;completed;ok
T003010;2026-10-07T09:36:00;S03;S02;11;2.26;student;ebike;1.87;completed;ok
T003011;2026-10-07T20:39:00;S06;S01;8;1.88;student;ebike;1.36;completed;ok
T003012;2026-10-08T17:37:00;S08;S03;14;3.32;subscriber;ebike;2.38;completed;ok
T003013;2026-10-08T09:23:00;S02;S06;7;0.99;subscriber;bike;0.77;completed;ok
T003014;2026-10-08T15:55:00;S02;S05;9;1.72;student;ebike;1.53;completed;ok
T003015;2026-10-08T13:34:00;S04;S05;9;1.77;subscriber;ebike;1.53;completed;ok
T003016;2026-10-08T13:12:00;S02;S04;5;1.06;student;ebike;0.85;completed;ok
T003017;2026-10-08T17:50:00;S02;S03;11;2.58;subscriber;ebike;1.87;completed;ok
T003018;2026-10-08T17:20:00;S07;S05;8;1.29;student;ebike;1.36;completed;ok
T003019;2026-10-08T15:21:00;S02;S05;8;1.42;student;ebike;1.36;completed;ok
T003020;2026-10-08T13:42:00;S03;S02;15;2.32;subscriber;bike;1.65;completed;ok
T003021;2026-10-08T07:03:00;S04;S02;6;0.93;student;ebike;1.02;completed;ok
T003022;2026-10-08T09:27:00;S03;S07;17;3.72;subscriber;ebike;2.89;completed;ok
T003023;2026-10-08T20:31:00;S05;S01;6;0.99;subscriber;ebike;1.02;completed;ok
T003024;2026-10-08T08:07:00;S08;S04;5;0.75;subscriber;bike;0.55;completed;ok
T003025;2026-10-08T13:42:00;S02;S08;9;1.80;student;scooter;1.98;completed;ok
T003026;2026-10-08T18:19:00;S02;S08;9;1.70;casual;scooter;1.98;completed;ok
T003027;2026-10-08T09:39:00;S07;S02;9;1.36;student;ebike;1.53;completed;ok
T003028;2026-10-08T13:42:00;S02;S04;6;0.92;student;scooter;1.32;completed;ok
T003029;2026-10-08T20:08:00;S07;S08;8;1.20;subscriber;bike;0.88;completed;ok
T003030;2026-10-08T20:20:00;S08;S01;9;1.34;student;bike;0.99;completed;ok
T003031;2026-10-08T15:40:00;S02;S07;7;1.56;student;scooter;1.54;completed;ok
T003032;2026-10-08T07:46:00;S03;S02;11;2.51;student;ebike;1.87;completed;ok
T003033;2026-10-08T08:07:00;S03;S02;10;2.31;student;ebike;1.70;completed;ok
T003034;2026-10-08T09:22:00;S04;S02;8;1.06;student;scooter;1.76;completed;ok
T003035;2026-10-08T14:43:00;S02;S04;6;1.06;student;ebike;1.02;completed;ok
T003036;2026-10-08T19:33:00;S02;S01;6;0.78;subscriber;ebike;1.02;completed;ok
T003037;2026-10-08T14:41:00;S02;S07;8;1.56;subscriber;ebike;1.36;completed;ok
T003038;2026-10-08T07:08:00;S05;S02;9;1.58;student;ebike;1.53;completed;ok
T003039;2026-10-08T15:23:00;S02;S01;4;0.73;student;ebike;0.68;completed;ok
T003040;2026-10-08T14:48:00;S02;S04;6;1.02;student;scooter;1.32;cancelled;ok
T003041;2026-10-08T14:47:00;S06;S01;9;1.69;subscriber;ebike;1.53;completed;ok
T003042;2026-10-08T09:31:00;S01;S02;5;0.87;student;scooter;1.10;completed;ok
T003043;2026-10-08T18:40:00;S08;S01;8;1.30;subscriber;ebike;1.36;completed;ok
T003044;2026-10-08T17:14:00;S04;S08;6;0.73;subscriber;bike;0.66;completed;ok
T003045;2026-10-08T15:33:00;S03;S06;9;1.93;subscriber;scooter;1.98;completed;ok
T003046;2026-10-08T07:22:00;S04;S02;6;1.05;student;ebike;1.02;completed;ok
T003047;2026-10-08T21:55:00;S05;S01;6;1.02;subscriber;scooter;1.32;completed;ok
T003048;2026-10-08T15:54:00;S02;S06;6;1.08;student;ebike;1.02;completed;ok
T003049;2026-10-08T14:41:00;S02;S06;7;1.15;student;scooter;1.54;completed;ok
T003050;2026-10-08T14:43:00;S02;S03;12;2.18;student;ebike;2.04;completed;ok
T003051;2026-10-08T19:03:00;S07;S05;8;1.28;casual;ebike;1.36;completed;ok
T003052;2026-10-08T18:11:00;S08;S01;7;1.27;casual;ebike;1.19;completed;ok
T003053;2026-10-08T09:33:00;S03;S02;10;2.25;student;ebike;1.70;completed;ok
T003054;2026-10-08T07:11:00;S02;S05;8;1.43;subscriber;scooter;1.76;completed;ok
T003055;2026-10-08T13:23:00;S02;S07;9;1.49;student;scooter;1.98;completed;ok
T003056;2026-10-08T20:33:00;S04;S05;7;1.51;student;ebike;1.19;completed;ok
T003057;2026-10-08T18:25:00;S02;S04;7;0.97;subscriber;ebike;1.19;completed;ok
T003058;2026-10-08T16:37:00;S03;S01;15;3.21;casual;scooter;3.30;completed;ok
T003059;2026-10-08T19:44:00;S07;S08;5;1.07;subscriber;ebike;0.85;completed;ok
T003060;2026-10-08T07:27:00;S03;S02;13;2.53;student;ebike;2.21;completed;ok
T003061;2026-10-08T14:42:00;S02;S03;13;2.39;student;bike;1.43;completed;ok
T003062;2026-10-08T17:18:00;S04;S05;10;1.73;subscriber;bike;1.10;completed;ok
T003063;2026-10-08T19:16:00;S06;S03;8;1.82;subscriber;scooter;1.76;completed;ok
T003064;2026-10-08T08:17:00;S07;S02;8;1.58;student;ebike;1.36;completed;ok
T003065;2026-10-08T13:28:00;S02;S01;7;0.89;student;ebike;1.19;completed;ok
T003066;2026-10-08T08:39:00;S07;S03;17;3.81;subscriber;ebike;2.89;completed;ok
T003067;2026-10-08T17:00:00;S07;S01;5;0.73;student;ebike;0.85;completed;ok
T003068;2026-10-08T18:03:00;S07;S02;9;1.61;casual;ebike;1.53;completed;ok
T003069;2026-10-08T14:30:00;S02;S04;7;1.00;student;ebike;1.19;completed;ok
T003070;2026-10-08T08:37:00;S08;S02;8;1.68;student;scooter;1.76;completed;ok
T003071;2026-10-08T15:00:00;S02;S06;6;1.06;student;ebike;1.02;completed;ok
T003072;2026-10-08T19:49:00;S06;S08;11;2.51;student;ebike;1.87;completed;ok
T003073;2026-10-08T07:41:00;S05;S02;8;1.47;student;bike;0.88;completed;ok
T003074;2026-10-08T13:12:00;S02;S03;13;2.44;student;bike;1.43;completed;ok
T003075;2026-10-08T18:53:00;S08;S02;10;1.68;subscriber;bike;1.10;completed;ok
T003076;2026-10-08T08:04:00;S03;S02;12;2.48;student;ebike;2.04;completed;ok
T003077;2026-10-08T18:17:00;S03;S07;18;4.07;student;scooter;3.96;completed;ok
T003078;2026-10-08T13:05:00;S02;S04;6;1.08;student;ebike;1.02;cancelled;ok
T003079;2026-10-08T18:38:00;S04;S08;5;0.74;student;scooter;1.10;completed;ok
T003080;2026-10-08T12:18:00;S03;S01;14;3.28;subscriber;ebike;2.38;completed;ok
T003081;2026-10-08T07:21:00;S05;S04;9;1.74;subscriber;ebike;1.53;completed;ok
T003082;2026-10-08T22:46:00;S03;S02;10;2.16;subscriber;ebike;1.70;completed;ok
T003083;2026-10-08T14:32:00;S02;S04;5;0.90;student;ebike;0.85;completed;ok
T003084;2026-10-08T18:46:00;S07;S01;3;0.65;subscriber;ebike;0.51;completed;ok
T003085;2026-10-08T17:03:00;S07;S02;7;1.56;casual;scooter;1.54;completed;ok
T003086;2026-10-08T09:11:00;S01;S04;6;0.64;subscriber;ebike;1.02;completed;ok
T003087;2026-10-08T19:38:00;S07;S06;11;2.13;student;ebike;1.87;completed;ok
T003088;2026-10-08T07:55:00;S06;S01;10;1.74;subscriber;bike;1.10;completed;ok
T003089;2026-10-08T15:33:00;S02;S03;12;2.28;student;ebike;2.04;completed;ok
T003090;2026-10-08T09:25:00;S07;S02;8;1.53;student;ebike;1.36;completed;ok
T003091;2026-10-08T07:08:00;S05;S07;8;1.32;subscriber;ebike;1.36;completed;ok
T003092;2026-10-08T20:07:00;S02;S07;9;1.45;student;scooter;1.98;completed;ok
T003093;2026-10-08T20:03:00;S06;S05;10;1.79;subscriber;scooter;2.20;completed;ok
T003094;2026-10-08T15:34:00;S02;S03;14;2.60;student;scooter;3.08;completed;ok
T003095;2026-10-08T14:28:00;S01;S04;5;0.60;subscriber;bike;0.55;completed;ok
T003096;2026-10-08T20:29:00;S04;S07;7;0.81;student;scooter;1.54;completed;ok
T003097;2026-10-08T14:46:00;S02;S08;9;1.52;student;ebike;1.53;completed;ok
T003098;2026-10-08T09:46:00;S03;S02;13;2.39;student;scooter;2.86;completed;ok
T003099;2026-10-08T08:18:00;S03;S02;10;2.25;student;scooter;2.20;completed;ok
T003100;2026-10-08T15:00:00;S02;S04;6;0.91;student;scooter;1.32;completed;ok
T003101;2026-10-09T14:50:00;S03;S01;18;3.02;subscriber;bike;1.98;completed;ok
T003102;2026-10-09T07:32:00;S02;S06;6;1.08;subscriber;ebike;1.02;completed;ok
T003103;2026-10-09T09:58:00;S08;S01;8;1.34;casual;ebike;1.36;completed;ok
T003104;2026-10-09T07:05:00;S03;S08;18;3.31;subscriber;bike;1.98;completed;ok
T003105;2026-10-09T07:59:00;S08;S02;7;1.72;student;ebike;1.19;completed;ok
T003106;2026-10-09T13:11:00;S02;S01;5;0.89;student;ebike;0.85;completed;ok
T003107;2026-10-09T20:16:00;S07;S05;8;1.35;subscriber;scooter;1.76;completed;ok
T003108;2026-10-09T17:01:00;S04;S08;6;0.73;student;ebike;1.02;completed;ok
T003109;2026-10-09T09:12:00;S01;S02;7;0.85;student;bike;0.77;cancelled;ok
T003110;2026-10-09T15:02:00;S02;S04;6;0.95;student;ebike;1.02;completed;ok
T003111;2026-10-09T07:46:00;S06;S02;8;1.07;student;scooter;1.76;completed;ok
T003112;2026-10-09T11:40:00;S03;S06;9;1.76;subscriber;scooter;1.98;completed;ok
T003113;2026-10-09T19:39:00;S02;S06;7;1.02;subscriber;ebike;1.19;cancelled;ok
T003114;2026-10-09T19:48:00;S01;S07;6;0.68;subscriber;ebike;1.02;completed;ok
T003115;2026-10-09T19:42:00;S07;S02;9;1.50;subscriber;ebike;1.53;completed;ok
T003116;2026-10-09T07:24:00;S03;S05;17;3.58;subscriber;ebike;2.89;completed;ok
T003117;2026-10-09T18:45:00;S04;S08;5;0.79;subscriber;scooter;1.10;completed;ok
T003118;2026-10-09T07:52:00;S03;S02;10;2.26;student;ebike;1.70;completed;ok
T003119;2026-10-09T15:23:00;S02;S04;8;1.06;student;bike;0.88;completed;ok
T003120;2026-10-09T18:02:00;S03;S01;18;3.35;subscriber;bike;1.98;completed;ok
T003121;2026-10-09T15:22:00;S02;S06;6;1.03;student;ebike;1.02;completed;ok
T003122;2026-10-09T07:45:00;S08;S02;7;1.47;student;scooter;1.54;completed;ok
T003123;2026-10-09T18:11:00;S02;S06;7;1.06;subscriber;ebike;1.19;completed;ok
T003124;2026-10-09T07:58:00;S01;S04;4;0.60;casual;bike;0.44;completed;ok
T003125;2026-10-09T07:57:00;S02;S06;8;1.16;casual;ebike;1.36;completed;ok
T003126;2026-10-09T08:04:00;S01;S04;7;0.59;subscriber;bike;0.77;completed;ok
T003127;2026-10-09T17:36:00;S03;S04;15;3.18;casual;scooter;3.30;completed;ok
T003128;2026-10-09T07:23:00;S04;S02;7;0.99;student;bike;0.77;completed;ok
T003129;2026-10-09T15:41:00;S02;S06;7;;student;ebike;1.19;completed;missing_distance
T003130;2026-10-09T15:57:00;S02;S07;9;1.42;student;scooter;1.98;completed;ok
T003131;2026-10-09T13:34:00;S01;S06;9;1.63;subscriber;bike;0.99;completed;ok
T003132;2026-10-09T20:18:00;S08;S04;5;0.76;casual;scooter;1.10;completed;ok
T003133;2026-10-09T07:30:00;S07;S01;6;0.67;casual;bike;0.66;completed;ok
T003134;2026-10-09T07:15:00;S01;S02;6;0.88;student;ebike;1.02;completed;ok
T003135;2026-10-09T19:58:00;S06;S05;10;1.80;subscriber;ebike;1.70;completed;ok
T003136;2026-10-09T17:29:00;S07;S04;6;0.80;subscriber;ebike;1.02;completed;ok
T003137;2026-10-09T17:30:00;S03;S02;11;2.61;subscriber;ebike;1.87;completed;ok
T003138;2026-10-09T07:19:00;S06;S02;7;1.06;student;bike;0.77;completed;ok
T003139;2026-10-09T19:50:00;S02;S07;6;1.36;student;ebike;1.02;completed;ok
T003140;2026-10-09T09:46:00;S06;S02;6;1.12;student;ebike;1.02;completed;ok
T003141;2026-10-09T09:33:00;S04;S02;7;0.94;student;bike;0.77;completed;ok
T003142;2026-10-09T11:43:00;S06;S05;9;1.77;casual;ebike;1.53;completed;ok
T003143;2026-10-09T15:04:00;S02;S04;8;1.07;student;ebike;1.36;completed;ok
T003144;2026-10-09T17:03:00;S04;S02;6;1.02;subscriber;ebike;1.02;completed;ok
T003145;2026-10-09T15:33:00;S02;S01;7;0.89;subscriber;ebike;1.19;completed;ok
T003146;2026-10-09T08:49:00;S05;S02;8;1.41;student;scooter;1.76;completed;ok
T003147;2026-10-09T19:34:00;S04;S06;8;1.95;student;ebike;1.36;completed;ok
T003148;2026-10-09T18:33:00;S05;S01;7;1.06;subscriber;bike;0.77;completed;ok
T003149;2026-10-09T10:08:00;S03;S04;14;2.93;subscriber;ebike;2.38;completed;ok
T003150;2026-10-09T07:14:00;S06;S02;8;1.05;student;scooter;1.76;completed;ok
T003151;2026-10-09T19:04:00;S04;S07;4;0.74;subscriber;ebike;0.68;completed;ok
T003152;2026-10-09T07:03:00;S07;S02;8;1.51;student;ebike;1.36;completed;ok
T003153;2026-10-09T14:24:00;S02;S06;8;1.05;subscriber;ebike;1.36;completed;ok
T003154;2026-10-09T19:19:00;S02;S08;11;1.76;subscriber;bike;1.21;completed;ok
T003155;2026-10-09T13:25:00;S08;S05;10;2.43;subscriber;ebike;1.70;completed;ok
T003156;2026-10-09T20:28:00;S07;S08;7;1.13;subscriber;scooter;1.54;completed;ok
T003157;2026-10-09T08:43:00;S05;S02;8;1.41;student;ebike;1.36;completed;ok
T003158;2026-10-09T20:06:00;S06;S08;15;2.80;casual;scooter;3.30;completed;ok
T003159;2026-10-09T13:29:00;S02;S05;10;1.51;student;scooter;2.20;completed;ok
T003160;2026-10-09T13:31:00;S02;S04;7;0.93;student;ebike;1.19;completed;ok
T003161;2026-10-09T09:39:00;S02;S07;8;1.59;casual;ebike;1.36;completed;ok
T003162;2026-10-09T15:38:00;S02;S03;12;2.61;student;ebike;2.04;completed;ok
T003163;2026-10-09T12:33:00;S01;S08;7;1.42;subscriber;ebike;1.19;completed;ok
T003164;2026-10-09T07:15:00;S01;S02;8;0.90;student;bike;0.88;completed;ok
T003165;2026-10-09T09:37:00;S01;S02;6;0.80;casual;ebike;1.02;completed;ok
T003166;2026-10-09T13:16:00;S05;S02;9;1.43;subscriber;bike;0.99;completed;ok
T003167;2026-10-09T09:10:00;S08;S04;6;0.79;subscriber;ebike;1.02;completed;ok
T003168;2026-10-09T09:11:00;S08;S02;11;1.74;student;scooter;2.42;completed;ok
T003169;2026-10-09T07:19:00;S06;S02;5;1.14;student;ebike;0.85;completed;ok
T003170;2026-10-09T20:03:00;S05;S08;12;2.35;casual;ebike;2.04;completed;ok
T003171;2026-10-09T08:50:00;S04;S02;6;0.94;student;ebike;1.02;completed;ok
T003172;2026-10-09T18:14:00;S01;S08;7;1.27;subscriber;bike;0.77;completed;ok
T003173;2026-10-09T15:01:00;S02;S05;9;1.54;student;scooter;1.98;completed;ok
T003174;2026-10-09T20:35:00;S05;S01;7;1.16;subscriber;ebike;1.19;completed;ok
T003175;2026-10-09T09:38:00;S04;S02;8;0.90;student;bike;0.88;completed;ok
T003176;2026-10-09T14:19:00;S02;S03;12;2.19;student;scooter;2.64;completed;ok
T003177;2026-10-09T09:39:00;S04;S03;19;3.46;subscriber;bike;2.09;completed;ok
T003178;2026-10-09T14:23:00;S02;S05;8;1.59;student;scooter;1.76;completed;ok
T003179;2026-10-09T07:01:00;S06;S02;7;1.08;student;ebike;1.19;completed;ok
T003180;2026-10-09T09:46:00;S04;S02;7;1.06;subscriber;ebike;1.19;completed;ok
T003181;2026-10-09T09:28:00;S01;S02;4;0.75;student;ebike;0.68;completed;ok
T003182;2026-10-09T15:42:00;S02;S01;6;0.86;student;bike;0.66;completed;ok
T003183;2026-10-09T13:13:00;S02;S04;7;0.89;student;ebike;1.19;completed;ok
T003184;2026-10-09T15:20:00;S05;S08;10;2.19;subscriber;ebike;1.70;completed;ok
T003185;2026-10-09T17:11:00;S07;S03;18;3.94;student;ebike;3.06;completed;ok
T003186;2026-10-09T13:16:00;S02;S04;7;0.96;student;bike;0.77;completed;ok
T003187;2026-10-09T07:50:00;S03;S02;13;2.46;student;scooter;2.86;completed;ok
T003188;2026-10-09T15:14:00;S02;S01;7;0.87;student;bike;0.77;completed;ok
T003189;2026-10-09T18:33:00;S02;S04;5;0.91;subscriber;scooter;1.10;completed;ok
T003190;2026-10-09T18:59:00;S05;S01;9;1.02;subscriber;bike;0.99;completed;ok
T003191;2026-10-09T19:25:00;S04;S02;6;0.94;student;bike;0.66;completed;ok
T003192;2026-10-09T18:06:00;S04;S01;6;0.57;casual;ebike;1.02;completed;ok
T003193;2026-10-10T20:48:00;S04;S01;7;0.62;subscriber;bike;0.77;completed;ok
T003194;2026-10-10T18:01:00;S07;S05;9;1.39;subscriber;ebike;1.53;completed;ok
T003195;2026-10-10T12:39:00;S06;S01;9;1.62;subscriber;ebike;1.53;completed;ok
T003196;2026-10-10T19:53:00;S04;S01;5;0.63;subscriber;ebike;0.85;completed;ok
T003197;2026-10-10T18:48:00;S01;S04;4;0.64;subscriber;ebike;0.68;completed;ok
T003198;2026-10-10T19:43:00;S07;S05;9;1.33;student;bike;0.99;completed;ok
T003199;2026-10-10T16:58:00;S03;S01;17;3.51;subscriber;scooter;3.74;completed;ok
T003200;2026-10-10T19:41:00;S07;S08;8;1.29;subscriber;bike;0.88;completed;ok
T003201;2026-10-10T18:10:00;S07;S02;11;1.55;student;bike;1.21;completed;ok
T003202;2026-10-10T22:38:00;S05;S08;11;2.47;subscriber;ebike;1.87;completed;ok
T003203;2026-10-10T18:32:00;S01;S07;4;0.66;subscriber;ebike;0.68;completed;ok
T003204;2026-10-10T18:52:00;S07;S02;9;1.42;subscriber;bike;0.99;completed;ok
T003205;2026-10-10T19:02:00;S07;S02;11;1.58;casual;bike;1.21;completed;ok
T003206;2026-10-10T20:45:00;S04;S07;5;0.74;subscriber;bike;0.55;completed;ok
T003207;2026-10-10T18:17:00;S01;S07;4;0.60;student;ebike;0.68;completed;ok
T003208;2026-10-10T19:40:00;S05;S03;16;3.39;subscriber;scooter;3.52;completed;ok
T003209;2026-10-10T18:43:00;S04;S01;4;0.67;casual;ebike;0.68;completed;ok
T003210;2026-10-10T17:18:00;S06;S04;10;2.22;subscriber;ebike;1.70;completed;ok
T003211;2026-10-10T12:12:00;S06;S02;8;1.14;subscriber;ebike;1.36;completed;ok
T003212;2026-10-10T17:29:00;S06;S08;12;2.46;subscriber;scooter;2.64;completed;ok
T003213;2026-10-10T19:27:00;S08;S04;4;0.70;subscriber;scooter;0.88;completed;ok
T003214;2026-10-10T19:49:00;S03;S02;12;2.19;subscriber;ebike;2.04;completed;ok
T003215;2026-10-10T10:05:00;S08;S05;13;2.50;casual;ebike;2.21;completed;ok
T003216;2026-10-10T18:55:00;S02;S08;10;1.76;subscriber;ebike;1.70;completed;ok
T003217;2026-10-10T17:10:00;S08;S01;7;1.31;subscriber;scooter;1.54;completed;ok
T003218;2026-10-10T20:32:00;S03;S02;10;2.27;casual;ebike;1.70;completed;ok
T003219;2026-10-10T17:13:00;S06;S01;9;1.89;subscriber;scooter;1.98;completed;ok
T003220;2026-10-10T17:18:00;S03;S07;20;3.92;subscriber;bike;2.20;completed;ok
T003221;2026-10-10T18:44:00;S04;S07;5;0.80;subscriber;ebike;0.85;completed;ok
T003222;2026-10-10T06:26:00;S07;S08;7;1.07;subscriber;bike;0.77;completed;ok
T003223;2026-10-10T16:39:00;S07;S06;13;2.35;subscriber;bike;1.43;completed;ok
T003224;2026-10-10T20:46:00;S07;S01;5;0.61;casual;bike;0.55;completed;ok
T003225;2026-10-10T17:03:00;S01;S07;7;0.68;casual;bike;0.77;completed;ok
T003226;2026-10-10T20:54:00;S01;S06;8;1.81;subscriber;ebike;1.36;completed;ok
T003227;2026-10-10T17:18:00;S06;S07;13;2.58;casual;ebike;2.21;completed;ok
T003228;2026-10-10T12:55:00;S01;S02;7;0.74;casual;bike;0.77;completed;ok
T003229;2026-10-10T19:02:00;S07;S03;20;3.60;casual;bike;2.20;completed;ok
T003230;2026-10-10T20:12:00;S01;S06;12;1.73;subscriber;bike;1.32;completed;ok
T003231;2026-10-10T20:14:00;S01;S03;13;3.09;subscriber;ebike;2.21;completed;ok
T003232;2026-10-10T18:01:00;S01;S07;6;0.67;subscriber;bike;0.66;completed;ok
T003233;2026-10-10T19:19:00;S02;S05;8;1.41;casual;ebike;1.36;completed;ok
T003234;2026-10-10T18:51:00;S01;S07;7;0.70;subscriber;scooter;1.54;completed;ok
T003235;2026-10-10T15:31:00;S03;S01;17;3.26;subscriber;bike;1.87;completed;ok
T003236;2026-10-10T20:13:00;S06;S07;11;2.31;student;scooter;2.42;completed;ok
T003237;2026-10-10T17:14:00;S07;S06;12;2.18;student;bike;1.32;completed;ok
T003238;2026-10-10T13:18:00;S01;S06;10;1.80;casual;ebike;1.70;completed;ok
T003239;2026-10-10T20:05:00;S01;S02;7;0.83;student;bike;0.77;completed;ok
T003240;2026-10-10T20:02:00;S06;S07;13;2.17;student;bike;1.43;completed;ok
T003241;2026-10-10T19:48:00;S02;S07;10;1.32;casual;bike;1.10;completed;ok
T003242;2026-10-10T13:01:00;S07;S04;5;0.78;casual;bike;0.55;completed;ok
T003243;2026-10-10T18:06:00;S08;S03;17;3.60;subscriber;scooter;3.74;completed;ok
T003244;2026-10-10T17:09:00;S02;S04;8;1.07;subscriber;bike;0.88;completed;ok
T003245;2026-10-10T17:10:00;S02;S03;14;2.39;subscriber;bike;1.54;completed;ok
T003246;2026-10-10T19:53:00;S01;S05;6;1.10;subscriber;bike;0.66;completed;ok
T003247;2026-10-10T19:47:00;S06;S05;10;1.94;casual;ebike;1.70;completed;ok
T003248;2026-10-10T19:30:00;S03;S04;15;3.14;student;ebike;2.55;completed;ok
T003249;2026-10-10T17:34:00;S05;S08;11;2.22;subscriber;ebike;1.87;completed;ok
T003250;2026-10-10T19:52:00;S04;S02;7;0.93;student;ebike;1.19;completed;ok
T003251;2026-10-10T18:14:00;S07;S04;5;0.80;subscriber;ebike;0.85;completed;ok
T003252;2026-10-10T19:20:00;S02;S06;6;1.05;subscriber;ebike;1.02;completed;ok
T003253;2026-10-10T19:13:00;S01;S08;9;1.26;subscriber;bike;0.99;completed;ok
T003254;2026-10-10T20:19:00;S06;S08;15;2.64;casual;bike;1.65;completed;ok
T003255;2026-10-10T20:10:00;S02;S01;8;0.82;student;bike;0.88;completed;ok
T003256;2026-10-10T20:16:00;S08;S01;8;1.21;casual;scooter;1.76;completed;ok
T003257;2026-10-10T18:35:00;S07;S08;9;1.09;subscriber;bike;0.99;completed;ok
T003258;2026-10-10T19:04:00;S08;S06;14;2.54;casual;scooter;3.08;completed;ok
T003259;2026-10-10T08:28:00;S07;S02;8;1.37;student;ebike;1.36;completed;ok
T003260;2026-10-10T17:17:00;S06;S01;9;1.87;subscriber;ebike;1.53;completed;ok
T003261;2026-10-10T10:21:00;S05;S06;10;1.81;subscriber;ebike;1.70;completed;ok
T003262;2026-10-10T17:59:00;S06;S01;9;1.69;subscriber;ebike;1.53;completed;ok
T003263;2026-10-10T19:54:00;S02;S03;11;2.37;subscriber;ebike;1.87;completed;ok
T003264;2026-10-10T20:12:00;S04;S08;6;0.74;casual;bike;0.66;completed;ok
T003265;2026-10-10T18:23:00;S08;S02;11;1.72;subscriber;bike;1.21;completed;ok
T003266;2026-10-10T19:53:00;S03;S02;13;2.18;subscriber;bike;1.43;completed;ok
T003267;2026-10-10T19:45:00;S04;S02;8;0.89;subscriber;bike;0.88;completed;ok
T003268;2026-10-10T19:03:00;S04;S06;15;2.24;casual;bike;1.65;completed;ok
T003269;2026-10-10T20:50:00;S03;S02;15;2.27;student;bike;1.65;completed;ok
T003270;2026-10-10T19:17:00;S01;S02;5;0.88;subscriber;bike;0.55;completed;ok
T003271;2026-10-10T19:37:00;S02;S05;10;1.64;subscriber;bike;1.10;completed;ok
T003272;2026-10-10T19:01:00;S05;S04;7;1.66;subscriber;ebike;1.19;completed;ok
T003273;2026-10-10T17:58:00;S01;S02;6;0.87;casual;bike;0.66;completed;ok
T003274;2026-10-10T20:26:00;S01;S06;10;1.65;student;scooter;2.20;completed;ok
T003275;2026-10-10T20:27:00;S01;S06;8;1.63;subscriber;scooter;1.76;completed;ok
T003276;2026-10-10T19:49:00;S07;S06;16;2.50;subscriber;bike;1.76;completed;ok
T003277;2026-10-10T19:54:00;S06;S02;8;1.07;subscriber;bike;0.88;completed;ok
T003278;2026-10-10T17:38:00;S06;S02;6;;student;ebike;1.02;completed;missing_distance
T003279;2026-10-10T17:28:00;S05;S07;10;1.35;student;bike;1.10;completed;ok
T003280;2026-10-10T18:45:00;S07;S04;6;0.80;subscriber;bike;0.66;completed;ok
T003281;2026-10-10T20:20:00;S02;S06;6;1.08;subscriber;scooter;1.32;completed;ok
T003282;2026-10-10T18:57:00;S01;S07;4;0.61;subscriber;bike;0.44;completed;ok
T003283;2026-10-10T20:49:00;S03;S02;12;2.47;subscriber;scooter;2.64;completed;ok
T003284;2026-10-10T19:41:00;S02;S03;11;2.45;student;ebike;1.87;completed;ok
T003285;2026-10-10T18:01:00;S03;S06;10;1.73;subscriber;scooter;2.20;completed;ok
T003286;2026-10-10T20:09:00;S06;S08;18;2.91;student;bike;1.98;completed;ok
T003287;2026-10-10T20:58:00;S07;S05;7;1.15;subscriber;bike;0.77;completed;ok
T003288;2026-10-10T18:50:00;S06;S02;9;1.15;subscriber;bike;0.99;completed;ok
T003289;2026-10-10T22:54:00;S04;S03;18;2.98;subscriber;bike;1.98;completed;ok
T003290;2026-10-10T20:45:00;S04;S02;7;1.08;subscriber;bike;0.77;completed;ok
T003291;2026-10-11T07:57:00;S01;S03;15;2.95;casual;ebike;2.55;completed;ok
T003292;2026-10-11T18:46:00;S05;S01;9;1.05;casual;bike;0.99;completed;ok
T003293;2026-10-11T17:42:00;S01;S08;8;1.47;casual;ebike;1.36;completed;ok
T003294;2026-10-11T19:11:00;S04;S07;6;0.75;casual;scooter;1.32;completed;ok
T003295;2026-10-11T20:11:00;S01;S06;10;1.65;subscriber;bike;1.10;completed;ok
T003296;2026-10-11T17:19:00;S07;S03;24;4.22;subscriber;bike;2.64;completed;ok
T003297;2026-10-11T17:49:00;S07;S05;9;1.36;student;bike;0.99;completed;ok
T003298;2026-10-11T18:30:00;S04;S08;5;0.77;casual;ebike;0.85;completed;ok
T003299;2026-10-11T19:29:00;S02;S01;7;0.78;subscriber;bike;0.77;completed;ok
T003300;2026-10-11T18:14:00;S06;S01;8;1.80;student;ebike;1.36;completed;ok
T003301;2026-10-11T18:01:00;S03;S01;18;3.29;subscriber;bike;1.98;completed;ok
T003302;2026-10-11T17:05:00;S03;S02;12;2.16;casual;scooter;2.64;completed;ok
T003303;2026-10-11T17:16:00;S06;S04;14;2.24;subscriber;bike;1.54;completed;ok
T003304;2026-10-11T18:45:00;S01;S08;6;1.23;student;ebike;1.02;completed;ok
T003305;2026-10-11T10:29:00;S05;S01;6;1.08;casual;ebike;1.02;completed;ok
T003306;2026-10-11T20:48:00;S01;S04;6;0.65;casual;bike;0.66;completed;ok
T003307;2026-10-11T18:29:00;S01;S03;14;2.94;subscriber;ebike;2.38;completed;ok
T003308;2026-10-11T20:52:00;S07;S02;9;1.52;subscriber;ebike;1.53;completed;ok
T003309;2026-10-11T12:13:00;S03;S06;9;1.96;subscriber;ebike;1.53;completed;ok
T003310;2026-10-11T20:17:00;S06;S04;11;1.91;subscriber;bike;1.21;completed;ok
T003311;2026-10-11T17:02:00;S03;S07;18;4.02;subscriber;ebike;3.06;completed;ok
T003312;2026-10-11T18:18:00;S03;S05;16;3.75;subscriber;ebike;2.72;completed;ok
T003313;2026-10-11T19:31:00;S01;S08;9;1.31;subscriber;bike;0.99;completed;ok
T003314;2026-10-11T18:16:00;S02;S08;10;1.60;subscriber;bike;1.10;completed;ok
T003315;2026-10-11T17:42:00;S02;S03;10;2.23;subscriber;ebike;1.70;completed;ok
T003316;2026-10-11T20:44:00;S07;S04;4;0.67;casual;scooter;0.88;completed;ok
T003317;2026-10-11T17:00:00;S01;S06;10;1.64;student;scooter;2.20;completed;ok
T003318;2026-10-11T20:13:00;S08;S03;20;3.94;subscriber;bike;2.20;completed;ok
T003319;2026-10-11T11:14:00;S04;S08;5;0.70;student;bike;0.55;completed;ok
T003320;2026-10-11T20:48:00;S03;S07;18;3.89;subscriber;ebike;3.06;completed;ok
T003321;2026-10-11T17:51:00;S02;S03;10;2.21;subscriber;scooter;2.20;completed;ok
T003322;2026-10-11T17:51:00;S01;S07;4;0.63;subscriber;ebike;0.68;completed;ok
T003323;2026-10-11T19:24:00;S01;S04;6;0.56;student;ebike;1.02;completed;ok
T003324;2026-10-11T12:36:00;S03;S05;15;3.27;subscriber;scooter;3.30;completed;ok
T003325;2026-10-11T15:48:00;S06;S08;15;2.88;casual;scooter;3.30;completed;ok
T003326;2026-10-11T20:43:00;S07;S05;8;1.25;subscriber;bike;0.88;completed;ok
T003327;2026-10-11T17:14:00;S07;S06;16;2.57;subscriber;bike;1.76;completed;ok
T003328;2026-10-11T17:26:00;S03;S02;15;2.50;subscriber;bike;1.65;completed;ok
T003329;2026-10-11T18:36:00;S03;S07;16;3.92;subscriber;ebike;2.72;completed;ok
T003330;2026-10-11T18:59:00;S01;S02;7;0.79;subscriber;bike;0.77;completed;ok
T003331;2026-10-11T20:32:00;S06;S08;14;2.90;student;ebike;2.38;completed;ok
T003332;2026-10-11T20:48:00;S01;S06;10;1.83;subscriber;bike;1.10;completed;ok
T003333;2026-10-11T17:37:00;S07;S05;6;1.18;subscriber;ebike;1.02;completed;ok
T003334;2026-10-11T12:50:00;S02;S06;8;1.18;student;ebike;1.36;completed;ok
T003335;2026-10-11T09:17:00;S08;S06;11;2.70;subscriber;ebike;1.87;completed;ok
T003336;2026-10-11T17:29:00;S02;S06;8;1.13;casual;bike;0.88;completed;ok
T003337;2026-10-11T19:08:00;S04;S02;7;1.07;casual;bike;0.77;completed;ok
T003338;2026-10-11T18:42:00;S08;S05;16;2.50;student;bike;1.76;completed;ok
T003339;2026-10-11T18:46:00;S01;S07;6;0.69;subscriber;bike;0.66;completed;ok
T003340;2026-10-11T19:55:00;S08;S06;16;2.82;student;bike;1.76;completed;ok
T003341;2026-10-11T17:37:00;S07;S02;9;1.46;subscriber;bike;0.99;completed;ok
T003342;2026-10-11T17:46:00;S07;S05;10;1.36;student;bike;1.10;cancelled;ok
T003343;2026-10-11T17:33:00;S01;S07;6;0.67;subscriber;scooter;1.32;completed;ok
T003344;2026-10-11T19:14:00;S02;S04;6;0.99;student;scooter;1.32;completed;ok
T003345;2026-10-11T18:24:00;S02;S04;7;0.96;subscriber;ebike;1.19;completed;ok
T003346;2026-10-11T18:20:00;S06;S02;6;1.00;subscriber;bike;0.66;completed;ok
T003347;2026-10-11T18:42:00;S02;S06;6;1.07;subscriber;ebike;1.02;completed;ok
T003348;2026-10-11T17:16:00;S01;S08;10;1.46;subscriber;bike;1.10;completed;ok
T003349;2026-10-11T17:46:00;S06;S05;9;1.77;subscriber;ebike;1.53;completed;ok
T003350;2026-10-11T20:25:00;S07;S03;19;4.20;casual;ebike;3.23;completed;ok
T003351;2026-10-11T18:10:00;S01;S06;9;1.80;subscriber;ebike;1.53;completed;ok
T003352;2026-10-11T06:27:00;S06;S04;11;2.26;casual;ebike;1.87;completed;ok
T003353;2026-10-11T18:39:00;S04;S01;4;0.56;student;bike;0.44;completed;ok
T003354;2026-10-11T07:10:00;S04;S02;6;0.93;student;ebike;1.02;completed;ok
T003355;2026-10-11T18:31:00;S08;S01;7;1.27;subscriber;scooter;1.54;completed;ok
T003356;2026-10-11T16:33:00;S07;S06;12;2.47;student;ebike;2.04;completed;ok
T003357;2026-10-11T19:50:00;S05;S06;9;1.73;subscriber;scooter;1.98;completed;ok
T003358;2026-10-11T20:40:00;S08;S06;12;2.50;subscriber;ebike;2.04;completed;ok
T003359;2026-10-11T18:09:00;S07;S03;21;3.62;subscriber;bike;2.31;completed;ok
T003360;2026-10-11T19:53:00;S04;S01;5;0.60;subscriber;bike;0.55;completed;ok
T003361;2026-10-11T17:57:00;S03;S01;16;3.36;casual;ebike;2.72;completed;ok
T003362;2026-10-11T20:07:00;S04;S03;16;3.09;student;bike;1.76;completed;ok
T003363;2026-10-11T18:08:00;S02;S08;11;1.48;subscriber;bike;1.21;completed;ok
T003364;2026-10-11T17:47:00;S03;S04;20;3.45;casual;bike;2.20;completed;ok
T003365;2026-10-11T20:23:00;S02;S03;10;2.44;subscriber;ebike;1.70;completed;ok
T003366;2026-10-11T19:09:00;S01;S02;7;0.82;subscriber;scooter;1.54;cancelled;ok
T003367;2026-10-11T08:46:00;S02;S05;8;1.62;casual;scooter;1.76;completed;ok
T003368;2026-10-11T20:38:00;S06;S04;12;2.01;student;bike;1.32;completed;ok
T003369;2026-10-11T18:42:00;S01;S03;17;3.32;subscriber;scooter;3.74;completed;ok
T003370;2026-10-11T20:48:00;S07;S03;20;3.57;casual;bike;2.20;completed;ok
T003371;2026-10-11T20:13:00;S01;S04;6;0.60;student;bike;0.66;completed;ok
T003372;2026-10-11T18:03:00;S05;S04;8;1.70;casual;ebike;1.36;completed;ok
T003373;2026-10-11T18:05:00;S07;S08;7;1.17;subscriber;scooter;1.54;completed;ok
T003374;2026-10-11T19:38:00;S03;S04;16;3.34;subscriber;ebike;2.72;completed;ok
T003375;2026-10-11T19:10:00;S02;S08;9;1.52;subscriber;bike;0.99;cancelled;ok
T003376;2026-10-11T19:30:00;S04;S02;7;0.97;subscriber;ebike;1.19;completed;ok
T003377;2026-10-11T17:25:00;S08;S03;17;3.96;subscriber;ebike;2.89;completed;ok
T003378;2026-10-11T18:52:00;S08;S04;6;0.80;subscriber;scooter;1.32;completed;ok
T003379;2026-10-11T20:31:00;S06;S08;14;2.53;subscriber;bike;1.54;completed;ok
T003380;2026-10-11T20:50:00;S07;S06;13;2.55;subscriber;bike;1.43;completed;ok
T003381;2026-10-11T19:32:00;S03;S08;22;4.01;subscriber;bike;2.42;completed;ok
T003382;2026-10-11T17:17:00;S07;S03;20;3.73;subscriber;bike;2.20;completed;ok
T003383;2026-10-11T20:58:00;S06;S05;10;1.81;subscriber;bike;1.10;completed;ok
T003384;2026-10-11T19:33:00;S02;S08;8;1.71;casual;ebike;1.36;cancelled;ok
T003385;2026-10-11T20:17:00;S01;S07;7;0.65;casual;bike;0.77;completed;ok
T003386;2026-10-11T20:25:00;S01;S02;7;0.85;casual;bike;0.77;completed;ok
T003387;2026-10-11T20:10:00;S02;S08;9;1.69;subscriber;ebike;1.53;completed;ok
T003388;2026-10-11T20:02:00;S02;S01;6;0.75;casual;bike;0.66;completed;ok
T003389;2026-10-11T19:03:00;S07;S04;5;0.77;casual;ebike;0.85;completed;ok
T003390;2026-10-11T20:40:00;S06;S03;9;1.64;subscriber;ebike;1.53;completed;ok
T003391;2026-10-11T08:51:00;S04;S03;14;2.94;subscriber;scooter;3.08;completed;ok
T003392;2026-10-11T15:11:00;S05;S08;11;2.36;subscriber;ebike;1.87;completed;ok
T003393;2026-10-11T19:34:00;S07;S03;16;3.95;subscriber;ebike;2.72;completed;ok
T003394;2026-10-11T22:52:00;S01;S04;4;0.65;subscriber;bike;0.44;completed;ok
T003395;2026-10-11T20:09:00;S04;S01;4;0.59;subscriber;ebike;0.68;completed;ok
T003396;2026-10-11T19:51:00;S04;S08;4;0.70;subscriber;scooter;0.88;completed;ok
T003397;2026-10-11T17:31:00;S02;S04;6;1.04;casual;scooter;1.32;completed;ok
T003398;2026-10-12T13:14:00;S02;S04;8;0.89;student;bike;0.88;completed;ok
T003399;2026-10-12T20:23:00;S06;S03;10;1.89;subscriber;ebike;1.70;completed;ok
T003400;2026-10-12T13:20:00;S03;S01;14;2.87;subscriber;ebike;2.38;completed;ok
T003401;2026-10-12T13:34:00;S08;S06;16;2.57;subscriber;bike;1.76;completed;ok
T003402;2026-10-12T09:02:00;S01;S02;6;0.85;student;bike;0.66;cancelled;ok
T003403;2026-10-12T07:28:00;S08;S04;6;0.82;subscriber;bike;0.66;completed;ok
T003404;2026-10-12T20:50:00;S07;S04;6;0.70;student;scooter;1.32;completed;ok
T003405;2026-10-12T08:20:00;S02;S08;9;1.68;subscriber;ebike;1.53;completed;ok
T003406;2026-10-12T08:46:00;S05;S04;8;1.78;subscriber;ebike;1.36;completed;ok
T003407;2026-10-12T15:30:00;S02;S01;5;0.86;student;ebike;0.85;completed;ok
T003408;2026-10-12T17:02:00;S07;S04;6;0.72;subscriber;ebike;1.02;completed;ok
T003409;2026-10-12T15:22:00;S02;S04;7;1.05;student;scooter;1.54;completed;ok
T003410;2026-10-12T22:57:00;S02;S04;6;0.96;subscriber;scooter;1.32;completed;ok
T003411;2026-10-12T07:22:00;S07;S02;9;1.46;student;scooter;1.98;completed;ok
T003412;2026-10-12T14:20:00;S02;S04;8;1.04;student;scooter;1.76;completed;ok
T003413;2026-10-12T14:50:00;S03;S06;9;1.73;subscriber;scooter;1.98;completed;ok
T003414;2026-10-12T19:50:00;S03;S05;20;3.38;casual;bike;2.20;completed;ok
T003415;2026-10-12T15:49:00;S02;S01;7;0.87;student;bike;0.77;completed;ok
T003416;2026-10-12T13:46:00;S02;S05;7;1.51;student;scooter;1.54;completed;ok
T003417;2026-10-12T14:35:00;S04;S03;18;3.14;subscriber;bike;1.98;completed;ok
T003418;2026-10-12T13:23:00;S02;S01;8;0.82;student;bike;0.88;completed;ok
T003419;2026-10-12T15:46:00;S02;S07;8;1.47;student;bike;0.88;completed;ok
T003420;2026-10-12T09:20:00;S07;S02;11;1.55;student;bike;1.21;completed;ok
T003421;2026-10-12T15:40:00;S02;S01;4;0.75;student;ebike;0.68;completed;ok
T003422;2026-10-12T21:53:00;S01;S04;5;0.66;casual;ebike;0.85;completed;ok
T003423;2026-10-12T20:32:00;S04;S07;6;0.77;student;bike;0.66;completed;ok
T003424;2026-10-12T19:03:00;S03;S02;11;2.45;student;scooter;2.42;cancelled;ok
T003425;2026-10-12T20:41:00;S04;S05;8;1.75;subscriber;scooter;1.76;completed;ok
T003426;2026-10-12T09:37:00;S04;S02;9;1.03;student;bike;0.99;completed;ok
T003427;2026-10-12T09:11:00;S06;S02;6;;student;ebike;1.02;completed;missing_distance
T003428;2026-10-12T19:40:00;S05;S07;7;1.18;subscriber;bike;0.77;completed;ok
T003429;2026-10-12T15:47:00;S02;S06;7;0.98;student;bike;0.77;completed;ok
T003430;2026-10-12T19:08:00;S03;S02;11;2.47;student;ebike;1.87;completed;ok
T003431;2026-10-12T09:08:00;S01;S02;6;0.83;student;scooter;1.32;completed;ok
T003432;2026-10-12T08:18:00;S07;S02;9;1.35;student;scooter;1.98;completed;ok
T003433;2026-10-12T17:28:00;S08;S05;11;2.21;casual;ebike;1.87;completed;ok
T003434;2026-10-12T19:45:00;S06;S08;13;2.52;subscriber;scooter;2.86;completed;ok
T003435;2026-10-12T09:52:00;S04;S02;8;1.02;subscriber;bike;0.88;completed;ok
T003436;2026-10-12T06:46:00;S05;S01;7;0.99;subscriber;ebike;1.19;completed;ok
T003437;2026-10-12T19:50:00;S04;S08;6;0.77;subscriber;scooter;1.32;completed;ok
T003438;2026-10-12T15:53:00;S01;S02;7;0.80;subscriber;scooter;1.54;completed;ok
T003439;2026-10-12T15:13:00;S02;S08;11;1.75;student;bike;1.21;completed;ok
T003440;2026-10-12T15:56:00;S02;S04;8;1.09;student;ebike;1.36;completed;ok
T003441;2026-10-12T17:36:00;S06;S02;6;0.99;subscriber;ebike;1.02;completed;ok
T003442;2026-10-12T19:22:00;S03;S07;21;4.12;casual;bike;2.31;completed;ok
T003443;2026-10-12T20:58:00;S01;S03;17;3.51;casual;ebike;2.89;completed;ok
T003444;2026-10-12T22:18:00;S08;S02;10;1.73;casual;ebike;1.70;completed;ok
T003445;2026-10-12T17:05:00;S07;S05;6;1.36;casual;ebike;1.02;completed;ok
T003446;2026-10-12T19:07:00;S07;S03;20;3.66;subscriber;bike;2.20;completed;ok
T003447;2026-10-12T09:21:00;S02;S05;9;1.65;subscriber;bike;0.99;completed;ok
T003448;2026-10-12T09:56:00;S03;S07;18;3.63;subscriber;scooter;3.96;completed;ok
T003449;2026-10-12T20:53:00;S07;S05;8;1.22;subscriber;ebike;1.36;completed;ok
T003450;2026-10-12T07:22:00;S06;S02;7;1.15;student;bike;0.77;completed;ok
T003451;2026-10-12T14:57:00;S02;S03;12;2.54;subscriber;ebike;2.04;completed;ok
T003452;2026-10-12T20:04:00;S04;S08;6;0.78;casual;bike;0.66;completed;ok
T003453;2026-10-12T14:49:00;S06;S02;5;1.10;casual;ebike;0.85;completed;ok
T003454;2026-10-12T09:43:00;S03;S02;13;2.50;student;scooter;2.86;cancelled;ok
T003455;2026-10-12T14:08:00;S02;S06;6;1.16;student;scooter;1.32;completed;ok
T003456;2026-10-12T13:41:00;S02;S01;5;0.79;student;scooter;1.10;completed;ok
T003457;2026-10-12T15:27:00;S02;S05;10;1.49;student;scooter;2.20;completed;ok
T003458;2026-10-12T18:02:00;S01;S02;6;0.79;subscriber;bike;0.66;completed;ok
T003459;2026-10-12T09:28:00;S05;S02;11;1.53;student;bike;1.21;completed;ok
T003460;2026-10-12T14:31:00;S02;S07;10;1.38;student;bike;1.10;completed;ok
T003461;2026-10-12T09:38:00;S01;S05;6;1.10;subscriber;bike;0.66;completed;ok
T003462;2026-10-12T19:09:00;S07;S05;9;1.39;subscriber;bike;0.99;completed;ok
T003463;2026-10-12T13:45:00;S02;S06;7;1.03;student;bike;0.77;completed;ok
T003464;2026-10-12T08:49:00;S03;S02;12;2.25;student;ebike;2.04;completed;ok
T003465;2026-10-12T20:05:00;S02;S06;8;1.04;subscriber;scooter;1.76;completed;ok
T003466;2026-10-12T19:11:00;S01;S07;4;0.72;subscriber;ebike;0.68;completed;ok
T003467;2026-10-12T16:46:00;S05;S08;12;2.48;subscriber;ebike;2.04;completed;ok
T003468;2026-10-12T15:49:00;S02;S07;9;1.42;student;bike;0.99;completed;ok
T003469;2026-10-12T20:32:00;S06;S03;9;1.97;subscriber;scooter;1.98;completed;ok
T003470;2026-10-12T18:24:00;S03;S05;19;3.33;subscriber;bike;2.09;completed;ok
T003471;2026-10-12T18:46:00;S03;S02;14;2.46;subscriber;bike;1.54;completed;ok
T003472;2026-10-12T19:19:00;S06;S05;11;2.05;subscriber;bike;1.21;completed;ok
T003473;2026-10-12T07:08:00;S06;S02;7;0.98;student;scooter;1.54;completed;ok
T003474;2026-10-12T19:57:00;S05;S02;9;1.45;casual;scooter;1.98;completed;ok
T003475;2026-10-12T08:34:00;S07;S02;9;1.56;student;bike;0.99;completed;ok
T003476;2026-10-12T18:56:00;S02;S08;9;1.51;subscriber;ebike;1.53;completed;ok
T003477;2026-10-12T13:54:00;S02;S04;8;1.03;student;bike;0.88;completed;ok
T003478;2026-10-12T14:04:00;S02;S07;7;1.42;subscriber;ebike;1.19;completed;ok
T003479;2026-10-12T13:54:00;S02;S07;9;1.42;student;scooter;1.98;completed;ok
T003480;2026-10-12T08:34:00;S05;S02;9;1.56;student;ebike;1.53;completed;ok
T003481;2026-10-12T15:58:00;S02;S05;9;1.60;student;bike;0.99;completed;ok
T003482;2026-10-12T07:15:00;S05;S04;8;1.79;subscriber;ebike;1.36;completed;ok
T003483;2026-10-12T19:34:00;S06;S05;10;1.73;subscriber;bike;1.10;completed;ok
T003484;2026-10-12T08:30:00;S08;S04;8;0.79;subscriber;bike;0.88;completed;ok
T003485;2026-10-12T08:36:00;S02;S05;9;1.45;subscriber;ebike;1.53;completed;ok
T003486;2026-10-12T20:14:00;S01;S02;5;0.83;casual;bike;0.55;completed;ok
T003487;2026-10-12T19:01:00;S07;S06;10;2.25;subscriber;scooter;2.20;completed;ok
T003488;2026-10-12T15:20:00;S02;S06;7;1.02;student;ebike;1.19;completed;ok
T003489;2026-10-12T17:54:00;S02;S05;8;1.65;subscriber;ebike;1.36;completed;ok
T003490;2026-10-12T15:34:00;S02;S08;8;1.51;student;ebike;1.36;completed;ok
T003491;2026-10-12T13:29:00;S02;S04;5;0.94;subscriber;ebike;0.85;completed;ok
T003492;2026-10-12T14:32:00;S08;S05;14;2.35;casual;bike;1.54;completed;ok
T003493;2026-10-12T13:20:00;S07;S05;7;1.23;subscriber;ebike;1.19;completed;ok
T003494;2026-10-12T09:34:00;S06;S07;13;2.27;subscriber;scooter;2.86;completed;ok
T003495;2026-10-12T14:24:00;S02;S08;10;1.67;student;scooter;2.20;completed;ok
T003496;2026-10-12T07:47:00;S04;S02;5;0.91;student;ebike;0.85;completed;ok
T003497;2026-10-12T13:46:00;S06;S05;12;1.78;subscriber;bike;1.32;completed;ok
T003498;2026-10-12T13:14:00;S02;S03;12;2.22;student;bike;1.32;completed;ok
T003499;2026-10-12T20:40:00;S06;S02;6;1.05;casual;scooter;1.32;completed;ok
T003500;2026-10-12T14:17:00;S07;S06;13;2.31;subscriber;bike;1.43;completed;ok
T003501;2026-10-12T15:07:00;S02;S01;5;0.80;student;bike;0.55;completed;ok
T003502;2026-10-12T15:29:00;S02;S04;9;1.06;student;bike;0.99;completed;ok
T003503;2026-10-12T18:46:00;S06;S05;9;1.69;subscriber;ebike;1.53;completed;ok
T003504;2026-10-12T09:48:00;S03;S06;10;1.67;subscriber;scooter;2.20;completed;ok
T003505;2026-10-12T07:23:00;S01;S02;7;0.75;casual;bike;0.77;completed;ok
T003506;2026-10-12T17:55:00;S06;S08;11;2.51;subscriber;ebike;1.87;completed;ok
T003507;2026-10-12T19:20:00;S04;S03;15;3.16;casual;scooter;3.30;completed;ok
T003508;2026-10-12T19:36:00;S02;S06;7;1.17;student;scooter;1.54;cancelled;ok
T003509;2026-10-12T14:19:00;S02;S06;7;1.09;student;ebike;1.19;completed;ok
T003510;2026-10-12T07:30:00;S01;S03;14;3.20;subscriber;ebike;2.38;completed;ok
T003511;2026-10-12T17:14:00;S05;S04;11;1.62;student;bike;1.21;completed;ok
T003512;2026-10-12T18:38:00;S07;S05;7;1.26;student;ebike;1.19;completed;ok
T003513;2026-10-12T07:13:00;S02;S01;6;0.83;casual;scooter;1.32;completed;ok
T003514;2026-10-12T13:20:00;S02;S07;10;1.53;student;scooter;2.20;completed;ok
T003515;2026-10-12T20:57:00;S04;S05;12;1.77;casual;bike;1.32;completed;ok
T003516;2026-10-12T19:43:00;S02;S03;15;2.51;student;bike;1.65;completed;ok
T003517;2026-10-12T19:25:00;S01;S02;5;0.79;student;scooter;1.10;completed;ok
T003518;2026-10-12T08:51:00;S05;S03;17;3.95;subscriber;ebike;2.89;completed;ok
T003519;2026-10-12T13:31:00;S01;S02;6;0.90;subscriber;scooter;1.32;completed;ok
T003520;2026-10-12T19:42:00;S04;S05;9;1.69;subscriber;scooter;1.98;completed;ok
T003521;2026-10-12T07:35:00;S05;S02;9;1.43;student;bike;0.99;completed;ok
T003522;2026-10-12T21:25:00;S08;S03;17;3.95;casual;ebike;2.89;completed;ok
T003523;2026-10-12T18:28:00;S07;S01;6;0.66;casual;bike;0.66;completed;ok
T003524;2026-10-12T15:30:00;S04;S07;6;0.68;subscriber;ebike;1.02;completed;ok
T003525;2026-10-12T20:46:00;S04;S03;15;3.25;subscriber;ebike;2.55;completed;ok
T003526;2026-10-12T08:58:00;S04;S02;7;0.96;student;bike;0.77;completed;ok
T003527;2026-10-12T13:13:00;S02;S04;7;0.99;student;bike;0.77;completed;ok
T003528;2026-10-12T18:21:00;S08;S02;10;1.54;student;ebike;1.70;completed;ok
T003529;2026-10-12T10:32:00;S02;S07;9;1.33;subscriber;bike;0.99;completed;ok
T003530;2026-10-12T13:52:00;S02;S07;8;1.40;student;ebike;1.36;completed;ok
T003531;2026-10-12T18:45:00;S02;S06;8;1.18;student;ebike;1.36;completed;ok
T003532;2026-10-12T17:32:00;S04;S03;14;2.96;subscriber;ebike;2.38;completed;ok
T003533;2026-10-12T09:06:00;S06;S01;10;1.68;subscriber;bike;1.10;completed;ok
T003534;2026-10-12T15:13:00;S07;S05;6;1.34;subscriber;ebike;1.02;completed;ok
T003535;2026-10-12T17:58:00;S03;S02;14;2.47;student;scooter;3.08;completed;ok
T003536;2026-10-12T13:55:00;S08;S03;21;3.89;subscriber;bike;2.31;completed;ok
T003537;2026-10-12T15:23:00;S02;S04;7;1.07;student;ebike;1.19;completed;ok
T003538;2026-10-12T17:01:00;S03;S01;12;2.96;student;ebike;2.04;completed;ok
T003539;2026-10-12T10:45:00;S04;S07;7;0.81;subscriber;bike;0.77;cancelled;ok
T003540;2026-10-12T18:02:00;S04;S06;11;1.89;casual;bike;1.21;completed;ok
T003541;2026-10-12T16:02:00;S07;S08;8;1.23;subscriber;ebike;1.36;completed;ok
T003542;2026-10-12T09:09:00;S05;S01;7;1.10;subscriber;ebike;1.19;completed;ok
T003543;2026-10-12T13:59:00;S02;S04;7;0.89;student;bike;0.77;cancelled;ok
T003544;2026-10-12T07:47:00;S03;S02;13;2.37;student;bike;1.43;completed;ok
T003545;2026-10-12T09:04:00;S07;S02;10;1.34;student;bike;1.10;completed;ok
T003546;2026-10-12T19:57:00;S06;S07;11;2.43;subscriber;ebike;1.87;completed;ok
T003547;2026-10-12T08:43:00;S04;S02;5;1.06;student;scooter;1.10;completed;ok
T003548;2026-10-12T18:44:00;S08;S03;17;3.64;subscriber;scooter;3.74;completed;ok
T003549;2026-10-12T19:33:00;S02;S06;5;1.09;subscriber;ebike;0.85;completed;ok
T003550;2026-10-12T20:25:00;S01;S06;9;1.60;subscriber;scooter;1.98;completed;ok
T003551;2026-10-12T18:36:00;S06;S02;7;0.99;casual;ebike;1.19;completed;ok
T003552;2026-10-12T18:48:00;S08;S05;12;2.39;student;ebike;2.04;completed;ok
T003553;2026-10-12T15:40:00;S08;S06;16;2.64;subscriber;bike;1.76;completed;ok
T003554;2026-10-12T08:55:00;S07;S05;9;1.28;casual;bike;0.99;completed;ok
T003555;2026-10-13T15:05:00;S03;S05;14;3.52;subscriber;ebike;2.38;completed;ok
T003556;2026-10-13T14:12:00;S02;S06;7;1.00;student;bike;0.77;completed;ok
T003557;2026-10-13T14:53:00;S02;S08;11;1.75;subscriber;scooter;2.42;completed;ok
T003558;2026-10-13T15:44:00;S07;S03;21;4.05;subscriber;bike;2.31;cancelled;ok
T003559;2026-10-13T14:50:00;S02;S08;10;1.64;student;bike;1.10;completed;ok
T003560;2026-10-13T15:27:00;S02;S04;7;1.00;student;bike;0.77;completed;ok
T003561;2026-10-13T13:51:00;S02;S03;14;2.34;student;bike;1.54;completed;ok
T003562;2026-10-13T07:06:00;S07;S02;7;1.34;student;ebike;1.19;completed;ok
T003563;2026-10-13T19:23:00;S07;S03;20;3.52;casual;bike;2.20;completed;ok
T003564;2026-10-13T09:50:00;S07;S02;9;1.37;subscriber;scooter;1.98;completed;ok
T003565;2026-10-13T08:34:00;S07;S02;8;1.31;student;bike;0.88;completed;ok
T003566;2026-10-13T09:06:00;S04;S02;8;0.91;student;bike;0.88;completed;ok
T003567;2026-10-13T19:33:00;S08;S01;8;1.38;casual;bike;0.88;completed;ok
T003568;2026-10-13T06:01:00;S07;S05;9;1.39;casual;scooter;1.98;completed;ok
T003569;2026-10-13T13:28:00;S03;S02;12;2.16;subscriber;ebike;2.04;completed;ok
T003570;2026-10-13T07:03:00;S01;S02;6;0.77;student;bike;0.66;completed;ok
T003571;2026-10-13T15:09:00;S02;S08;9;1.80;student;scooter;1.98;completed;ok
T003572;2026-10-13T19:25:00;S06;S07;11;2.20;subscriber;scooter;2.42;completed;ok
T003573;2026-10-13T08:52:00;S08;S04;6;0.81;subscriber;bike;0.66;completed;ok
T003574;2026-10-13T13:41:00;S07;S05;6;1.22;subscriber;ebike;1.02;completed;ok
T003575;2026-10-13T07:53:00;S01;S02;5;0.84;student;bike;0.55;completed;ok
T003576;2026-10-13T18:07:00;S07;S08;8;;casual;ebike;1.36;cancelled;missing_distance
T003577;2026-10-13T17:44:00;S04;S07;7;0.80;subscriber;bike;0.77;completed;ok
T003578;2026-10-13T18:46:00;S01;S05;8;1.03;student;bike;0.88;completed;ok
T003579;2026-10-13T09:21:00;S07;S02;10;1.47;student;bike;1.10;completed;ok
T003580;2026-10-13T06:44:00;S03;S01;14;3.39;casual;ebike;2.38;completed;ok
T003581;2026-10-13T20:56:00;S01;S06;8;1.58;subscriber;ebike;1.36;completed;ok
T003582;2026-10-13T14:21:00;S06;S05;12;2.02;subscriber;bike;1.32;completed;ok
T003583;2026-10-13T12:04:00;S06;S02;7;1.17;casual;bike;0.77;completed;ok
T003584;2026-10-13T08:57:00;S01;S02;7;0.85;student;ebike;1.19;completed;ok
T003585;2026-10-13T07:40:00;S06;S02;8;1.14;student;bike;0.88;completed;ok
T003586;2026-10-13T21:21:00;S01;S04;5;0.59;student;bike;0.55;completed;ok
T003587;2026-10-13T17:11:00;S01;S03;14;3.11;subscriber;ebike;2.38;completed;ok
T003588;2026-10-13T20:10:00;S04;S05;10;1.74;subscriber;ebike;1.70;completed;ok
T003589;2026-10-13T13:34:00;S02;S04;5;0.90;student;ebike;0.85;completed;ok
T003590;2026-10-13T15:47:00;S02;S08;11;1.76;student;bike;1.21;completed;ok
T003591;2026-10-13T15:56:00;S02;S08;8;1.64;student;ebike;1.36;completed;ok
T003592;2026-10-13T08:04:00;S06;S02;7;1.20;student;bike;0.77;completed;ok
T003593;2026-10-13T09:57:00;S06;S02;6;1.08;subscriber;ebike;1.02;completed;ok
T003594;2026-10-13T07:20:00;S04;S02;8;0.92;student;bike;0.88;completed;ok
T003595;2026-10-13T16:31:00;S04;S01;6;0.65;subscriber;bike;0.66;completed;ok
T003596;2026-10-13T14:51:00;S02;S05;10;1.59;student;bike;1.10;completed;ok
T003597;2026-10-13T13:27:00;S02;S03;16;2.49;student;bike;1.76;completed;ok
T003598;2026-10-13T19:04:00;S01;S08;8;1.44;subscriber;ebike;1.36;completed;ok
T003599;2026-10-13T13:09:00;S02;S03;12;2.31;student;scooter;2.64;completed;ok
T003600;2026-10-13T07:43:00;S03;S02;13;2.58;student;ebike;2.21;completed;ok
T003601;2026-10-13T18:17:00;S07;S02;9;1.52;subscriber;bike;0.99;completed;ok
T003602;2026-10-13T07:23:00;S01;S03;15;3.38;subscriber;ebike;2.55;completed;ok
T003603;2026-10-13T07:07:00;S04;S07;4;0.76;subscriber;scooter;0.88;completed;ok
T003604;2026-10-13T13:21:00;S02;S06;7;1.19;student;ebike;1.19;completed;ok
T003605;2026-10-13T14:37:00;S02;S04;9;1.02;student;bike;0.99;completed;ok
T003606;2026-10-13T08:07:00;S03;S06;10;1.85;casual;ebike;1.70;completed;ok
T003607;2026-10-13T09:12:00;S03;S02;15;2.49;student;bike;1.65;completed;ok
T003608;2026-10-13T07:00:00;S06;S02;7;1.06;student;ebike;1.19;completed;ok
T003609;2026-10-13T15:28:00;S02;S06;8;1.16;student;scooter;1.76;completed;ok
T003610;2026-10-13T14:20:00;S02;S06;9;1.12;student;bike;0.99;completed;ok
T003611;2026-10-13T09:49:00;S03;S02;12;2.50;student;ebike;2.04;completed;ok
T003612;2026-10-13T14:59:00;S02;S07;8;1.59;student;scooter;1.76;completed;ok
T003613;2026-10-13T08:32:00;S01;S07;5;0.68;subscriber;ebike;0.85;completed;ok
T003614;2026-10-13T08:07:00;S08;S02;7;1.54;student;scooter;1.54;completed;ok
T003615;2026-10-13T07:15:00;S06;S02;5;1.02;subscriber;ebike;0.85;completed;ok
T003616;2026-10-13T08:34:00;S07;S04;6;0.67;subscriber;bike;0.66;completed;ok
T003617;2026-10-13T08:57:00;S01;S02;5;0.75;student;ebike;0.85;completed;ok
T003618;2026-10-13T09:21:00;S06;S01;10;1.66;subscriber;ebike;1.70;completed;ok
T003619;2026-10-13T09:31:00;S06;S02;6;1.19;student;ebike;1.02;completed;ok
T003620;2026-10-13T15:17:00;S04;S02;6;1.06;subscriber;ebike;1.02;completed;ok
T003621;2026-10-13T18:42:00;S07;S01;5;0.72;student;bike;0.55;cancelled;ok
T003622;2026-10-13T13:03:00;S02;S04;6;0.94;subscriber;scooter;1.32;completed;ok
T003623;2026-10-13T15:56:00;S02;S08;11;1.73;student;scooter;2.42;completed;ok
T003624;2026-10-13T17:19:00;S06;S04;14;2.16;subscriber;bike;1.54;completed;ok
T003625;2026-10-13T13:46:00;S02;S01;6;0.81;subscriber;ebike;1.02;completed;ok
T003626;2026-10-13T18:33:00;S04;S02;8;0.89;subscriber;bike;0.88;completed;ok
T003627;2026-10-13T15:28:00;S02;S04;7;0.95;subscriber;bike;0.77;completed;ok
T003628;2026-10-13T13:44:00;S02;S04;7;0.97;student;bike;0.77;completed;ok
T003629;2026-10-13T08:55:00;S05;S03;20;3.54;subscriber;bike;2.20;completed;ok
T003630;2026-10-13T17:16:00;S07;S02;8;1.37;student;scooter;1.76;completed;ok
T003631;2026-10-13T09:00:00;S07;S08;9;1.24;subscriber;bike;0.99;completed;ok
T003632;2026-10-13T08:35:00;S03;S05;17;3.93;subscriber;ebike;2.89;completed;ok
T003633;2026-10-13T07:36:00;S01;S02;5;0.83;student;scooter;1.10;completed;ok
T003634;2026-10-13T07:02:00;S03;S02;15;2.30;student;bike;1.65;completed;ok
T003635;2026-10-13T13:01:00;S02;S08;12;1.69;student;bike;1.32;completed;ok
T003636;2026-10-13T14:24:00;S04;S08;7;0.72;subscriber;scooter;1.54;completed;ok
T003637;2026-10-13T19:29:00;S01;S08;6;1.36;subscriber;ebike;1.02;completed;ok
T003638;2026-10-13T19:56:00;S07;S01;6;0.70;subscriber;ebike;1.02;completed;ok
T003639;2026-10-13T06:09:00;S05;S06;9;1.79;student;ebike;1.53;completed;ok
T003640;2026-10-13T22:50:00;S04;S06;12;2.17;subscriber;bike;1.32;cancelled;ok
T003641;2026-10-13T15:39:00;S01;S08;10;1.38;subscriber;bike;1.10;completed;ok
T003642;2026-10-13T13:07:00;S02;S06;8;1.06;student;bike;0.88;completed;ok
T003643;2026-10-13T13:27:00;S02;S08;11;1.53;student;bike;1.21;completed;ok
T003644;2026-10-13T13:10:00;S02;S04;6;1.06;student;ebike;1.02;completed;ok
T003645;2026-10-13T07:07:00;S05;S08;10;2.40;casual;ebike;1.70;completed;ok
T003646;2026-10-13T06:11:00;S07;S05;8;1.18;subscriber;ebike;1.36;completed;ok
T003647;2026-10-13T06:06:00;S02;S06;7;1.16;subscriber;bike;0.77;completed;ok
T003648;2026-10-13T07:06:00;S07;S02;6;1.36;student;ebike;1.02;completed;ok
T003649;2026-10-13T19:58:00;S04;S03;17;3.15;subscriber;bike;1.87;cancelled;ok
T003650;2026-10-13T15:44:00;S02;S06;6;1.11;student;bike;0.66;cancelled;ok
T003651;2026-10-13T14:44:00;S02;S06;7;1.01;student;bike;0.77;completed;ok
T003652;2026-10-13T13:20:00;S02;S06;7;0.99;subscriber;ebike;1.19;completed;ok
T003653;2026-10-13T15:58:00;S02;S01;7;0.90;student;ebike;1.19;completed;ok
T003654;2026-10-13T21:46:00;S01;S02;7;0.82;subscriber;ebike;1.19;completed;ok
T003655;2026-10-13T09:10:00;S06;S02;7;1.12;student;ebike;1.19;completed;ok
T003656;2026-10-13T19:56:00;S04;S01;6;0.66;subscriber;scooter;1.32;completed;ok
T003657;2026-10-13T16:16:00;S07;S02;11;1.55;casual;bike;1.21;completed;ok
T003658;2026-10-13T15:06:00;S02;S06;8;1.02;subscriber;bike;0.88;completed;ok
T003659;2026-10-13T10:51:00;S07;S01;6;0.61;casual;ebike;1.02;completed;ok
T003660;2026-10-13T15:58:00;S05;S06;11;1.91;subscriber;scooter;2.42;completed;ok
T003661;2026-10-13T15:04:00;S01;S06;7;1.57;casual;ebike;1.19;completed;ok
T003662;2026-10-13T13:37:00;S02;S07;10;1.35;casual;bike;1.10;cancelled;ok
T003663;2026-10-13T15:08:00;S01;S03;18;3.11;subscriber;bike;1.98;completed;ok
T003664;2026-10-13T09:46:00;S06;S02;7;1.04;student;ebike;1.19;completed;ok
T003665;2026-10-13T20:51:00;S06;S07;13;2.43;subscriber;scooter;2.86;completed;ok
T003666;2026-10-13T20:27:00;S08;S07;8;1.07;subscriber;bike;0.88;completed;ok
T003667;2026-10-13T08:04:00;S01;S02;7;0.84;student;bike;0.77;completed;ok
T003668;2026-10-13T17:42:00;S03;S04;17;2.99;casual;bike;1.87;completed;ok
T003669;2026-10-13T18:26:00;S01;S03;13;3.02;subscriber;ebike;2.21;completed;ok
T003670;2026-10-13T20:38:00;S08;S07;9;1.22;subscriber;bike;0.99;completed;ok
T003671;2026-10-13T19:25:00;S04;S08;6;0.71;casual;ebike;1.02;completed;ok
T003672;2026-10-13T19:48:00;S04;S05;9;1.57;student;bike;0.99;completed;ok
T003673;2026-10-13T13:01:00;S02;S06;7;0.98;student;ebike;1.19;completed;ok
T003674;2026-10-13T13:38:00;S02;S07;7;1.51;student;ebike;1.19;completed;ok
T003675;2026-10-13T14:33:00;S02;S03;13;2.34;student;bike;1.43;completed;ok
T003676;2026-10-13T19:00:00;S07;S08;8;1.10;casual;scooter;1.76;completed;ok
T003677;2026-10-13T19:32:00;S04;S05;8;1.51;subscriber;ebike;1.36;completed;ok
T003678;2026-10-13T07:40:00;S05;S08;14;2.21;casual;bike;1.54;completed;ok
T003679;2026-10-13T15:39:00;S02;S06;8;1.15;student;ebike;1.36;completed;ok
T003680;2026-10-13T09:06:00;S04;S02;8;0.90;casual;bike;0.88;completed;ok
T003681;2026-10-13T15:02:00;S02;S05;9;1.63;student;scooter;1.98;completed;ok
T003682;2026-10-13T09:47:00;S07;S02;8;1.43;student;ebike;1.36;cancelled;ok
T003683;2026-10-13T07:09:00;S04;S02;9;1.07;student;bike;0.99;completed;ok
T003684;2026-10-13T08:23:00;S04;S02;7;1.03;student;bike;0.77;completed;ok
T003685;2026-10-13T17:08:00;S04;S08;5;0.72;subscriber;bike;0.55;completed;ok
T003686;2026-10-13T18:57:00;S02;S04;6;0.95;subscriber;bike;0.66;completed;ok
T003687;2026-10-13T20:41:00;S02;S08;12;1.80;subscriber;bike;1.32;completed;ok
T003688;2026-10-13T21:32:00;S01;S08;8;1.21;subscriber;scooter;1.76;completed;ok
T003689;2026-10-13T15:51:00;S02;S07;11;1.40;student;bike;1.21;completed;ok
T003690;2026-10-13T07:09:00;S07;S02;8;1.37;student;ebike;1.36;completed;ok
T003691;2026-10-13T13:05:00;S02;S04;6;1.06;student;ebike;1.02;completed;ok
T003692;2026-10-13T09:47:00;S01;S02;7;0.81;student;ebike;1.19;completed;ok
T003693;2026-10-13T09:47:00;S05;S08;14;2.18;subscriber;bike;1.54;completed;ok
T003694;2026-10-13T14:28:00;S04;S01;5;0.66;subscriber;ebike;0.85;completed;ok
T003695;2026-10-13T19:11:00;S04;S06;14;2.15;casual;bike;1.54;completed;ok
T003696;2026-10-13T18:15:00;S06;S02;9;1.01;casual;bike;0.99;completed;ok
T003697;2026-10-13T19:47:00;S01;S08;10;1.36;subscriber;bike;1.10;completed;ok
T003698;2026-10-13T14:04:00;S02;S01;6;0.84;student;ebike;1.02;completed;ok
T003699;2026-10-13T20:48:00;S07;S06;12;2.33;subscriber;bike;1.32;completed;ok
T003700;2026-10-13T07:10:00;S07;S02;9;1.43;student;bike;0.99;completed;ok
T003701;2026-10-13T17:15:00;S08;S01;10;1.48;casual;scooter;2.20;completed;ok
T003702;2026-10-13T18:26:00;S02;S05;9;1.69;student;bike;0.99;completed;ok
T003703;2026-10-13T08:36:00;S05;S02;10;1.55;student;bike;1.10;completed;ok
T003704;2026-10-13T20:39:00;S03;S01;18;3.18;student;bike;1.98;completed;ok
T003705;2026-10-13T13:21:00;S01;S04;4;0.59;subscriber;bike;0.44;completed;ok
T003706;2026-10-13T14:56:00;S02;S01;7;0.74;student;bike;0.77;completed;ok
T003707;2026-10-13T14:52:00;S02;S01;5;0.74;student;bike;0.55;completed;ok
T003708;2026-10-13T09:26:00;S06;S02;7;1.00;student;ebike;1.19;completed;ok
T003709;2026-10-13T20:42:00;S02;S08;12;1.72;subscriber;bike;1.32;completed;ok
T003710;2026-10-13T20:23:00;S01;S08;7;1.37;subscriber;ebike;1.19;completed;ok
T003711;2026-10-14T07:20:00;S02;S03;15;2.59;subscriber;bike;1.65;completed;ok
T003712;2026-10-14T15:41:00;S02;S04;8;1.07;student;bike;0.88;completed;ok
T003713;2026-10-14T13:14:00;S02;S06;8;1.17;student;ebike;1.36;completed;ok
T003714;2026-10-14T21:52:00;S07;S08;6;1.25;casual;ebike;1.02;completed;ok
T003715;2026-10-14T18:33:00;S07;S08;7;1.27;student;ebike;1.19;completed;ok
T003716;2026-10-14T18:08:00;S06;S03;11;1.89;subscriber;ebike;1.87;completed;ok
T003717;2026-10-14T07:57:00;S03;S02;16;2.53;student;bike;1.76;completed;ok
T003718;2026-10-14T14:39:00;S02;S01;5;0.86;student;ebike;0.85;completed;ok
T003719;2026-10-14T08:38:00;S05;S02;11;1.70;student;bike;1.21;completed;ok
T003720;2026-10-14T18:00:00;S04;S01;6;0.58;subscriber;scooter;1.32;completed;ok
T003721;2026-10-14T19:15:00;S01;S04;5;0.63;casual;bike;0.55;cancelled;ok
T003722;2026-10-14T17:47:00;S03;S08;15;3.43;subscriber;ebike;2.55;completed;ok
T003723;2026-10-14T14:46:00;S02;S06;7;1.15;student;bike;0.77;completed;ok
T003724;2026-10-14T07:52:00;S01;S05;8;1.10;subscriber;bike;0.88;cancelled;ok
T003725;2026-10-14T15:13:00;S02;S06;7;;student;bike;0.77;completed;missing_distance
T003726;2026-10-14T14:29:00;S02;S03;12;2.15;student;bike;1.32;completed;ok
T003727;2026-10-14T09:15:00;S07;S02;10;1.48;student;scooter;2.20;completed;ok
T003728;2026-10-14T13:30:00;S02;S04;8;0.90;student;bike;0.88;completed;ok
T003729;2026-10-14T13:49:00;S02;S05;11;1.62;student;bike;1.21;completed;ok
T003730;2026-10-14T19:58:00;S02;S08;9;1.50;subscriber;bike;0.99;completed;ok
T003731;2026-10-14T14:53:00;S02;S03;11;2.59;student;ebike;1.87;completed;ok
T003732;2026-10-14T09:24:00;S01;S02;8;0.78;student;bike;0.88;cancelled;ok
T003733;2026-10-14T21:02:00;S08;S01;9;1.46;casual;scooter;1.98;completed;ok
T003734;2026-10-14T17:52:00;S06;S02;9;1.16;subscriber;scooter;1.98;completed;ok
T003735;2026-10-14T19:57:00;S04;S06;12;2.04;subscriber;bike;1.32;completed;ok
T003736;2026-10-14T14:41:00;S02;S06;9;1.10;student;bike;0.99;completed;ok
T003737;2026-10-14T09:25:00;S06;S02;9;1.13;student;bike;0.99;completed;ok
T003738;2026-10-14T08:24:00;S07;S02;9;1.33;student;bike;0.99;completed;ok
T003739;2026-10-14T13:25:00;S03;S07;20;3.75;casual;bike;2.20;completed;ok
T003740;2026-10-14T09:28:00;S01;S02;5;0.85;student;bike;0.55;completed;ok
T003741;2026-10-14T08:08:00;S07;S02;9;1.55;student;scooter;1.98;completed;ok
T003742;2026-10-14T09:32:00;S06;S02;7;1.06;student;ebike;1.19;completed;ok
T003743;2026-10-14T14:04:00;S02;S01;6;0.84;student;ebike;1.02;completed;ok
T003744;2026-10-14T15:29:00;S02;S06;9;1.04;student;bike;0.99;completed;ok
T003745;2026-10-14T14:01:00;S02;S01;7;0.80;student;scooter;1.54;completed;ok
T003746;2026-10-14T07:54:00;S03;S02;14;2.30;student;bike;1.54;completed;ok
T003747;2026-10-14T18:42:00;S01;S03;15;3.48;student;ebike;2.55;completed;ok
T003748;2026-10-14T09:19:00;S03;S02;11;2.51;student;ebike;1.87;completed;ok
T003749;2026-10-14T18:41:00;S07;S03;23;4.22;subscriber;bike;2.53;completed;ok
T003750;2026-10-14T13:32:00;S03;S04;18;3.51;casual;bike;1.98;completed;ok
T003751;2026-10-14T20:43:00;S06;S08;13;2.69;subscriber;scooter;2.86;completed;ok
T003752;2026-10-14T09:17:00;S06;S02;7;1.06;student;ebike;1.19;completed;ok
T003753;2026-10-14T14:53:00;S01;S04;5;0.55;subscriber;bike;0.55;completed;ok
T003754;2026-10-14T10:07:00;S01;S04;7;0.65;casual;bike;0.77;completed;ok
T003755;2026-10-14T11:48:00;S07;S04;7;0.76;student;scooter;1.54;completed;ok
T003756;2026-10-14T13:21:00;S02;S01;4;0.77;student;ebike;0.68;completed;ok
T003757;2026-10-14T10:55:00;S04;S01;5;0.67;subscriber;scooter;1.10;completed;ok
T003758;2026-10-14T17:53:00;S05;S07;7;1.24;subscriber;ebike;1.19;completed;ok
T003759;2026-10-14T09:38:00;S07;S05;7;1.33;subscriber;scooter;1.54;completed;ok
T003760;2026-10-14T06:10:00;S07;S01;6;0.73;casual;scooter;1.32;completed;ok
T003761;2026-10-14T17:25:00;S01;S05;8;1.13;subscriber;bike;0.88;completed;ok
T003762;2026-10-14T22:00:00;S01;S05;7;1.10;casual;scooter;1.54;cancelled;ok
T003763;2026-10-14T19:38:00;S06;S03;10;1.92;casual;scooter;2.20;completed;ok
T003764;2026-10-14T14:46:00;S02;S03;12;2.34;student;ebike;2.04;completed;ok
T003765;2026-10-14T15:26:00;S02;S04;6;1.07;student;scooter;1.32;completed;ok
T003766;2026-10-14T08:08:00;S06;S02;7;1.01;student;scooter;1.54;completed;ok
T003767;2026-10-14T13:33:00;S02;S04;8;1.05;student;bike;0.88;completed;ok
T003768;2026-10-14T08:21:00;S03;S02;12;2.50;student;scooter;2.64;completed;ok
T003769;2026-10-14T18:25:00;S03;S01;14;3.20;casual;ebike;2.38;completed;ok
T003770;2026-10-14T15:52:00;S02;S08;7;1.54;student;ebike;1.19;completed;ok
T003771;2026-10-14T08:59:00;S08;S02;8;1.78;student;ebike;1.36;completed;ok
T003772;2026-10-14T18:12:00;S01;S06;8;1.78;subscriber;ebike;1.36;completed;ok
T003773;2026-10-14T14:02:00;S01;S08;10;1.46;subscriber;bike;1.10;completed;ok
T003774;2026-10-14T17:50:00;S02;S01;5;0.90;student;scooter;1.10;completed;ok
T003775;2026-10-14T07:09:00;S04;S02;6;0.92;student;bike;0.66;completed;ok
T003776;2026-10-14T13:32:00;S02;S08;8;1.75;student;ebike;1.36;completed;ok
T003777;2026-10-14T19:15:00;S07;S05;8;1.22;subscriber;bike;0.88;completed;ok
T003778;2026-10-14T18:26:00;S08;S04;5;0.77;subscriber;scooter;1.10;completed;ok
T003779;2026-10-14T19:32:00;S01;S06;7;1.59;subscriber;ebike;1.19;cancelled;ok
T003780;2026-10-14T19:10:00;S02;S04;6;1.03;casual;bike;0.66;completed;ok
T003781;2026-10-14T10:58:00;S05;S01;7;1.12;subscriber;ebike;1.19;completed;ok
T003782;2026-10-14T13:13:00;S02;S06;7;1.16;student;scooter;1.54;completed;ok
T003783;2026-10-14T09:59:00;S03;S02;14;2.17;student;bike;1.54;completed;ok
T003784;2026-10-14T09:30:00;S06;S02;8;1.00;student;bike;0.88;completed;ok
T003785;2026-10-14T17:30:00;S04;S05;11;1.82;subscriber;bike;1.21;completed;ok
T003786;2026-10-14T20:27:00;S05;S01;7;1.09;subscriber;ebike;1.19;completed;ok
T003787;2026-10-14T09:24:00;S01;S08;8;1.31;subscriber;ebike;1.36;completed;ok
T003788;2026-10-14T08:36:00;S03;S02;13;2.31;student;bike;1.43;completed;ok
T003789;2026-10-14T08:48:00;S04;S02;6;0.92;student;ebike;1.02;completed;ok
T003790;2026-10-14T20:32:00;S01;S04;6;0.62;subscriber;bike;0.66;completed;ok
T003791;2026-10-14T07:59:00;S03;S02;11;2.29;student;ebike;1.87;completed;ok
T003792;2026-10-14T18:42:00;S03;S01;14;3.00;subscriber;ebike;2.38;completed;ok
T003793;2026-10-14T19:44:00;S01;S08;10;1.47;subscriber;bike;1.10;completed;ok
T003794;2026-10-14T19:23:00;S04;S07;7;0.77;student;bike;0.77;completed;ok
T003795;2026-10-14T07:47:00;S04;S02;7;1.04;student;ebike;1.19;completed;ok
T003796;2026-10-14T07:18:00;S02;S06;9;1.04;subscriber;bike;0.99;completed;ok
T003797;2026-10-14T12:10:00;S03;S05;14;3.28;student;scooter;3.08;completed;ok
T003798;2026-10-14T07:02:00;S08;S02;8;1.68;student;ebike;1.36;completed;ok
T003799;2026-10-14T13:35:00;S02;S01;4;0.76;student;ebike;0.68;completed;ok
T003800;2026-10-14T11:26:00;S07;S08;9;1.19;subscriber;bike;0.99;completed;ok
T003801;2026-10-14T11:44:00;S04;S08;7;0.73;subscriber;bike;0.77;completed;ok
T003802;2026-10-14T19:34:00;S02;S04;6;1.08;subscriber;bike;0.66;completed;ok
T003803;2026-10-14T08:52:00;S04;S02;7;1.02;student;bike;0.77;completed;ok
T003804;2026-10-14T08:55:00;S01;S02;5;0.86;student;bike;0.55;completed;ok
T003805;2026-10-14T19:58:00;S02;S06;5;1.09;subscriber;ebike;0.85;completed;ok
T003806;2026-10-14T13:36:00;S02;S07;7;1.31;student;ebike;1.19;completed;ok
T003807;2026-10-14T08:37:00;S04;S02;7;1.04;student;ebike;1.19;completed;ok
T003808;2026-10-14T17:14:00;S07;S04;5;0.68;subscriber;bike;0.55;completed;ok
T003809;2026-10-14T13:47:00;S04;S06;9;1.89;subscriber;ebike;1.53;completed;ok
T003810;2026-10-14T16:11:00;S07;S02;10;1.58;casual;bike;1.10;completed;ok
T003811;2026-10-14T14:46:00;S02;S07;10;1.50;student;bike;1.10;completed;ok
T003812;2026-10-14T07:46:00;S06;S02;9;1.10;student;bike;0.99;completed;ok
T003813;2026-10-14T18:38:00;S07;S03;18;3.79;subscriber;ebike;3.06;completed;ok
T003814;2026-10-14T18:10:00;S02;S05;10;1.61;subscriber;bike;1.10;completed;ok
T003815;2026-10-14T20:11:00;S02;S06;6;1.10;subscriber;scooter;1.32;completed;ok
T003816;2026-10-14T14:14:00;S04;S02;7;1.06;subscriber;scooter;1.54;completed;ok
T003817;2026-10-14T16:04:00;S03;S06;13;1.99;subscriber;bike;1.43;completed;ok
T003818;2026-10-14T18:00:00;S06;S02;7;1.09;subscriber;bike;0.77;completed;ok
T003819;2026-10-14T07:58:00;S06;S02;7;1.13;student;ebike;1.19;completed;ok
T003820;2026-10-14T07:19:00;S07;S02;6;1.46;subscriber;ebike;1.02;cancelled;ok
T003821;2026-10-14T07:15:00;S08;S02;10;1.72;student;ebike;1.70;completed;ok
T003822;2026-10-14T13:56:00;S01;S08;8;1.32;subscriber;ebike;1.36;completed;ok
T003823;2026-10-14T13:17:00;S02;S01;7;0.82;student;ebike;1.19;completed;ok
T003824;2026-10-14T14:06:00;S02;S07;6;1.35;student;ebike;1.02;completed;ok
T003825;2026-10-14T17:04:00;S02;S03;14;2.38;subscriber;bike;1.54;completed;ok
T003826;2026-10-14T07:42:00;S04;S02;7;0.98;student;scooter;1.54;completed;ok
T003827;2026-10-14T06:08:00;S04;S08;4;0.74;student;ebike;0.68;completed;ok
T003828;2026-10-14T07:22:00;S07;S04;5;0.75;casual;scooter;1.10;completed;ok
T003829;2026-10-14T13:54:00;S05;S07;10;1.27;casual;bike;1.10;completed;ok
T003830;2026-10-14T17:04:00;S03;S01;19;3.22;subscriber;bike;2.09;completed;ok
T003831;2026-10-14T20:12:00;S02;S03;15;2.44;subscriber;bike;1.65;completed;ok
T003832;2026-10-14T14:10:00;S04;S02;6;0.91;subscriber;scooter;1.32;completed;ok
T003833;2026-10-14T20:39:00;S04;S05;7;1.61;subscriber;ebike;1.19;completed;ok
T003834;2026-10-14T08:56:00;S04;S02;8;1.08;student;bike;0.88;completed;ok
T003835;2026-10-14T15:10:00;S03;S07;18;4.03;subscriber;ebike;3.06;completed;ok
T003836;2026-10-14T07:09:00;S01;S02;7;0.87;student;scooter;1.54;completed;ok
T003837;2026-10-14T19:44:00;S01;S02;8;0.89;casual;bike;0.88;completed;ok
T003838;2026-10-14T13:56:00;S02;S07;10;1.39;student;bike;1.10;completed;ok
T003839;2026-10-14T09:27:00;S01;S08;9;1.47;subscriber;ebike;1.53;completed;ok
T003840;2026-10-14T09:43:00;S07;S02;7;1.40;student;ebike;1.19;completed;ok
T003841;2026-10-14T18:16:00;S02;S04;6;1.01;casual;bike;0.66;completed;ok
T003842;2026-10-14T08:49:00;S01;S02;5;0.85;student;ebike;0.85;completed;ok
T003843;2026-10-14T19:36:00;S01;S06;12;1.69;subscriber;bike;1.32;completed;ok
T003844;2026-10-14T15:14:00;S02;S05;8;1.42;subscriber;scooter;1.76;completed;ok
T003845;2026-10-14T16:55:00;S05;S07;7;1.22;subscriber;ebike;1.19;completed;ok
T003846;2026-10-14T10:47:00;S07;S05;8;1.34;subscriber;scooter;1.76;completed;ok
T003847;2026-10-14T07:06:00;S07;S02;7;1.41;student;ebike;1.19;completed;ok
T003848;2026-10-14T09:07:00;S05;S02;9;1.51;student;ebike;1.53;completed;ok
T003849;2026-10-14T14:50:00;S02;S06;5;0.99;student;ebike;0.85;completed;ok
T003850;2026-10-14T08:05:00;S04;S02;6;0.89;casual;ebike;1.02;completed;ok
T003851;2026-10-14T14:27:00;S02;S07;8;1.57;student;ebike;1.36;completed;ok
T003852;2026-10-14T08:01:00;S05;S02;7;1.70;student;ebike;1.19;completed;ok
T003853;2026-10-14T18:06:00;S08;S03;17;3.39;subscriber;scooter;3.74;completed;ok
T003854;2026-10-14T17:54:00;S07;S02;10;1.46;subscriber;bike;1.10;completed;ok
T003855;2026-10-14T15:15:00;S02;S07;8;1.55;student;scooter;1.76;completed;ok
T003856;2026-10-14T14:01:00;S02;S08;9;1.57;student;bike;0.99;completed;ok
T003857;2026-10-14T11:09:00;S01;S02;6;0.76;student;bike;0.66;completed;ok
T003858;2026-10-14T19:51:00;S02;S08;10;1.66;subscriber;bike;1.10;completed;ok
T003859;2026-10-15T16:00:00;S08;S07;7;1.23;subscriber;scooter;1.54;completed;ok
T003860;2026-10-15T13:00:00;S02;S01;6;0.85;student;scooter;1.32;completed;ok
T003861;2026-10-15T09:41:00;S04;S02;7;0.91;student;bike;0.77;completed;ok
T003862;2026-10-15T09:19:00;S04;S08;7;0.74;casual;bike;0.77;completed;ok
T003863;2026-10-15T09:27:00;S07;S02;9;1.37;student;bike;0.99;completed;ok
T003864;2026-10-15T13:02:00;S07;S02;9;1.53;subscriber;ebike;1.53;completed;ok
T003865;2026-10-15T10:54:00;S04;S02;8;1.08;student;ebike;1.36;completed;ok
T003866;2026-10-15T20:10:00;S07;S08;7;1.25;casual;bike;0.77;completed;ok
T003867;2026-10-15T07:48:00;S08;S02;9;1.80;student;scooter;1.98;completed;ok
T003868;2026-10-15T18:31:00;S01;S06;8;1.62;subscriber;ebike;1.36;completed;ok
T003869;2026-10-15T15:00:00;S07;S03;20;3.57;subscriber;bike;2.20;completed;ok
T003870;2026-10-15T19:07:00;S01;S02;5;0.89;student;ebike;0.85;cancelled;ok
T003871;2026-10-15T15:54:00;S02;S01;6;0.79;student;scooter;1.32;cancelled;ok
T003872;2026-10-15T07:58:00;S06;S02;7;1.08;student;ebike;1.19;completed;ok
T003873;2026-10-15T10:16:00;S01;S02;6;0.80;subscriber;bike;0.66;completed;ok
T003874;2026-10-15T08:29:00;S04;S02;9;;student;bike;0.99;cancelled;missing_distance
T003875;2026-10-15T11:00:00;S03;S05;22;4.01;student;bike;2.42;completed;ok
T003876;2026-10-15T09:24:00;S06;S02;8;1.01;student;bike;0.88;completed;ok
T003877;2026-10-15T14:05:00;S02;S01;7;0.74;student;bike;0.77;completed;ok
T003878;2026-10-15T06:21:00;S06;S08;14;2.98;student;ebike;2.38;completed;ok
T003879;2026-10-15T15:39:00;S02;S06;9;1.13;student;bike;0.99;completed;ok
T003880;2026-10-15T13:50:00;S02;S07;6;1.37;student;ebike;1.02;cancelled;ok
T003881;2026-10-15T19:58:00;S02;S07;9;1.44;subscriber;ebike;1.53;completed;ok
T003882;2026-10-15T08:37:00;S05;S06;9;1.94;subscriber;ebike;1.53;completed;ok
T003883;2026-10-15T07:03:00;S01;S02;7;0.88;student;scooter;1.54;completed;ok
T003884;2026-10-15T08:55:00;S04;S02;7;0.98;subscriber;ebike;1.19;completed;ok
T003885;2026-10-15T17:50:00;S03;S07;17;3.70;subscriber;scooter;3.74;completed;ok
T003886;2026-10-15T18:33:00;S02;S08;9;1.64;subscriber;scooter;1.98;completed;ok
T003887;2026-10-15T13:18:00;S02;S07;9;1.52;student;ebike;1.53;completed;ok
T003888;2026-10-15T12:49:00;S01;S06;10;1.74;subscriber;ebike;1.70;completed;ok
T003889;2026-10-15T20:05:00;S07;S02;9;1.59;casual;ebike;1.53;completed;ok
T003890;2026-10-15T17:52:00;S07;S02;9;1.33;subscriber;bike;0.99;completed;ok
T003891;2026-10-15T08:19:00;S06;S02;8;1.00;student;bike;0.88;completed;ok
T003892;2026-10-15T14:58:00;S02;S08;8;1.58;student;scooter;1.76;completed;ok
T003893;2026-10-15T13:44:00;S03;S05;18;4.00;subscriber;scooter;3.96;completed;ok
T003894;2026-10-15T20:55:00;S03;S01;14;3.09;subscriber;ebike;2.38;completed;ok
T003895;2026-10-15T20:06:00;S04;S08;5;0.81;casual;ebike;0.85;completed;ok
T003896;2026-10-15T17:23:00;S02;S01;7;0.90;subscriber;bike;0.77;completed;ok
T003897;2026-10-15T14:58:00;S02;S05;9;1.46;subscriber;bike;0.99;completed;ok
T003898;2026-10-15T20:54:00;S07;S01;5;0.72;subscriber;bike;0.55;completed;ok
T003899;2026-10-15T14:11:00;S05;S07;8;1.35;subscriber;bike;0.88;completed;ok
T003900;2026-10-15T07:30:00;S05;S02;9;1.53;student;bike;0.99;completed;ok
T003901;2026-10-15T14:16:00;S01;S05;7;1.02;casual;scooter;1.54;completed;ok
T003902;2026-10-15T14:56:00;S02;S07;9;1.45;student;bike;0.99;completed;ok
T003903;2026-10-15T14:38:00;S02;S07;7;1.59;student;ebike;1.19;completed;ok
T003904;2026-10-15T18:13:00;S08;S01;9;1.41;subscriber;bike;0.99;completed;ok
T003905;2026-10-15T20:11:00;S02;S06;6;1.16;subscriber;ebike;1.02;completed;ok
T003906;2026-10-15T14:14:00;S02;S03;12;2.44;student;ebike;2.04;completed;ok
T003907;2026-10-15T13:53:00;S08;S03;19;3.70;subscriber;scooter;4.18;completed;ok
T003908;2026-10-15T17:40:00;S07;S05;7;1.21;casual;scooter;1.54;completed;ok
T003909;2026-10-15T20:16:00;S07;S03;18;3.93;student;ebike;3.06;completed;ok
T003910;2026-10-15T10:29:00;S06;S07;13;2.24;subscriber;bike;1.43;completed;ok
T003911;2026-10-15T13:40:00;S03;S08;19;3.86;subscriber;scooter;4.18;completed;ok
T003912;2026-10-15T13:20:00;S02;S03;15;2.60;student;bike;1.65;completed;ok
T003913;2026-10-15T14:35:00;S02;S07;8;1.41;subscriber;bike;0.88;completed;ok
T003914;2026-10-15T18:41:00;S08;S04;6;0.73;subscriber;ebike;1.02;completed;ok
T003915;2026-10-15T08:49:00;S04;S03;20;3.44;casual;bike;2.20;completed;ok
T003916;2026-10-15T14:08:00;S02;S05;8;1.50;student;ebike;1.36;completed;ok
T003917;2026-10-15T18:58:00;S07;S05;9;1.40;student;scooter;1.98;completed;ok
T003918;2026-10-15T19:05:00;S02;S07;8;1.58;subscriber;scooter;1.76;completed;ok
T003919;2026-10-15T09:49:00;S07;S02;9;1.54;student;scooter;1.98;completed;ok
T003920;2026-10-15T07:40:00;S05;S02;8;1.58;student;ebike;1.36;completed;ok
T003921;2026-10-15T20:02:00;S05;S01;9;1.15;student;bike;0.99;completed;ok
T003922;2026-10-15T18:47:00;S06;S02;8;1.02;subscriber;bike;0.88;cancelled;ok
T003923;2026-10-15T10:58:00;S07;S03;15;3.52;subscriber;ebike;2.55;completed;ok
T003924;2026-10-15T13:19:00;S06;S01;10;1.71;casual;ebike;1.70;completed;ok
T003925;2026-10-15T15:02:00;S06;S05;8;1.69;casual;ebike;1.36;completed;ok
T003926;2026-10-15T07:17:00;S04;S05;10;1.67;subscriber;scooter;2.20;completed;ok
T003927;2026-10-15T20:29:00;S08;S06;12;2.68;subscriber;ebike;2.04;completed;ok
T003928;2026-10-15T20:13:00;S04;S06;9;1.94;student;scooter;1.98;completed;ok
T003929;2026-10-15T19:36:00;S03;S04;18;3.16;subscriber;bike;1.98;completed;ok
T003930;2026-10-15T18:40:00;S08;S02;8;1.53;subscriber;ebike;1.36;completed;ok
T003931;2026-10-15T14:48:00;S02;S07;9;1.58;student;scooter;1.98;completed;ok
T003932;2026-10-15T15:09:00;S02;S04;7;1.00;student;ebike;1.19;completed;ok
T003933;2026-10-15T19:55:00;S06;S08;15;2.58;subscriber;bike;1.65;completed;ok
T003934;2026-10-15T13:45:00;S03;S01;18;3.48;subscriber;scooter;3.96;completed;ok
T003935;2026-10-15T17:14:00;S03;S02;11;2.46;subscriber;ebike;1.87;completed;ok
T003936;2026-10-15T14:04:00;S02;S05;10;1.50;student;bike;1.10;completed;ok
T003937;2026-10-15T08:54:00;S06;S02;6;0.98;student;ebike;1.02;completed;ok
T003938;2026-10-15T19:37:00;S07;S08;7;1.19;subscriber;scooter;1.54;completed;ok
T003939;2026-10-15T15:58:00;S02;S01;7;0.90;student;ebike;1.19;completed;ok
T003940;2026-10-15T07:34:00;S03;S07;22;3.90;subscriber;bike;2.42;completed;ok
T003941;2026-10-15T13:01:00;S02;S06;6;0.99;student;ebike;1.02;completed;ok
T003942;2026-10-15T08:33:00;S03;S02;14;2.51;student;scooter;3.08;completed;ok
T003943;2026-10-15T07:39:00;S03;S02;12;2.17;student;bike;1.32;completed;ok
T003944;2026-10-15T13:56:00;S02;S07;7;1.48;subscriber;ebike;1.19;completed;ok
T003945;2026-10-15T17:34:00;S06;S05;11;1.87;casual;scooter;2.42;completed;ok
T003946;2026-10-15T07:19:00;S03;S02;10;2.17;student;ebike;1.70;completed;ok
T003947;2026-10-15T14:25:00;S02;S03;15;2.48;student;bike;1.65;completed;ok
T003948;2026-10-15T19:29:00;S03;S05;18;3.38;subscriber;bike;1.98;completed;ok
T003949;2026-10-15T08:36:00;S04;S06;8;1.86;subscriber;ebike;1.36;completed;ok
T003950;2026-10-15T08:42:00;S07;S04;7;0.71;subscriber;bike;0.77;completed;ok
T003951;2026-10-15T07:18:00;S03;S02;12;2.21;student;scooter;2.64;completed;ok
T003952;2026-10-15T13:02:00;S03;S08;15;3.78;subscriber;ebike;2.55;completed;ok
T003953;2026-10-15T13:56:00;S02;S04;6;0.98;student;bike;0.66;completed;ok
T003954;2026-10-15T16:42:00;S03;S07;17;3.72;subscriber;ebike;2.89;completed;ok
T003955;2026-10-15T08:27:00;S07;S01;6;0.72;casual;bike;0.66;completed;ok
T003956;2026-10-15T07:56:00;S06;S02;8;1.02;student;bike;0.88;completed;ok
T003957;2026-10-15T17:25:00;S03;S05;18;3.57;student;bike;1.98;completed;ok
T003958;2026-10-15T18:42:00;S06;S01;10;1.61;student;bike;1.10;completed;ok
T003959;2026-10-15T15:11:00;S02;S07;11;1.48;student;bike;1.21;completed;ok
T003960;2026-10-15T07:39:00;S08;S02;9;1.61;student;bike;0.99;completed;ok
T003961;2026-10-15T13:58:00;S02;S04;8;1.03;student;bike;0.88;completed;ok
T003962;2026-10-15T15:15:00;S02;S07;9;1.57;student;bike;0.99;completed;ok
T003963;2026-10-15T09:28:00;S04;S02;6;1.06;student;scooter;1.32;completed;ok
T003964;2026-10-15T08:29:00;S03;S02;12;2.38;student;ebike;2.04;completed;ok
T003965;2026-10-15T18:43:00;S07;S06;16;2.58;subscriber;bike;1.76;completed;ok
T003966;2026-10-15T20:58:00;S04;S06;14;2.22;subscriber;bike;1.54;completed;ok
T003967;2026-10-15T18:38:00;S04;S06;11;2.18;casual;ebike;1.87;completed;ok
T003968;2026-10-15T08:45:00;S04;S01;5;0.58;subscriber;scooter;1.10;completed;ok
T003969;2026-10-15T14:54:00;S02;S03;11;2.31;student;scooter;2.42;completed;ok
T003970;2026-10-15T14:59:00;S02;S05;7;1.67;student;ebike;1.19;completed;ok
T003971;2026-10-15T16:05:00;S07;S02;9;1.39;subscriber;bike;0.99;completed;ok
T003972;2026-10-15T19:57:00;S02;S06;7;0.99;casual;bike;0.77;completed;ok
T003973;2026-10-15T14:31:00;S02;S04;6;1.08;student;scooter;1.32;completed;ok
T003974;2026-10-15T13:33:00;S02;S05;10;1.57;student;bike;1.10;completed;ok
T003975;2026-10-15T09:55:00;S01;S02;6;0.75;student;ebike;1.02;completed;ok
T003976;2026-10-15T18:46:00;S06;S01;9;1.84;subscriber;ebike;1.53;completed;ok
T003977;2026-10-15T20:00:00;S01;S08;7;1.47;casual;ebike;1.19;completed;ok
T003978;2026-10-15T20:50:00;S07;S08;7;1.18;subscriber;scooter;1.54;completed;ok
T003979;2026-10-15T18:33:00;S06;S03;9;1.86;subscriber;ebike;1.53;completed;ok
T003980;2026-10-15T14:21:00;S02;S07;8;1.42;student;bike;0.88;completed;ok
T003981;2026-10-15T08:15:00;S01;S02;6;0.89;student;ebike;1.02;completed;ok
T003982;2026-10-15T18:19:00;S04;S05;10;1.69;casual;bike;1.10;completed;ok
T003983;2026-10-15T07:34:00;S01;S08;9;1.46;subscriber;ebike;1.53;completed;ok
T003984;2026-10-15T20:30:00;S04;S07;6;0.81;student;scooter;1.32;completed;ok
T003985;2026-10-15T07:56:00;S07;S02;8;1.60;student;ebike;1.36;completed;ok
T003986;2026-10-15T12:34:00;S07;S01;5;0.69;subscriber;ebike;0.85;completed;ok
T003987;2026-10-15T20:57:00;S03;S06;11;1.82;casual;scooter;2.42;completed;ok
T003988;2026-10-15T17:46:00;S02;S01;5;0.86;casual;ebike;0.85;completed;ok
T003989;2026-10-15T09:42:00;S01;S02;4;0.77;student;scooter;0.88;completed;ok
T003990;2026-10-15T13:45:00;S02;S06;5;1.15;student;ebike;0.85;completed;ok
T003991;2026-10-15T16:30:00;S06;S05;10;2.03;subscriber;ebike;1.70;completed;ok
T003992;2026-10-15T19:26:00;S01;S04;5;0.66;subscriber;ebike;0.85;completed;ok
T003993;2026-10-15T20:50:00;S02;S04;5;0.94;subscriber;ebike;0.85;completed;ok
T003994;2026-10-15T08:01:00;S03;S02;14;2.45;student;bike;1.54;completed;ok
T003995;2026-10-15T13:35:00;S02;S01;5;0.88;student;scooter;1.10;completed;ok
T003996;2026-10-15T10:35:00;S04;S02;8;1.04;subscriber;scooter;1.76;completed;ok
T003997;2026-10-15T09:14:00;S05;S04;10;1.66;subscriber;scooter;2.20;completed;ok
T003998;2026-10-15T07:32:00;S01;S02;5;0.80;student;ebike;0.85;completed;ok
T003999;2026-10-15T18:02:00;S01;S05;7;1.13;casual;scooter;1.54;completed;ok
T004000;2026-10-16T13:45:00;S02;S06;7;0.99;student;scooter;1.54;completed;ok
T004001;2026-10-16T18:12:00;S08;S03;21;3.99;subscriber;bike;2.31;completed;ok
T004002;2026-10-16T14:14:00;S07;S08;9;1.28;casual;bike;0.99;completed;ok
T004003;2026-10-16T18:54:00;S04;S05;11;1.54;student;bike;1.21;completed;ok
T004004;2026-10-16T13:23:00;S02;S03;14;2.25;student;bike;1.54;completed;ok
T004005;2026-10-16T10:46:00;S06;S01;11;1.76;subscriber;bike;1.21;completed;ok
T004006;2026-10-16T20:42:00;S05;S06;13;1.94;subscriber;bike;1.43;completed;ok
T004007;2026-10-16T14:27:00;S02;S07;7;1.59;student;ebike;1.19;completed;ok
T004008;2026-10-16T17:03:00;S03;S02;10;2.26;subscriber;scooter;2.20;completed;ok
T004009;2026-10-16T19:59:00;S07;S01;6;0.61;subscriber;bike;0.66;completed;ok
T004010;2026-10-16T15:13:00;S07;S08;9;1.06;casual;bike;0.99;completed;ok
T004011;2026-10-16T07:42:00;S03;S02;13;2.31;student;bike;1.43;completed;ok
T004012;2026-10-16T14:45:00;S02;S03;13;2.33;student;bike;1.43;completed;ok
T004013;2026-10-16T08:59:00;S07;S02;11;1.45;student;bike;1.21;completed;ok
T004014;2026-10-16T20:21:00;S04;S01;4;0.66;subscriber;scooter;0.88;completed;ok
T004015;2026-10-16T09:35:00;S03;S02;11;2.35;student;ebike;1.87;completed;ok
T004016;2026-10-16T07:57:00;S03;S02;11;2.38;student;ebike;1.87;completed;ok
T004017;2026-10-16T16:34:00;S01;S08;9;1.28;subscriber;bike;0.99;completed;ok
T004018;2026-10-16T08:48:00;S03;S02;13;2.47;student;bike;1.43;completed;ok
T004019;2026-10-16T15:01:00;S02;S04;7;0.91;student;bike;0.77;completed;ok
T004020;2026-10-16T22:56:00;S01;S07;6;0.72;casual;bike;0.66;completed;ok
T004021;2026-10-16T17:51:00;S03;S05;18;3.96;subscriber;ebike;3.06;completed;ok
T004022;2026-10-16T16:42:00;S04;S07;7;0.81;subscriber;scooter;1.54;completed;ok
T004023;2026-10-16T19:41:00;S06;S01;9;;subscriber;scooter;1.98;completed;missing_distance
T004024;2026-10-16T18:51:00;S03;S06;8;1.70;subscriber;ebike;1.36;completed;ok
T004025;2026-10-16T09:49:00;S05;S02;10;1.61;student;bike;1.10;completed;ok
T004026;2026-10-16T18:56:00;S06;S05;9;1.68;casual;bike;0.99;completed;ok
T004027;2026-10-16T19:17:00;S05;S02;9;1.67;casual;ebike;1.53;completed;ok
T004028;2026-10-16T08:10:00;S01;S03;18;3.15;casual;bike;1.98;completed;ok
T004029;2026-10-16T13:08:00;S02;S05;9;1.63;student;bike;0.99;completed;ok
T004030;2026-10-16T20:22:00;S08;S01;8;1.37;student;ebike;1.36;completed;ok
T004031;2026-10-16T19:07:00;S07;S04;4;0.68;student;ebike;0.68;completed;ok
T004032;2026-10-16T14:27:00;S02;S03;13;2.50;student;ebike;2.21;completed;ok
T004033;2026-10-16T13:23:00;S01;S05;7;1.12;casual;bike;0.77;completed;ok
T004034;2026-10-16T15:19:00;S02;S03;12;2.31;student;bike;1.32;completed;ok
T004035;2026-10-16T13:19:00;S02;S05;12;1.63;student;bike;1.32;completed;ok
T004036;2026-10-16T13:51:00;S02;S03;14;2.53;student;bike;1.54;completed;ok
T004037;2026-10-16T19:00:00;S04;S08;6;0.71;subscriber;bike;0.66;completed;ok
T004038;2026-10-16T07:39:00;S01;S04;6;0.58;subscriber;scooter;1.32;completed;ok
T004039;2026-10-16T13:39:00;S02;S07;8;1.34;student;bike;0.88;completed;ok
T004040;2026-10-16T20:12:00;S04;S08;6;0.78;student;scooter;1.32;completed;ok
T004041;2026-10-16T18:21:00;S02;S08;10;1.69;subscriber;ebike;1.70;completed;ok
T004042;2026-10-16T15:16:00;S02;S01;6;0.89;student;bike;0.66;completed;ok
T004043;2026-10-16T19:06:00;S04;S03;19;3.18;casual;bike;2.09;completed;ok
T004044;2026-10-16T17:39:00;S01;S05;6;1.00;subscriber;ebike;1.02;completed;ok
T004045;2026-10-16T07:21:00;S05;S01;9;1.05;subscriber;bike;0.99;completed;ok
T004046;2026-10-16T20:40:00;S04;S02;7;1.00;subscriber;scooter;1.54;completed;ok
T004047;2026-10-16T18:11:00;S02;S05;8;1.59;casual;scooter;1.76;completed;ok
T004048;2026-10-16T09:06:00;S06;S01;9;1.59;subscriber;bike;0.99;completed;ok
T004049;2026-10-16T09:55:00;S07;S02;8;1.39;student;bike;0.88;completed;ok
T004050;2026-10-16T20:24:00;S03;S02;13;2.53;subscriber;scooter;2.86;completed;ok
T004051;2026-10-16T17:55:00;S03;S06;10;1.85;subscriber;ebike;1.70;completed;ok
T004052;2026-10-16T09:06:00;S04;S02;6;1.06;student;scooter;1.32;completed;ok
T004053;2026-10-16T19:18:00;S04;S05;8;1.59;casual;ebike;1.36;completed;ok
T004054;2026-10-16T18:30:00;S02;S07;10;1.52;subscriber;scooter;2.20;completed;ok
T004055;2026-10-16T13:24:00;S01;S07;5;0.69;subscriber;ebike;0.85;completed;ok
T004056;2026-10-16T15:00:00;S02;S07;10;1.52;student;scooter;2.20;completed;ok
T004057;2026-10-16T13:48:00;S02;S01;6;0.76;student;bike;0.66;completed;ok
T004058;2026-10-16T17:57:00;S04;S03;13;3.13;subscriber;ebike;2.21;completed;ok
T004059;2026-10-16T09:31:00;S06;S02;8;1.08;student;ebike;1.36;completed;ok
T004060;2026-10-16T20:13:00;S04;S02;7;0.97;subscriber;bike;0.77;completed;ok
T004061;2026-10-16T21:12:00;S01;S07;6;0.61;subscriber;bike;0.66;completed;ok
T004062;2026-10-16T19:36:00;S02;S04;7;0.90;student;scooter;1.54;completed;ok
T004063;2026-10-16T10:32:00;S01;S08;9;1.41;student;bike;0.99;completed;ok
T004064;2026-10-16T15:08:00;S06;S03;8;1.71;casual;ebike;1.36;completed;ok
T004065;2026-10-16T09:12:00;S03;S06;10;1.65;subscriber;bike;1.10;completed;ok
T004066;2026-10-16T07:08:00;S07;S02;10;1.43;student;bike;1.10;completed;ok
T004067;2026-10-16T14:44:00;S04;S06;14;2.26;subscriber;bike;1.54;completed;ok
T004068;2026-10-16T17:18:00;S06;S04;11;1.96;subscriber;scooter;2.42;completed;ok
T004069;2026-10-16T18:17:00;S06;S03;9;1.83;casual;ebike;1.53;completed;ok
T004070;2026-10-16T19:50:00;S07;S06;13;2.46;subscriber;bike;1.43;completed;ok
T004071;2026-10-16T10:56:00;S02;S05;11;1.62;student;bike;1.21;completed;ok
T004072;2026-10-16T08:55:00;S03;S02;12;2.16;student;ebike;2.04;completed;ok
T004073;2026-10-16T07:51:00;S05;S02;8;1.72;student;scooter;1.76;completed;ok
T004074;2026-10-16T20:51:00;S01;S03;19;3.46;subscriber;bike;2.09;completed;ok
T004075;2026-10-16T13:41:00;S02;S01;6;0.76;student;ebike;1.02;completed;ok
T004076;2026-10-16T09:21:00;S08;S01;9;1.22;subscriber;bike;0.99;completed;ok
T004077;2026-10-16T07:16:00;S06;S02;8;1.14;subscriber;bike;0.88;completed;ok
T004078;2026-10-16T19:04:00;S02;S03;15;2.56;subscriber;bike;1.65;completed;ok
T004079;2026-10-16T08:22:00;S07;S02;8;1.36;student;ebike;1.36;completed;ok
T004080;2026-10-16T09:20:00;S04;S02;7;0.97;student;ebike;1.19;completed;ok
T004081;2026-10-16T20:31:00;S04;S07;5;0.78;student;bike;0.55;completed;ok
T004082;2026-10-16T09:06:00;S07;S02;8;1.44;student;scooter;1.76;completed;ok
T004083;2026-10-16T10:38:00;S03;S05;19;3.29;student;bike;2.09;completed;ok
T004084;2026-10-16T07:15:00;S05;S02;9;1.55;student;bike;0.99;completed;ok
T004085;2026-10-16T13:37:00;S04;S05;8;1.76;casual;ebike;1.36;completed;ok
T004086;2026-10-16T08:40:00;S01;S02;5;0.77;student;bike;0.55;completed;ok
T004087;2026-10-16T19:58:00;S06;S02;8;1.09;subscriber;bike;0.88;completed;ok
T004088;2026-10-16T13:52:00;S02;S07;9;1.38;student;bike;0.99;completed;ok
T004089;2026-10-16T09:59:00;S05;S01;7;1.13;casual;ebike;1.19;completed;ok
T004090;2026-10-16T08:19:00;S03;S01;17;3.18;subscriber;bike;1.87;completed;ok
T004091;2026-10-16T20:50:00;S02;S05;10;1.59;student;ebike;1.70;completed;ok
T004092;2026-10-16T14:11:00;S02;S06;7;1.13;student;bike;0.77;completed;ok
T004093;2026-10-16T14:24:00;S02;S06;6;1.17;student;ebike;1.02;completed;ok
T004094;2026-10-16T15:54:00;S04;S08;5;0.76;casual;ebike;0.85;completed;ok
T004095;2026-10-16T14:51:00;S07;S05;8;1.37;casual;bike;0.88;completed;ok
T004096;2026-10-16T08:11:00;S06;S02;7;1.03;student;bike;0.77;completed;ok
T004097;2026-10-16T19:15:00;S01;S07;4;0.71;casual;ebike;0.68;completed;ok
T004098;2026-10-16T09:08:00;S06;S02;7;1.07;student;ebike;1.19;completed;ok
T004099;2026-10-16T17:22:00;S08;S02;9;1.76;subscriber;ebike;1.53;completed;ok
T004100;2026-10-16T07:15:00;S06;S02;8;1.20;student;scooter;1.76;completed;ok
T004101;2026-10-16T13:53:00;S06;S05;9;1.78;subscriber;scooter;1.98;completed;ok
T004102;2026-10-16T18:06:00;S08;S06;12;2.60;casual;scooter;2.64;completed;ok
T004103;2026-10-16T09:12:00;S01;S02;7;0.88;student;scooter;1.54;completed;ok
T004104;2026-10-16T18:59:00;S03;S04;12;3.08;subscriber;ebike;2.04;completed;ok
T004105;2026-10-16T07:59:00;S03;S02;13;2.42;student;scooter;2.86;completed;ok
T004106;2026-10-16T17:29:00;S04;S01;6;0.61;subscriber;scooter;1.32;cancelled;ok
T004107;2026-10-16T20:50:00;S08;S05;15;2.42;subscriber;bike;1.65;completed;ok
T004108;2026-10-16T09:48:00;S05;S02;7;1.52;student;ebike;1.19;completed;ok
T004109;2026-10-16T13:58:00;S01;S04;4;0.57;subscriber;ebike;0.68;completed;ok
T004110;2026-10-16T18:20:00;S07;S03;19;4.13;subscriber;ebike;3.23;completed;ok
T004111;2026-10-16T15:35:00;S02;S05;8;1.68;student;scooter;1.76;completed;ok
T004112;2026-10-16T17:06:00;S01;S07;6;0.63;casual;bike;0.66;completed;ok
T004113;2026-10-16T10:33:00;S07;S08;6;1.07;subscriber;scooter;1.32;completed;ok
T004114;2026-10-16T07:41:00;S03;S02;12;2.43;student;ebike;2.04;completed;ok
T004115;2026-10-16T13:06:00;S02;S06;6;0.99;student;bike;0.66;completed;ok
T004116;2026-10-16T14:51:00;S02;S08;11;1.53;student;bike;1.21;completed;ok
T004117;2026-10-16T14:29:00;S05;S02;9;1.63;casual;scooter;1.98;completed;ok
T004118;2026-10-16T18:25:00;S06;S05;8;1.73;casual;ebike;1.36;completed;ok
T004119;2026-10-16T15:19:00;S02;S07;8;1.50;student;scooter;1.76;completed;ok
T004120;2026-10-16T14:17:00;S02;S03;11;2.21;student;scooter;2.42;cancelled;ok
T004121;2026-10-16T19:46:00;S01;S05;6;1.02;casual;ebike;1.02;completed;ok
T004122;2026-10-16T07:33:00;S06;S02;8;1.15;student;scooter;1.76;completed;ok
T004123;2026-10-16T18:40:00;S01;S02;5;0.76;student;bike;0.55;completed;ok
T004124;2026-10-16T08:52:00;S04;S08;4;0.72;subscriber;ebike;0.68;completed;ok
T004125;2026-10-16T19:48:00;S01;S04;4;0.58;subscriber;bike;0.44;completed;ok
T004126;2026-10-16T06:26:00;S04;S01;6;0.67;subscriber;scooter;1.32;completed;ok
T004127;2026-10-16T20:32:00;S02;S05;10;1.68;subscriber;bike;1.10;completed;ok
T004128;2026-10-16T14:48:00;S02;S07;9;1.38;student;bike;0.99;completed;ok
T004129;2026-10-16T12:24:00;S08;S02;7;1.61;subscriber;ebike;1.19;completed;ok
T004130;2026-10-16T20:38:00;S07;S05;8;1.33;subscriber;ebike;1.36;completed;ok
T004131;2026-10-16T20:18:00;S08;S06;18;2.91;subscriber;bike;1.98;completed;ok
T004132;2026-10-16T07:21:00;S07;S02;9;1.47;student;bike;0.99;completed;ok
T004133;2026-10-16T18:46:00;S05;S07;7;1.21;subscriber;ebike;1.19;completed;ok
T004134;2026-10-16T19:23:00;S01;S07;4;0.71;student;scooter;0.88;completed;ok
T004135;2026-10-16T14:44:00;S02;S06;8;1.19;student;bike;0.88;completed;ok
T004136;2026-10-16T14:21:00;S02;S01;6;0.84;student;bike;0.66;completed;ok
T004137;2026-10-16T14:04:00;S04;S08;5;0.69;casual;scooter;1.10;completed;ok
T004138;2026-10-16T15:52:00;S02;S01;5;0.78;student;ebike;0.85;completed;ok
T004139;2026-10-16T13:07:00;S02;S05;12;1.64;student;bike;1.32;completed;ok
T004140;2026-10-16T15:34:00;S02;S03;13;2.45;student;bike;1.43;completed;ok
T004141;2026-10-16T19:02:00;S05;S08;11;2.37;subscriber;ebike;1.87;completed;ok
T004142;2026-10-16T13:52:00;S02;S06;7;1.01;student;bike;0.77;completed;ok
T004143;2026-10-16T18:36:00;S04;S07;5;0.70;subscriber;bike;0.55;completed;ok
T004144;2026-10-16T07:03:00;S01;S08;10;1.39;casual;bike;1.10;completed;ok
T004145;2026-10-16T15:31:00;S02;S06;7;1.14;student;scooter;1.54;completed;ok
T004146;2026-10-16T09:57:00;S08;S02;8;1.55;student;ebike;1.36;completed;ok
T004147;2026-10-16T08:55:00;S07;S02;7;1.48;subscriber;ebike;1.19;completed;ok
T004148;2026-10-16T09:38:00;S05;S02;11;1.71;student;bike;1.21;cancelled;ok
T004149;2026-10-16T14:11:00;S02;S01;6;0.79;student;ebike;1.02;completed;ok
T004150;2026-10-16T13:50:00;S01;S08;7;1.23;subscriber;bike;0.77;completed;ok
T004151;2026-10-17T17:50:00;S06;S05;8;1.76;subscriber;ebike;1.36;completed;ok
T004152;2026-10-17T18:42:00;S02;S04;5;0.91;casual;scooter;1.10;completed;ok
T004153;2026-10-17T20:05:00;S03;S04;20;3.36;subscriber;bike;2.20;completed;ok
T004154;2026-10-17T19:21:00;S01;S04;4;0.56;student;ebike;0.68;completed;ok
T004155;2026-10-17T18:54:00;S05;S03;16;3.96;subscriber;ebike;2.72;completed;ok
T004156;2026-10-17T13:40:00;S02;S04;6;0.96;subscriber;scooter;1.32;completed;ok
T004157;2026-10-17T18:42:00;S07;S08;7;1.06;subscriber;ebike;1.19;completed;ok
T004158;2026-10-17T18:45:00;S07;S08;7;1.28;casual;scooter;1.54;completed;ok
T004159;2026-10-17T16:38:00;S01;S03;15;2.97;student;ebike;2.55;completed;ok
T004160;2026-10-17T17:11:00;S07;S01;6;0.61;student;ebike;1.02;completed;ok
T004161;2026-10-17T09:10:00;S05;S03;15;3.73;subscriber;ebike;2.55;completed;ok
T004162;2026-10-17T06:49:00;S07;S05;8;1.31;subscriber;ebike;1.36;completed;ok
T004163;2026-10-17T17:31:00;S05;S07;8;1.16;subscriber;ebike;1.36;completed;ok
T004164;2026-10-17T18:34:00;S07;S05;6;1.26;subscriber;ebike;1.02;completed;ok
T004165;2026-10-17T17:04:00;S05;S01;7;1.03;student;bike;0.77;completed;ok
T004166;2026-10-17T20:52:00;S05;S08;12;2.45;casual;ebike;2.04;completed;ok
T004167;2026-10-17T17:59:00;S04;S01;5;0.68;subscriber;ebike;0.85;completed;ok
T004168;2026-10-17T17:53:00;S02;S06;7;1.16;subscriber;bike;0.77;completed;ok
T004169;2026-10-17T20:57:00;S05;S01;5;1.02;subscriber;ebike;0.85;completed;ok
T004170;2026-10-17T21:00:00;S07;S05;6;1.31;subscriber;ebike;1.02;completed;ok
T004171;2026-10-17T07:47:00;S07;S06;12;2.36;subscriber;ebike;2.04;completed;ok
T004172;2026-10-17T19:38:00;S04;S03;19;;student;bike;2.09;completed;missing_distance
T004173;2026-10-17T18:23:00;S06;S05;13;2.05;subscriber;bike;1.43;completed;ok
T004174;2026-10-17T20:32:00;S01;S07;4;0.61;subscriber;ebike;0.68;completed;ok
T004175;2026-10-17T15:12:00;S07;S01;5;0.71;subscriber;bike;0.55;completed;ok
T004176;2026-10-17T17:03:00;S06;S07;11;2.35;casual;ebike;1.87;completed;ok
T004177;2026-10-17T20:17:00;S05;S03;18;4.02;student;ebike;3.06;completed;ok
T004178;2026-10-17T19:12:00;S02;S04;6;0.97;subscriber;ebike;1.02;completed;ok
T004179;2026-10-17T20:33:00;S04;S07;4;0.70;student;ebike;0.68;completed;ok
T004180;2026-10-17T18:46:00;S04;S02;5;0.91;subscriber;scooter;1.10;completed;ok
T004181;2026-10-17T13:32:00;S04;S06;11;1.97;subscriber;bike;1.21;completed;ok
T004182;2026-10-17T20:09:00;S06;S04;12;2.18;subscriber;bike;1.32;completed;ok
T004183;2026-10-17T19:46:00;S06;S07;10;2.14;student;ebike;1.70;completed;ok
T004184;2026-10-17T19:45:00;S01;S04;6;0.65;subscriber;bike;0.66;completed;ok
T004185;2026-10-17T18:17:00;S05;S08;11;2.44;student;ebike;1.87;completed;ok
T004186;2026-10-17T19:51:00;S04;S07;5;0.76;subscriber;scooter;1.10;completed;ok
T004187;2026-10-17T17:40:00;S01;S07;5;0.60;student;bike;0.55;completed;ok
T004188;2026-10-17T17:32:00;S03;S05;15;3.69;subscriber;ebike;2.55;completed;ok
T004189;2026-10-17T20:05:00;S03;S05;18;3.52;student;scooter;3.96;completed;ok
T004190;2026-10-17T17:26:00;S05;S04;8;1.67;subscriber;scooter;1.76;completed;ok
T004191;2026-10-17T19:34:00;S03;S04;15;3.06;student;scooter;3.30;completed;ok
T004192;2026-10-17T17:21:00;S05;S06;12;2.03;casual;bike;1.32;completed;ok
T004193;2026-10-17T18:08:00;S02;S06;7;1.19;subscriber;ebike;1.19;completed;ok
T004194;2026-10-17T17:31:00;S05;S04;9;1.54;subscriber;scooter;1.98;completed;ok
T004195;2026-10-17T19:38:00;S03;S08;16;3.46;subscriber;ebike;2.72;completed;ok
T004196;2026-10-17T17:23:00;S08;S06;10;2.45;subscriber;ebike;1.70;completed;ok
T004197;2026-10-17T20:43:00;S01;S07;5;0.60;subscriber;ebike;0.85;completed;ok
T004198;2026-10-17T17:55:00;S04;S05;7;1.58;casual;ebike;1.19;completed;ok
T004199;2026-10-17T20:30:00;S08;S02;10;1.79;subscriber;ebike;1.70;completed;ok
T004200;2026-10-17T18:34:00;S06;S04;11;2.01;student;ebike;1.87;completed;ok
T004201;2026-10-17T19:03:00;S06;S07;12;2.31;subscriber;ebike;2.04;completed;ok
T004202;2026-10-17T20:13:00;S07;S04;6;0.75;student;ebike;1.02;completed;ok
T004203;2026-10-17T18:18:00;S03;S08;18;3.85;student;scooter;3.96;completed;ok
T004204;2026-10-17T18:25:00;S06;S08;13;2.67;casual;ebike;2.21;completed;ok
T004205;2026-10-17T14:23:00;S01;S08;7;1.28;subscriber;ebike;1.19;completed;ok
T004206;2026-10-17T19:22:00;S03;S06;9;1.72;subscriber;ebike;1.53;completed;ok
T004207;2026-10-17T19:00:00;S06;S08;11;2.81;subscriber;ebike;1.87;completed;ok
T004208;2026-10-17T17:08:00;S04;S01;5;0.59;casual;bike;0.55;completed;ok
T004209;2026-10-17T18:34:00;S03;S08;15;3.75;subscriber;ebike;2.55;completed;ok
T004210;2026-10-17T19:25:00;S01;S05;7;1.01;casual;ebike;1.19;completed;ok
T004211;2026-10-17T19:01:00;S03;S06;9;1.66;casual;ebike;1.53;completed;ok
T004212;2026-10-17T19:42:00;S01;S08;6;1.35;subscriber;ebike;1.02;completed;ok
T004213;2026-10-17T17:17:00;S02;S05;9;1.49;casual;scooter;1.98;completed;ok
T004214;2026-10-18T17:44:00;S01;S04;6;0.63;subscriber;scooter;1.32;completed;ok
T004215;2026-10-18T17:08:00;S03;S05;17;3.61;casual;scooter;3.74;completed;ok
T004216;2026-10-18T18:20:00;S02;S05;8;1.68;subscriber;scooter;1.76;completed;ok
T004217;2026-10-18T18:29:00;S08;S05;11;2.27;subscriber;ebike;1.87;completed;ok
T004218;2026-10-18T19:23:00;S03;S04;15;3.45;subscriber;ebike;2.55;completed;ok
T004219;2026-10-18T18:33:00;S01;S06;9;1.68;casual;ebike;1.53;completed;ok
T004220;2026-10-18T17:16:00;S02;S04;6;1.08;casual;ebike;1.02;completed;ok
T004221;2026-10-18T17:29:00;S04;S08;5;0.72;casual;ebike;0.85;completed;ok
T004222;2026-10-18T18:03:00;S01;S02;8;0.90;subscriber;bike;0.88;completed;ok
T004223;2026-10-18T14:37:00;S01;S05;5;1.07;subscriber;ebike;0.85;completed;ok
T004224;2026-10-18T19:11:00;S03;S04;15;3.25;casual;ebike;2.55;completed;ok
T004225;2026-10-18T17:40:00;S07;S04;5;0.81;casual;ebike;0.85;completed;ok
T004226;2026-10-18T19:20:00;S01;S05;6;1.03;subscriber;ebike;1.02;completed;ok
T004227;2026-10-18T18:27:00;S03;S05;16;3.79;casual;ebike;2.72;completed;ok
T004228;2026-10-18T18:10:00;S07;S04;4;0.77;casual;ebike;0.68;completed;ok
T004229;2026-10-18T17:55:00;S05;S03;19;3.61;subscriber;bike;2.09;completed;ok
T004230;2026-10-18T17:13:00;S03;S05;15;3.63;subscriber;ebike;2.55;completed;ok
T004231;2026-10-18T19:02:00;S02;S08;9;1.55;casual;ebike;1.53;completed;ok
T004232;2026-10-18T20:14:00;S05;S08;14;2.30;subscriber;bike;1.54;completed;ok
T004233;2026-10-18T18:03:00;S07;S05;7;1.40;casual;ebike;1.19;completed;ok
T004234;2026-10-18T19:53:00;S07;S05;8;1.23;subscriber;bike;0.88;completed;ok
T004235;2026-10-18T19:08:00;S06;S02;7;1.03;casual;ebike;1.19;completed;ok
T004236;2026-10-18T20:16:00;S02;S08;9;1.80;student;scooter;1.98;completed;ok
T004237;2026-10-18T19:46:00;S02;S03;13;2.54;subscriber;scooter;2.86;completed;ok
T004238;2026-10-18T20:05:00;S03;S07;15;3.55;subscriber;ebike;2.55;completed;ok
T004239;2026-10-18T17:10:00;S02;S06;8;1.02;casual;ebike;1.36;completed;ok
T004240;2026-10-18T18:42:00;S07;S01;6;0.71;subscriber;ebike;1.02;completed;ok
T004241;2026-10-18T17:50:00;S03;S07;17;3.57;student;scooter;3.74;completed;ok
T004242;2026-10-18T19:05:00;S04;S02;6;0.90;student;scooter;1.32;completed;ok
T004243;2026-10-18T20:53:00;S03;S08;19;3.36;casual;bike;2.09;completed;ok
T004244;2026-10-18T19:07:00;S03;S07;20;3.47;subscriber;bike;2.20;completed;ok
T004245;2026-10-18T07:34:00;S06;S02;8;1.07;student;ebike;1.36;completed;ok
T004246;2026-10-18T20:58:00;S01;S03;17;2.93;subscriber;bike;1.87;completed;ok
T004247;2026-10-18T19:32:00;S05;S07;7;1.41;subscriber;scooter;1.54;completed;ok
T004248;2026-10-18T17:07:00;S05;S01;8;1.05;casual;scooter;1.76;completed;ok
T004249;2026-10-18T17:49:00;S03;S05;19;3.30;casual;bike;2.09;completed;ok
T004250;2026-10-18T17:27:00;S07;S01;4;0.70;subscriber;scooter;0.88;completed;ok
T004251;2026-10-18T20:59:00;S03;S04;13;3.22;subscriber;ebike;2.21;completed;ok
T004252;2026-10-18T13:50:00;S02;S06;7;1.13;subscriber;scooter;1.54;completed;ok
T004253;2026-10-18T11:32:00;S06;S08;12;2.46;casual;scooter;2.64;completed;ok
T004254;2026-10-18T19:23:00;S07;S04;6;0.72;subscriber;ebike;1.02;completed;ok
T004255;2026-10-18T18:39:00;S02;S06;7;1.14;subscriber;ebike;1.19;completed;ok
T004256;2026-10-18T19:08:00;S07;S06;13;2.55;casual;ebike;2.21;completed;ok
T004257;2026-10-18T17:12:00;S08;S01;7;1.44;subscriber;ebike;1.19;completed;ok
T004258;2026-10-18T18:53:00;S04;S02;7;0.98;subscriber;ebike;1.19;completed;ok
T004259;2026-10-18T13:58:00;S06;S08;11;2.61;subscriber;ebike;1.87;completed;ok
T004260;2026-10-18T18:55:00;S07;S04;4;0.70;subscriber;ebike;0.68;completed;ok
T004261;2026-10-18T20:30:00;S01;S07;6;0.64;casual;scooter;1.32;completed;ok
T004262;2026-10-18T20:13:00;S07;S06;11;2.53;casual;scooter;2.42;completed;ok
T004263;2026-10-18T18:07:00;S02;S06;8;1.01;subscriber;scooter;1.76;completed;ok
T004264;2026-10-18T20:27:00;S04;S05;7;1.56;subscriber;scooter;1.54;completed;ok
T004265;2026-10-18T18:12:00;S01;S07;6;0.63;casual;bike;0.66;completed;ok
T004266;2026-10-18T12:26:00;S01;S06;8;1.68;casual;ebike;1.36;completed;ok
T004267;2026-10-18T18:02:00;S07;S04;5;0.77;subscriber;bike;0.55;completed;ok
T004268;2026-10-18T20:09:00;S06;S08;11;2.58;casual;scooter;2.42;completed;ok
T004269;2026-10-18T08:22:00;S07;S08;6;1.29;subscriber;ebike;1.02;completed;ok
T004270;2026-10-18T17:45:00;S02;S06;7;1.06;subscriber;ebike;1.19;completed;ok
T004271;2026-10-18T18:00:00;S04;S05;8;1.70;subscriber;scooter;1.76;completed;ok
T004272;2026-10-18T18:38:00;S03;S08;16;3.32;student;ebike;2.72;completed;ok
T004273;2026-10-19T19:22:00;S02;S07;9;1.50;subscriber;scooter;1.98;completed;ok
T004274;2026-10-19T13:11:00;S02;S06;7;1.17;student;bike;0.77;completed;ok
T004275;2026-10-19T13:40:00;S07;S08;7;1.18;subscriber;bike;0.77;completed;ok
T004276;2026-10-19T17:39:00;S08;S01;10;1.47;subscriber;bike;1.10;completed;ok
T004277;2026-10-19T08:32:00;S01;S02;6;0.75;student;ebike;1.02;cancelled;ok
T004278;2026-10-19T08:11:00;S03;S01;12;2.89;subscriber;ebike;2.04;completed;ok
T004279;2026-10-19T09:32:00;S04;S03;18;3.23;subscriber;bike;1.98;completed;ok
T004280;2026-10-19T20:40:00;S08;S07;6;1.12;casual;scooter;1.32;completed;ok
T004281;2026-10-19T20:10:00;S03;S05;19;3.62;subscriber;bike;2.09;completed;ok
T004282;2026-10-19T18:01:00;S01;S06;11;1.82;subscriber;bike;1.21;completed;ok
T004283;2026-10-19T16:00:00;S08;S01;6;1.32;subscriber;ebike;1.02;completed;ok
T004284;2026-10-19T21:05:00;S08;S02;11;1.60;subscriber;bike;1.21;completed;ok
T004285;2026-10-19T07:18:00;S04;S02;7;1.09;student;bike;0.77;completed;ok
T004286;2026-10-19T06:18:00;S02;S05;11;1.64;subscriber;bike;1.21;completed;ok
T004287;2026-10-19T14:59:00;S02;S03;14;2.21;student;bike;1.54;completed;ok
T004288;2026-10-19T15:09:00;S02;S04;8;0.99;student;scooter;1.76;completed;ok
T004289;2026-10-19T19:56:00;S04;S01;6;0.65;student;ebike;1.02;completed;ok
T004290;2026-10-19T09:17:00;S08;S02;8;1.67;student;ebike;1.36;completed;ok
T004291;2026-10-19T09:24:00;S07;S02;7;1.37;student;ebike;1.19;completed;ok
T004292;2026-10-19T19:15:00;S02;S06;9;1.16;student;bike;0.99;completed;ok
T004293;2026-10-19T20:56:00;S04;S05;10;1.61;subscriber;scooter;2.20;completed;ok
T004294;2026-10-19T09:13:00;S04;S07;5;0.76;subscriber;scooter;1.10;completed;ok
T004295;2026-10-19T20:37:00;S08;S03;17;3.68;casual;ebike;2.89;completed;ok
T004296;2026-10-19T07:31:00;S03;S02;13;2.44;student;scooter;2.86;completed;ok
T004297;2026-10-19T18:53:00;S01;S05;6;1.05;subscriber;bike;0.66;completed;ok
T004298;2026-10-19T18:26:00;S01;S04;4;0.56;subscriber;scooter;0.88;completed;ok
T004299;2026-10-19T06:18:00;S05;S07;7;1.34;student;ebike;1.19;completed;ok
T004300;2026-10-19T17:39:00;S08;S06;12;2.65;subscriber;scooter;2.64;completed;ok
T004301;2026-10-19T07:58:00;S04;S02;7;0.92;student;bike;0.77;completed;ok
T004302;2026-10-19T10:13:00;S06;S08;13;2.78;student;ebike;2.21;completed;ok
T004303;2026-10-19T11:42:00;S05;S04;10;1.72;subscriber;bike;1.10;completed;ok
T004304;2026-10-19T15:03:00;S02;S04;7;1.06;subscriber;scooter;1.54;completed;ok
T004305;2026-10-19T15:53:00;S02;S07;9;1.50;student;bike;0.99;completed;ok
T004306;2026-10-19T09:22:00;S07;S02;8;1.44;student;scooter;1.76;completed;ok
T004307;2026-10-19T20:23:00;S03;S04;15;3.17;casual;scooter;3.30;completed;ok
T004308;2026-10-19T08:54:00;S06;S03;11;1.64;subscriber;bike;1.21;completed;ok
T004309;2026-10-19T14:29:00;S02;S06;7;1.13;student;bike;0.77;completed;ok
T004310;2026-10-19T17:01:00;S04;S08;6;0.73;student;ebike;1.02;completed;ok
T004311;2026-10-19T18:03:00;S06;S05;11;2.00;subscriber;ebike;1.87;completed;ok
T004312;2026-10-19T17:36:00;S07;S01;5;0.65;casual;bike;0.55;completed;ok
T004313;2026-10-19T13:57:00;S02;S01;7;0.86;student;ebike;1.19;completed;ok
T004314;2026-10-19T13:30:00;S02;S04;6;1.09;student;bike;0.66;completed;ok
T004315;2026-10-19T20:04:00;S08;S06;15;2.71;subscriber;bike;1.65;completed;ok
T004316;2026-10-19T15:30:00;S02;S04;6;1.00;student;ebike;1.02;completed;ok
T004317;2026-10-19T09:25:00;S01;S02;8;0.83;student;bike;0.88;completed;ok
T004318;2026-10-19T09:50:00;S03;S07;21;4.03;casual;bike;2.31;completed;ok
T004319;2026-10-19T15:27:00;S02;S04;7;1.01;student;ebike;1.19;completed;ok
T004320;2026-10-19T07:19:00;S03;S06;11;1.81;casual;bike;1.21;completed;ok
T004321;2026-10-19T09:24:00;S01;S02;7;;student;bike;0.77;completed;missing_distance
T004322;2026-10-19T07:16:00;S06;S02;5;0.99;student;ebike;0.85;completed;ok
T004323;2026-10-19T13:42:00;S02;S07;9;1.43;student;bike;0.99;completed;ok
T004324;2026-10-19T20:15:00;S05;S02;9;1.61;subscriber;bike;0.99;completed;ok
T004325;2026-10-19T07:00:00;S04;S02;6;0.96;student;bike;0.66;completed;ok
T004326;2026-10-19T19:07:00;S01;S06;10;1.73;casual;ebike;1.70;completed;ok
T004327;2026-10-19T07:35:00;S07;S03;18;4.21;subscriber;ebike;3.06;completed;ok
T004328;2026-10-19T10:30:00;S06;S05;13;1.94;subscriber;bike;1.43;completed;ok
T004329;2026-10-19T07:42:00;S07;S02;9;1.45;student;ebike;1.53;completed;ok
T004330;2026-10-19T08:15:00;S04;S02;7;0.88;student;ebike;1.19;completed;ok
T004331;2026-10-19T17:47:00;S05;S01;6;0.99;subscriber;ebike;1.02;completed;ok
T004332;2026-10-19T20:38:00;S04;S05;10;1.78;casual;bike;1.10;completed;ok
T004333;2026-10-19T07:17:00;S04;S05;8;1.68;subscriber;scooter;1.76;completed;ok
T004334;2026-10-19T19:59:00;S07;S03;16;3.55;subscriber;ebike;2.72;completed;ok
T004335;2026-10-19T17:31:00;S01;S08;10;1.25;subscriber;bike;1.10;completed;ok
T004336;2026-10-19T15:05:00;S02;S04;6;0.89;subscriber;ebike;1.02;completed;ok
T004337;2026-10-19T20:18:00;S02;S07;11;1.55;student;bike;1.21;completed;ok
T004338;2026-10-19T15:26:00;S02;S07;8;1.43;student;scooter;1.76;completed;ok
T004339;2026-10-19T08:28:00;S06;S02;6;1.04;student;ebike;1.02;completed;ok
T004340;2026-10-19T13:08:00;S02;S06;6;1.04;student;scooter;1.32;completed;ok
T004341;2026-10-19T07:45:00;S03;S02;14;2.53;student;bike;1.54;completed;ok
T004342;2026-10-19T15:23:00;S07;S01;4;0.70;subscriber;ebike;0.68;completed;ok
T004343;2026-10-19T20:34:00;S07;S06;14;2.43;casual;scooter;3.08;completed;ok
T004344;2026-10-19T15:41:00;S02;S01;7;0.79;student;bike;0.77;completed;ok
T004345;2026-10-19T12:46:00;S07;S05;8;1.24;student;scooter;1.76;completed;ok
T004346;2026-10-19T08:30:00;S03;S02;14;2.46;student;bike;1.54;completed;ok
T004347;2026-10-19T06:09:00;S04;S05;9;1.57;casual;bike;0.99;completed;ok
T004348;2026-10-19T09:32:00;S04;S02;6;1.04;student;bike;0.66;completed;ok
T004349;2026-10-19T08:57:00;S03;S02;14;2.59;student;bike;1.54;completed;ok
T004350;2026-10-19T19:34:00;S08;S06;13;2.93;casual;ebike;2.21;completed;ok
T004351;2026-10-19T15:29:00;S02;S05;9;1.54;student;bike;0.99;completed;ok
T004352;2026-10-19T15:45:00;S02;S07;10;1.39;student;bike;1.10;completed;ok
T004353;2026-10-19T20:31:00;S03;S01;14;2.91;subscriber;scooter;3.08;completed;ok
T004354;2026-10-19T13:39:00;S01;S03;15;3.39;casual;ebike;2.55;completed;ok
T004355;2026-10-19T19:32:00;S01;S03;18;3.22;subscriber;bike;1.98;completed;ok
T004356;2026-10-19T08:48:00;S05;S08;13;2.47;subscriber;bike;1.43;completed;ok
T004357;2026-10-19T13:09:00;S02;S07;8;1.58;student;scooter;1.76;completed;ok
T004358;2026-10-19T21:03:00;S01;S06;10;1.83;student;ebike;1.70;completed;ok
T004359;2026-10-19T15:59:00;S05;S01;7;1.03;subscriber;bike;0.77;completed;ok
T004360;2026-10-19T15:37:00;S02;S08;11;1.64;student;bike;1.21;completed;ok
T004361;2026-10-19T14:12:00;S02;S03;12;2.40;student;scooter;2.64;completed;ok
T004362;2026-10-19T15:47:00;S02;S03;13;2.29;subscriber;bike;1.43;completed;ok
T004363;2026-10-19T20:13:00;S06;S05;10;1.85;subscriber;scooter;2.20;completed;ok
T004364;2026-10-19T15:45:00;S07;S08;8;1.07;casual;bike;0.88;completed;ok
T004365;2026-10-19T17:28:00;S02;S06;7;1.18;subscriber;bike;0.77;completed;ok
T004366;2026-10-19T18:56:00;S01;S04;6;0.66;subscriber;bike;0.66;completed;ok
T004367;2026-10-19T07:38:00;S05;S02;11;1.67;student;bike;1.21;completed;ok
T004368;2026-10-19T09:20:00;S06;S02;7;1.02;student;scooter;1.54;completed;ok
T004369;2026-10-19T07:20:00;S08;S02;10;1.73;student;ebike;1.70;completed;ok
T004370;2026-10-19T07:23:00;S03;S07;17;3.56;subscriber;ebike;2.89;completed;ok
T004371;2026-10-19T08:46:00;S06;S02;9;1.00;student;bike;0.99;completed;ok
T004372;2026-10-19T07:37:00;S01;S04;4;0.62;casual;bike;0.44;completed;ok
T004373;2026-10-19T07:31:00;S07;S02;10;1.53;student;bike;1.10;completed;ok
T004374;2026-10-19T18:08:00;S02;S06;7;1.00;student;bike;0.77;completed;ok
T004375;2026-10-19T09:49:00;S06;S05;10;1.74;subscriber;bike;1.10;completed;ok
T004376;2026-10-19T19:11:00;S02;S06;9;1.15;subscriber;bike;0.99;completed;ok
T004377;2026-10-19T18:42:00;S07;S06;14;2.61;subscriber;scooter;3.08;cancelled;ok
T004378;2026-10-19T14:42:00;S02;S03;14;2.60;student;bike;1.54;completed;ok
T004379;2026-10-19T15:20:00;S02;S05;10;1.50;student;bike;1.10;completed;ok
T004380;2026-10-19T07:23:00;S07;S02;7;1.34;student;scooter;1.54;completed;ok
T004381;2026-10-19T13:37:00;S02;S03;15;2.29;student;bike;1.65;completed;ok
T004382;2026-10-19T18:40:00;S07;S08;6;1.28;student;ebike;1.02;completed;ok
T004383;2026-10-19T14:05:00;S04;S05;9;1.52;subscriber;scooter;1.98;completed;ok
T004384;2026-10-19T20:37:00;S05;S06;12;1.87;subscriber;bike;1.32;completed;ok
T004385;2026-10-19T19:24:00;S07;S03;16;4.09;subscriber;ebike;2.72;completed;ok
T004386;2026-10-19T08:43:00;S03;S02;10;2.19;student;ebike;1.70;completed;ok
T004387;2026-10-19T08:30:00;S06;S02;7;1.07;student;ebike;1.19;completed;ok
T004388;2026-10-19T13:52:00;S02;S06;8;1.11;student;bike;0.88;completed;ok
T004389;2026-10-19T18:05:00;S04;S02;9;0.99;subscriber;bike;0.99;completed;ok
T004390;2026-10-19T13:05:00;S02;S06;7;1.13;student;bike;0.77;completed;ok
T004391;2026-10-19T19:31:00;S01;S02;6;0.74;student;bike;0.66;completed;ok
T004392;2026-10-19T15:43:00;S03;S04;16;3.12;subscriber;scooter;3.52;completed;ok
T004393;2026-10-19T19:39:00;S01;S03;14;3.29;subscriber;scooter;3.08;completed;ok
T004394;2026-10-19T17:23:00;S03;S06;10;1.65;subscriber;bike;1.10;completed;ok
T004395;2026-10-19T20:17:00;S05;S03;20;3.59;subscriber;bike;2.20;completed;ok
T004396;2026-10-19T20:37:00;S03;S01;13;3.28;subscriber;ebike;2.21;completed;ok
T004397;2026-10-19T18:07:00;S02;S05;10;1.60;subscriber;scooter;2.20;completed;ok
T004398;2026-10-19T13:27:00;S07;S01;6;0.67;casual;ebike;1.02;completed;ok
T004399;2026-10-19T07:47:00;S06;S08;16;2.99;casual;bike;1.76;completed;ok
T004400;2026-10-19T17:07:00;S03;S01;17;3.19;subscriber;bike;1.87;completed;ok
T004401;2026-10-19T20:13:00;S07;S03;21;3.90;casual;bike;2.31;completed;ok
T004402;2026-10-19T07:53:00;S05;S02;10;1.69;subscriber;bike;1.10;completed;ok
T004403;2026-10-19T13:49:00;S02;S06;8;1.10;student;bike;0.88;completed;ok
T004404;2026-10-19T09:13:00;S06;S02;9;1.11;student;bike;0.99;completed;ok
T004405;2026-10-19T20:05:00;S02;S05;10;1.63;subscriber;scooter;2.20;completed;ok
T004406;2026-10-19T13:36:00;S02;S07;7;1.49;student;scooter;1.54;completed;ok
T004407;2026-10-19T20:45:00;S01;S05;7;1.00;subscriber;ebike;1.19;completed;ok
T004408;2026-10-19T14:21:00;S02;S08;8;1.50;student;ebike;1.36;completed;ok
T004409;2026-10-19T09:36:00;S03;S02;12;2.44;student;scooter;2.64;completed;ok
T004410;2026-10-19T19:47:00;S06;S07;11;2.45;casual;ebike;1.87;completed;ok
T004411;2026-10-19T15:43:00;S02;S04;6;1.04;student;bike;0.66;completed;ok
T004412;2026-10-19T20:49:00;S01;S04;5;0.57;subscriber;bike;0.55;completed;ok
T004413;2026-10-19T19:54:00;S01;S06;11;1.62;casual;bike;1.21;completed;ok
T004414;2026-10-19T19:24:00;S02;S06;7;1.10;subscriber;ebike;1.19;completed;ok
T004415;2026-10-19T09:40:00;S01;S02;8;0.85;student;bike;0.88;completed;ok
T004416;2026-10-19T19:04:00;S08;S07;9;1.22;subscriber;bike;0.99;completed;ok
T004417;2026-10-19T17:06:00;S06;S08;17;2.79;casual;bike;1.87;completed;ok
T004418;2026-10-19T13:47:00;S02;S05;12;1.59;student;bike;1.32;completed;ok
T004419;2026-10-19T20:57:00;S06;S01;9;1.71;subscriber;ebike;1.53;completed;ok
T004420;2026-10-19T20:42:00;S01;S08;7;1.27;subscriber;scooter;1.54;completed;ok
T004421;2026-10-20T18:44:00;S08;S04;4;0.67;subscriber;scooter;0.88;completed;ok
T004422;2026-10-20T15:01:00;S02;S01;5;0.80;student;ebike;0.85;completed;ok
T004423;2026-10-20T09:36:00;S05;S02;8;1.57;student;scooter;1.76;completed;ok
T004424;2026-10-20T13:01:00;S02;S03;15;2.37;student;bike;1.65;completed;ok
T004425;2026-10-20T19:55:00;S02;S03;12;2.34;subscriber;ebike;2.04;completed;ok
T004426;2026-10-20T19:55:00;S05;S03;19;3.78;subscriber;bike;2.09;completed;ok
T004427;2026-10-20T07:38:00;S06;S07;12;2.36;subscriber;ebike;2.04;completed;ok
T004428;2026-10-20T18:39:00;S07;S04;7;0.72;subscriber;bike;0.77;completed;ok
T004429;2026-10-20T07:43:00;S05;S04;8;1.51;subscriber;ebike;1.36;completed;ok
T004430;2026-10-20T14:57:00;S07;S08;8;1.07;subscriber;bike;0.88;completed;ok
T004431;2026-10-20T19:21:00;S03;S04;21;3.47;subscriber;bike;2.31;completed;ok
T004432;2026-10-20T20:50:00;S02;S07;8;1.37;subscriber;scooter;1.76;completed;ok
T004433;2026-10-20T08:37:00;S07;S02;9;1.39;student;ebike;1.53;completed;ok
T004434;2026-10-20T17:40:00;S07;S05;6;1.21;subscriber;ebike;1.02;completed;ok
T004435;2026-10-20T18:34:00;S06;S02;6;0.98;student;ebike;1.02;completed;ok
T004436;2026-10-20T14:45:00;S02;S04;7;0.96;student;ebike;1.19;completed;ok
T004437;2026-10-20T15:12:00;S02;S06;6;1.07;student;ebike;1.02;completed;ok
T004438;2026-10-20T19:50:00;S02;S01;6;0.78;student;scooter;1.32;completed;ok
T004439;2026-10-20T19:49:00;S07;S05;7;1.28;subscriber;ebike;1.19;completed;ok
T004440;2026-10-20T19:25:00;S06;S04;13;1.86;subscriber;bike;1.43;completed;ok
T004441;2026-10-20T08:03:00;S08;S02;8;1.72;student;ebike;1.36;completed;ok
T004442;2026-10-20T17:30:00;S06;S07;11;2.26;subscriber;ebike;1.87;completed;ok
T004443;2026-10-20T18:44:00;S02;S03;10;2.18;subscriber;scooter;2.20;completed;ok
T004444;2026-10-20T14:41:00;S02;S03;10;2.24;student;ebike;1.70;completed;ok
T004445;2026-10-20T14:50:00;S02;S01;6;0.86;student;scooter;1.32;completed;ok
T004446;2026-10-20T19:14:00;S04;S03;18;3.08;casual;bike;1.98;completed;ok
T004447;2026-10-20T18:59:00;S02;S06;6;1.18;subscriber;ebike;1.02;completed;ok
T004448;2026-10-20T17:33:00;S06;S07;13;2.57;subscriber;ebike;2.21;completed;ok
T004449;2026-10-20T13:25:00;S02;S06;7;1.14;student;ebike;1.19;completed;ok
T004450;2026-10-20T09:32:00;S08;S02;7;1.54;student;ebike;1.19;completed;ok
T004451;2026-10-20T15:41:00;S01;S07;5;0.65;casual;ebike;0.85;completed;ok
T004452;2026-10-20T14:56:00;S02;S06;6;1.13;student;ebike;1.02;completed;ok
T004453;2026-10-20T09:56:00;S03;S02;12;2.14;student;ebike;2.04;completed;ok
T004454;2026-10-20T08:34:00;S03;S02;13;2.39;student;scooter;2.86;completed;ok
T004455;2026-10-20T18:14:00;S06;S08;17;2.87;casual;bike;1.87;completed;ok
T004456;2026-10-20T19:49:00;S07;S03;17;3.68;subscriber;scooter;3.74;completed;ok
T004457;2026-10-20T09:13:00;S08;S02;9;1.68;student;bike;0.99;completed;ok
T004458;2026-10-20T08:22:00;S08;S02;8;1.49;student;scooter;1.76;completed;ok
T004459;2026-10-20T14:07:00;S08;S01;8;1.37;subscriber;scooter;1.76;completed;ok
T004460;2026-10-20T07:23:00;S01;S03;17;2.95;subscriber;bike;1.87;completed;ok
T004461;2026-10-20T20:04:00;S04;S03;15;2.93;subscriber;bike;1.65;completed;ok
T004462;2026-10-20T18:12:00;S02;S07;7;1.36;casual;ebike;1.19;completed;ok
T004463;2026-10-20T15:19:00;S03;S05;22;4.00;subscriber;bike;2.42;completed;ok
T004464;2026-10-20T13:34:00;S02;S06;8;1.20;student;bike;0.88;completed;ok
T004465;2026-10-20T08:37:00;S05;S02;8;1.66;student;ebike;1.36;completed;ok
T004466;2026-10-20T07:05:00;S08;S03;19;3.99;subscriber;scooter;4.18;completed;ok
T004467;2026-10-20T13:54:00;S02;S06;7;1.18;student;bike;0.77;completed;ok
T004468;2026-10-20T08:07:00;S05;S08;11;2.45;subscriber;scooter;2.42;completed;ok
T004469;2026-10-20T19:49:00;S08;S01;10;1.26;student;bike;1.10;completed;ok
T004470;2026-10-20T09:56:00;S03;S02;12;;student;bike;1.32;completed;missing_distance
T004471;2026-10-20T13:25:00;S02;S06;6;1.03;student;scooter;1.32;completed;ok
T004472;2026-10-20T07:56:00;S01;S02;7;0.80;student;ebike;1.19;completed;ok
T004473;2026-10-20T09:48:00;S01;S02;6;0.87;student;scooter;1.32;completed;ok
T004474;2026-10-20T18:17:00;S06;S03;12;1.72;subscriber;bike;1.32;completed;ok
T004475;2026-10-20T08:01:00;S03;S02;11;2.43;student;ebike;1.87;completed;ok
T004476;2026-10-20T19:14:00;S01;S08;6;1.23;subscriber;ebike;1.02;completed;ok
T004477;2026-10-20T08:22:00;S04;S02;6;0.93;student;scooter;1.32;completed;ok
T004478;2026-10-20T15:35:00;S05;S01;6;1.00;subscriber;ebike;1.02;completed;ok
T004479;2026-10-20T09:43:00;S03;S05;16;3.58;casual;ebike;2.72;completed;ok
T004480;2026-10-20T07:23:00;S03;S02;11;2.52;student;ebike;1.87;completed;ok
T004481;2026-10-20T18:30:00;S01;S06;11;1.58;subscriber;bike;1.21;completed;ok
T004482;2026-10-20T15:09:00;S02;S06;6;1.05;student;scooter;1.32;completed;ok
T004483;2026-10-20T14:02:00;S02;S03;10;2.40;student;ebike;1.70;completed;ok
T004484;2026-10-20T15:20:00;S05;S06;9;1.88;casual;ebike;1.53;completed;ok
T004485;2026-10-20T20:37:00;S06;S01;12;1.81;subscriber;bike;1.32;completed;ok
T004486;2026-10-20T13:32:00;S03;S05;15;3.29;subscriber;ebike;2.55;completed;ok
T004487;2026-10-20T08:40:00;S04;S02;7;1.06;student;bike;0.77;completed;ok
T004488;2026-10-20T07:32:00;S07;S02;9;1.45;student;ebike;1.53;completed;ok
T004489;2026-10-20T16:24:00;S01;S07;6;0.69;subscriber;bike;0.66;completed;ok
T004490;2026-10-20T07:46:00;S08;S02;9;1.66;student;ebike;1.53;completed;ok
T004491;2026-10-20T18:14:00;S01;S03;16;3.05;subscriber;bike;1.76;completed;ok
T004492;2026-10-20T08:55:00;S06;S02;8;0.98;student;bike;0.88;completed;ok
T004493;2026-10-20T22:28:00;S06;S02;7;1.12;subscriber;scooter;1.54;cancelled;ok
T004494;2026-10-20T20:02:00;S05;S02;9;1.42;subscriber;ebike;1.53;completed;ok
T004495;2026-10-20T14:31:00;S02;S08;8;1.62;student;ebike;1.36;completed;ok
T004496;2026-10-20T18:12:00;S02;S06;7;1.19;subscriber;bike;0.77;completed;ok
T004497;2026-10-20T14:22:00;S06;S07;12;2.28;casual;scooter;2.64;completed;ok
T004498;2026-10-20T09:53:00;S06;S02;7;1.16;subscriber;ebike;1.19;completed;ok
T004499;2026-10-20T09:49:00;S03;S02;15;2.57;student;bike;1.65;completed;ok
T004500;2026-10-20T17:31:00;S04;S01;4;0.63;subscriber;scooter;0.88;completed;ok
T004501;2026-10-20T09:45:00;S08;S07;8;1.12;casual;bike;0.88;completed;ok
T004502;2026-10-20T22:25:00;S03;S07;19;4.21;subscriber;ebike;3.23;completed;ok
T004503;2026-10-20T09:06:00;S06;S02;6;1.09;student;ebike;1.02;completed;ok
T004504;2026-10-20T07:04:00;S01;S06;7;1.60;subscriber;ebike;1.19;completed;ok
T004505;2026-10-20T17:10:00;S06;S07;11;2.34;casual;scooter;2.42;completed;ok
T004506;2026-10-20T09:18:00;S01;S08;8;1.22;subscriber;bike;0.88;completed;ok
T004507;2026-10-20T09:00:00;S06;S02;7;1.04;student;bike;0.77;completed;ok
T004508;2026-10-20T19:46:00;S08;S01;9;1.42;subscriber;ebike;1.53;completed;ok
T004509;2026-10-20T06:17:00;S02;S01;6;0.89;subscriber;bike;0.66;completed;ok
T004510;2026-10-20T12:29:00;S03;S08;17;3.85;subscriber;ebike;2.89;completed;ok
T004511;2026-10-20T16:40:00;S01;S06;9;1.55;casual;bike;0.99;completed;ok
T004512;2026-10-20T07:10:00;S01;S02;6;0.79;student;scooter;1.32;completed;ok
T004513;2026-10-20T07:10:00;S05;S02;11;1.47;student;bike;1.21;completed;ok
T004514;2026-10-20T09:25:00;S03;S02;10;2.37;student;ebike;1.70;completed;ok
T004515;2026-10-20T15:07:00;S03;S02;11;2.33;subscriber;scooter;2.42;completed;ok
T004516;2026-10-20T20:59:00;S07;S04;6;0.69;casual;bike;0.66;completed;ok
T004517;2026-10-20T13:26:00;S02;S04;9;1.08;student;bike;0.99;completed;ok
T004518;2026-10-20T18:06:00;S04;S05;10;1.77;subscriber;ebike;1.70;completed;ok
T004519;2026-10-20T19:13:00;S07;S03;17;3.86;subscriber;ebike;2.89;completed;ok
T004520;2026-10-20T20:45:00;S08;S01;7;1.30;subscriber;bike;0.77;completed;ok
T004521;2026-10-20T09:58:00;S04;S02;7;0.88;student;scooter;1.54;completed;ok
T004522;2026-10-20T07:26:00;S06;S02;8;0.97;student;scooter;1.76;completed;ok
T004523;2026-10-20T20:24:00;S08;S07;6;1.19;subscriber;ebike;1.02;completed;ok
T004524;2026-10-20T14:43:00;S02;S05;8;1.50;student;ebike;1.36;completed;ok
T004525;2026-10-20T13:02:00;S02;S04;6;0.90;student;ebike;1.02;completed;ok
T004526;2026-10-20T13:55:00;S02;S01;5;0.90;student;ebike;0.85;completed;ok
T004527;2026-10-20T19:01:00;S02;S03;14;2.58;subscriber;bike;1.54;completed;ok
T004528;2026-10-20T08:25:00;S06;S02;5;1.03;student;ebike;0.85;completed;ok
T004529;2026-10-20T14:39:00;S02;S03;11;2.16;student;ebike;1.87;completed;ok
T004530;2026-10-20T07:11:00;S07;S02;7;1.47;student;ebike;1.19;completed;ok
T004531;2026-10-20T19:09:00;S05;S02;8;1.58;student;scooter;1.76;completed;ok
T004532;2026-10-20T08:21:00;S06;S02;5;0.98;student;scooter;1.10;completed;ok
T004533;2026-10-20T14:56:00;S02;S05;11;1.62;student;bike;1.21;completed;ok
T004534;2026-10-20T20:02:00;S03;S06;13;1.94;student;bike;1.43;completed;ok
T004535;2026-10-20T22:18:00;S05;S04;10;1.69;subscriber;bike;1.10;completed;ok
T004536;2026-10-20T08:46:00;S01;S02;6;0.84;student;ebike;1.02;completed;ok
T004537;2026-10-20T06:53:00;S07;S04;7;0.76;subscriber;bike;0.77;completed;ok
T004538;2026-10-20T17:59:00;S04;S02;5;1.02;subscriber;ebike;0.85;completed;ok
T004539;2026-10-21T13:18:00;S07;S03;17;4.13;subscriber;ebike;2.89;completed;ok
T004540;2026-10-21T15:53:00;S02;S05;7;1.43;student;ebike;1.19;completed;ok
T004541;2026-10-21T09:14:00;S06;S02;6;1.02;student;scooter;1.32;completed;ok
T004542;2026-10-21T17:10:00;S02;S08;10;1.73;subscriber;ebike;1.70;completed;ok
T004543;2026-10-21T20:36:00;S03;S04;18;3.05;subscriber;bike;1.98;completed;ok
T004544;2026-10-21T17:48:00;S01;S07;5;0.67;subscriber;ebike;0.85;completed;ok
T004545;2026-10-21T14:37:00;S01;S06;11;1.65;casual;bike;1.21;completed;ok
T004546;2026-10-21T13:41:00;S02;S04;7;0.88;student;ebike;1.19;completed;ok
T004547;2026-10-21T07:52:00;S05;S02;9;1.51;student;bike;0.99;completed;ok
T004548;2026-10-21T13:25:00;S01;S02;7;0.85;subscriber;ebike;1.19;completed;ok
T004549;2026-10-21T17:49:00;S01;S07;6;0.71;subscriber;bike;0.66;completed;ok
T004550;2026-10-21T07:46:00;S06;S02;8;1.00;student;bike;0.88;completed;ok
T004551;2026-10-21T18:24:00;S03;S08;16;3.47;casual;ebike;2.72;completed;ok
T004552;2026-10-21T14:42:00;S07;S05;9;1.26;subscriber;bike;0.99;completed;ok
T004553;2026-10-21T13:53:00;S02;S04;6;0.97;student;ebike;1.02;completed;ok
T004554;2026-10-21T20:29:00;S05;S04;10;1.83;subscriber;bike;1.10;completed;ok
T004555;2026-10-21T15:10:00;S02;S03;9;2.14;student;ebike;1.53;completed;ok
T004556;2026-10-21T20:16:00;S02;S05;9;1.68;casual;scooter;1.98;completed;ok
T004557;2026-10-21T14:36:00;S02;S03;14;2.23;subscriber;bike;1.54;completed;ok
T004558;2026-10-21T08:07:00;S08;S02;12;1.71;student;bike;1.32;completed;ok
T004559;2026-10-21T09:48:00;S08;S02;9;1.52;student;bike;0.99;completed;ok
T004560;2026-10-21T13:42:00;S02;S01;6;0.84;student;scooter;1.32;completed;ok
T004561;2026-10-21T09:13:00;S03;S02;11;2.30;student;ebike;1.87;completed;ok
T004562;2026-10-21T14:24:00;S02;S03;12;2.27;student;ebike;2.04;completed;ok
T004563;2026-10-21T21:15:00;S07;S05;7;1.19;subscriber;scooter;1.54;completed;ok
T004564;2026-10-21T09:26:00;S04;S08;7;0.77;casual;bike;0.77;completed;ok
T004565;2026-10-21T19:59:00;S04;S07;6;0.72;subscriber;bike;0.66;completed;ok
T004566;2026-10-21T19:13:00;S02;S07;9;1.60;subscriber;bike;0.99;completed;ok
T004567;2026-10-21T20:03:00;S02;S03;15;2.62;subscriber;bike;1.65;completed;ok
T004568;2026-10-21T07:29:00;S05;S04;9;1.51;subscriber;ebike;1.53;completed;ok
T004569;2026-10-21T13:54:00;S02;S04;7;0.96;student;bike;0.77;completed;ok
T004570;2026-10-21T15:21:00;S06;S03;11;1.90;subscriber;bike;1.21;completed;ok
T004571;2026-10-21T09:21:00;S03;S02;12;2.39;student;scooter;2.64;completed;ok
T004572;2026-10-21T19:29:00;S05;S03;21;3.71;subscriber;bike;2.31;completed;ok
T004573;2026-10-21T20:16:00;S02;S05;10;1.57;student;bike;1.10;completed;ok
T004574;2026-10-21T19:51:00;S02;S04;6;1.03;casual;ebike;1.02;completed;ok
T004575;2026-10-21T09:46:00;S05;S02;9;1.60;student;ebike;1.53;cancelled;ok
T004576;2026-10-21T15:43:00;S02;S08;8;1.51;student;scooter;1.76;completed;ok
T004577;2026-10-21T08:55:00;S03;S02;13;2.42;student;scooter;2.86;completed;ok
T004578;2026-10-21T07:43:00;S08;S05;14;2.29;subscriber;bike;1.54;completed;ok
T004579;2026-10-21T09:02:00;S07;S02;8;1.46;student;bike;0.88;completed;ok
T004580;2026-10-21T14:55:00;S02;S06;7;1.14;student;bike;0.77;completed;ok
T004581;2026-10-21T08:59:00;S01;S06;10;1.74;casual;ebike;1.70;completed;ok
T004582;2026-10-21T16:20:00;S07;S02;9;1.49;student;scooter;1.98;completed;ok
T004583;2026-10-21T14:56:00;S02;S07;7;1.55;student;ebike;1.19;completed;ok
T004584;2026-10-21T18:49:00;S02;S05;9;1.54;subscriber;bike;0.99;completed;ok
T004585;2026-10-21T07:57:00;S08;S02;7;1.48;student;ebike;1.19;completed;ok
T004586;2026-10-21T19:53:00;S07;S08;8;1.16;casual;bike;0.88;completed;ok
T004587;2026-10-21T09:36:00;S03;S08;14;3.55;subscriber;ebike;2.38;completed;ok
T004588;2026-10-21T08:18:00;S07;S02;7;1.31;student;scooter;1.54;completed;ok
T004589;2026-10-21T12:29:00;S03;S04;16;3.52;subscriber;ebike;2.72;completed;ok
T004590;2026-10-21T07:56:00;S04;S02;7;1.00;student;bike;0.77;completed;ok
T004591;2026-10-21T14:22:00;S02;S06;7;1.14;student;scooter;1.54;cancelled;ok
T004592;2026-10-21T08:19:00;S03;S02;10;2.31;student;scooter;2.20;completed;ok
T004593;2026-10-21T20:33:00;S03;S02;12;2.25;subscriber;scooter;2.64;completed;ok
T004594;2026-10-21T08:58:00;S06;S02;7;1.19;student;ebike;1.19;completed;ok
T004595;2026-10-21T09:16:00;S07;S02;8;1.57;student;ebike;1.36;completed;ok
T004596;2026-10-21T07:13:00;S03;S02;10;2.25;student;ebike;1.70;completed;ok
T004597;2026-10-21T09:26:00;S03;S02;12;2.57;student;ebike;2.04;completed;ok
T004598;2026-10-21T15:32:00;S08;S03;19;3.97;subscriber;scooter;4.18;completed;ok
T004599;2026-10-21T19:31:00;S06;S04;13;1.89;subscriber;bike;1.43;completed;ok
T004600;2026-10-21T13:18:00;S01;S04;6;0.57;subscriber;scooter;1.32;completed;ok
T004601;2026-10-21T15:55:00;S02;S08;8;1.66;subscriber;ebike;1.36;completed;ok
T004602;2026-10-21T19:31:00;S02;S08;10;1.73;student;bike;1.10;completed;ok
T004603;2026-10-21T06:36:00;S04;S08;6;0.77;student;bike;0.66;completed;ok
T004604;2026-10-21T19:39:00;S07;S06;14;2.23;casual;bike;1.54;completed;ok
T004605;2026-10-21T09:14:00;S04;S08;6;0.78;casual;bike;0.66;completed;ok
T004606;2026-10-21T17:49:00;S07;S04;6;0.75;subscriber;scooter;1.32;cancelled;ok
T004607;2026-10-21T12:56:00;S07;S08;7;1.24;student;bike;0.77;completed;ok
T004608;2026-10-21T20:20:00;S04;S08;6;0.76;subscriber;ebike;1.02;completed;ok
T004609;2026-10-21T09:12:00;S07;S02;8;1.41;student;ebike;1.36;completed;ok
T004610;2026-10-21T14:02:00;S06;S03;10;1.66;subscriber;bike;1.10;completed;ok
T004611;2026-10-21T15:37:00;S07;S08;6;1.28;subscriber;scooter;1.32;completed;ok
T004612;2026-10-21T07:18:00;S03;S02;9;2.18;student;ebike;1.53;completed;ok
T004613;2026-10-21T17:04:00;S07;S05;8;1.35;student;bike;0.88;completed;ok
T004614;2026-10-21T11:39:00;S01;S07;5;0.73;subscriber;bike;0.55;completed;ok
T004615;2026-10-21T13:56:00;S02;S06;9;1.07;student;bike;0.99;completed;ok
T004616;2026-10-21T14:54:00;S02;S08;10;1.60;student;bike;1.10;completed;ok
T004617;2026-10-21T19:44:00;S05;S04;8;1.78;student;scooter;1.76;completed;ok
T004618;2026-10-21T07:29:00;S01;S08;9;1.37;casual;scooter;1.98;completed;ok
T004619;2026-10-21T16:57:00;S07;S06;11;;subscriber;ebike;1.87;completed;missing_distance
T004620;2026-10-21T20:39:00;S05;S02;6;1.43;subscriber;ebike;1.02;completed;ok
T004621;2026-10-21T17:32:00;S03;S05;20;3.55;subscriber;bike;2.20;cancelled;ok
T004622;2026-10-21T09:27:00;S04;S02;5;0.96;subscriber;ebike;0.85;completed;ok
T004623;2026-10-21T13:05:00;S02;S03;11;2.28;student;scooter;2.42;cancelled;ok
T004624;2026-10-21T07:17:00;S02;S08;7;1.62;subscriber;scooter;1.54;completed;ok
T004625;2026-10-21T13:39:00;S02;S05;10;1.68;student;bike;1.10;completed;ok
T004626;2026-10-21T18:23:00;S03;S04;15;3.11;subscriber;scooter;3.30;completed;ok
T004627;2026-10-21T17:13:00;S08;S05;11;2.34;casual;ebike;1.87;completed;ok
T004628;2026-10-21T13:07:00;S02;S03;10;2.28;student;ebike;1.70;completed;ok
T004629;2026-10-21T19:56:00;S04;S05;11;1.83;casual;scooter;2.42;completed;ok
T004630;2026-10-21T20:35:00;S02;S06;9;1.12;subscriber;bike;0.99;completed;ok
T004631;2026-10-21T08:17:00;S05;S06;12;1.87;subscriber;bike;1.32;completed;ok
T004632;2026-10-21T15:51:00;S02;S03;15;2.47;student;bike;1.65;completed;ok
T004633;2026-10-21T07:50:00;S07;S03;16;3.81;subscriber;ebike;2.72;completed;ok
T004634;2026-10-21T07:36:00;S05;S02;8;1.63;student;ebike;1.36;completed;ok
T004635;2026-10-21T09:02:00;S03;S02;10;2.48;student;ebike;1.70;completed;ok
T004636;2026-10-21T19:59:00;S01;S06;11;1.74;subscriber;bike;1.21;completed;ok
T004637;2026-10-21T20:11:00;S01;S07;5;0.72;subscriber;ebike;0.85;completed;ok
T004638;2026-10-21T18:22:00;S04;S03;18;3.08;subscriber;bike;1.98;completed;ok
T004639;2026-10-21T07:49:00;S07;S02;8;1.33;student;ebike;1.36;completed;ok
T004640;2026-10-21T09:11:00;S07;S04;4;0.82;casual;scooter;0.88;completed;ok
T004641;2026-10-21T19:17:00;S02;S01;5;0.89;subscriber;scooter;1.10;completed;ok
T004642;2026-10-21T13:05:00;S02;S03;11;2.36;student;ebike;1.87;completed;ok
T004643;2026-10-21T14:02:00;S02;S06;7;1.00;student;scooter;1.54;completed;ok
T004644;2026-10-21T13:50:00;S02;S07;8;1.40;student;bike;0.88;completed;ok
T004645;2026-10-21T10:23:00;S01;S04;4;0.66;subscriber;bike;0.44;completed;ok
T004646;2026-10-21T18:32:00;S01;S04;5;0.60;subscriber;bike;0.55;completed;ok
T004647;2026-10-21T19:50:00;S03;S02;10;2.14;casual;scooter;2.20;completed;ok
T004648;2026-10-21T09:50:00;S07;S02;9;1.34;student;bike;0.99;completed;ok
T004649;2026-10-21T13:25:00;S02;S06;8;0.98;student;bike;0.88;completed;ok
T004650;2026-10-21T07:04:00;S04;S02;7;1.01;student;bike;0.77;completed;ok
T004651;2026-10-21T17:52:00;S02;S07;10;1.52;casual;bike;1.10;completed;ok
T004652;2026-10-21T08:29:00;S08;S03;22;3.73;subscriber;bike;2.42;completed;ok
T004653;2026-10-21T18:18:00;S07;S01;5;0.65;subscriber;scooter;1.10;completed;ok
T004654;2026-10-21T19:31:00;S01;S03;13;3.09;subscriber;ebike;2.21;completed;ok
T004655;2026-10-21T13:18:00;S02;S03;10;2.34;student;ebike;1.70;completed;ok
T004656;2026-10-21T19:59:00;S01;S05;9;1.16;subscriber;scooter;1.98;completed;ok
T004657;2026-10-21T16:42:00;S07;S06;14;2.29;subscriber;bike;1.54;completed;ok
T004658;2026-10-21T17:52:00;S01;S08;9;1.43;casual;bike;0.99;completed;ok
T004659;2026-10-21T07:59:00;S01;S02;6;0.87;student;bike;0.66;completed;ok
T004660;2026-10-21T17:51:00;S02;S08;8;1.74;subscriber;scooter;1.76;completed;ok
T004661;2026-10-21T15:53:00;S02;S01;7;0.84;student;ebike;1.19;completed;ok
T004662;2026-10-21T18:29:00;S07;S06;12;2.31;student;ebike;2.04;completed;ok
T004663;2026-10-21T09:27:00;S04;S02;7;0.93;student;bike;0.77;completed;ok
T004664;2026-10-21T14:51:00;S03;S08;22;3.85;subscriber;bike;2.42;completed;ok
T004665;2026-10-21T18:10:00;S06;S04;12;1.94;subscriber;bike;1.32;completed;ok
T004666;2026-10-21T08:39:00;S07;S05;8;1.34;subscriber;bike;0.88;completed;ok
T004667;2026-10-21T15:33:00;S02;S03;14;2.48;student;bike;1.54;completed;ok
T004668;2026-10-21T08:01:00;S04;S02;6;0.89;student;scooter;1.32;completed;ok
T004669;2026-10-21T17:46:00;S07;S08;7;1.18;casual;ebike;1.19;completed;ok
T004670;2026-10-21T17:17:00;S07;S02;8;1.31;subscriber;bike;0.88;completed;ok
T004671;2026-10-21T14:49:00;S05;S08;12;2.18;subscriber;scooter;2.64;completed;ok
T004672;2026-10-21T19:37:00;S03;S02;11;2.23;casual;ebike;1.87;completed;ok
T004673;2026-10-21T07:10:00;S03;S02;14;2.62;student;scooter;3.08;completed;ok
T004674;2026-10-21T17:07:00;S01;S08;8;1.39;subscriber;ebike;1.36;completed;ok
T004675;2026-10-21T20:58:00;S06;S03;12;1.92;subscriber;bike;1.32;completed;ok
T004676;2026-10-21T14:44:00;S02;S03;14;2.49;student;bike;1.54;completed;ok
T004677;2026-10-21T07:52:00;S05;S02;9;1.66;student;ebike;1.53;completed;ok
T004678;2026-10-21T07:08:00;S04;S02;7;0.98;student;bike;0.77;completed;ok
T004679;2026-10-21T18:24:00;S03;S04;15;3.36;casual;ebike;2.55;completed;ok
T004680;2026-10-21T19:17:00;S01;S07;6;0.65;casual;ebike;1.02;completed;ok
T004681;2026-10-21T08:02:00;S07;S02;9;1.61;student;bike;0.99;completed;ok
T004682;2026-10-21T14:04:00;S02;S03;12;2.60;student;scooter;2.64;completed;ok
T004683;2026-10-21T08:52:00;S07;S02;8;1.40;student;ebike;1.36;completed;ok
T004684;2026-10-21T17:19:00;S06;S03;10;1.86;subscriber;scooter;2.20;completed;ok
T004685;2026-10-21T15:10:00;S02;S04;6;1.04;subscriber;ebike;1.02;completed;ok
T004686;2026-10-21T19:35:00;S02;S03;9;2.16;student;ebike;1.53;completed;ok
T004687;2026-10-21T18:14:00;S02;S07;9;1.40;subscriber;ebike;1.53;completed;ok
T004688;2026-10-21T09:05:00;S07;S08;8;1.20;subscriber;bike;0.88;completed;ok
T004689;2026-10-21T19:11:00;S06;S03;10;1.99;subscriber;ebike;1.70;completed;ok
T004690;2026-10-21T19:51:00;S04;S06;13;1.85;student;bike;1.43;completed;ok
T004691;2026-10-22T20:26:00;S04;S06;9;1.90;casual;ebike;1.53;completed;ok
T004692;2026-10-22T08:32:00;S04;S02;5;0.95;student;ebike;0.85;completed;ok
T004693;2026-10-22T14:23:00;S02;S03;11;2.31;student;ebike;1.87;completed;ok
T004694;2026-10-22T18:11:00;S04;S05;8;1.72;subscriber;ebike;1.36;completed;ok
T004695;2026-10-22T15:33:00;S03;S01;18;3.40;casual;bike;1.98;completed;ok
T004696;2026-10-22T17:20:00;S07;S01;5;0.61;casual;bike;0.55;completed;ok
T004697;2026-10-22T14:42:00;S02;S06;6;1.08;student;bike;0.66;completed;ok
T004698;2026-10-22T22:26:00;S04;S07;7;0.80;subscriber;bike;0.77;completed;ok
T004699;2026-10-22T12:35:00;S04;S02;7;1.08;student;bike;0.77;completed;ok
T004700;2026-10-22T13:54:00;S02;S04;8;1.00;student;bike;0.88;completed;ok
T004701;2026-10-22T08:10:00;S04;S08;7;0.72;casual;bike;0.77;completed;ok
T004702;2026-10-22T20:05:00;S02;S08;8;1.68;casual;scooter;1.76;completed;ok
T004703;2026-10-22T13:23:00;S02;S05;9;1.54;student;ebike;1.53;completed;ok
T004704;2026-10-22T20:19:00;S02;S06;8;1.07;casual;bike;0.88;completed;ok
T004705;2026-10-22T07:20:00;S01;S02;5;0.88;student;bike;0.55;completed;ok
T004706;2026-10-22T08:23:00;S06;S02;6;1.04;student;scooter;1.32;completed;ok
T004707;2026-10-22T11:20:00;S05;S04;9;1.78;subscriber;scooter;1.98;completed;ok
T004708;2026-10-22T18:28:00;S04;S03;17;3.32;subscriber;scooter;3.74;completed;ok
T004709;2026-10-22T15:59:00;S04;S01;5;0.55;subscriber;ebike;0.85;completed;ok
T004710;2026-10-22T13:01:00;S02;S06;8;1.10;student;bike;0.88;completed;ok
T004711;2026-10-22T07:56:00;S06;S02;7;1.10;student;ebike;1.19;completed;ok
T004712;2026-10-22T17:46:00;S08;S05;12;2.49;subscriber;ebike;2.04;completed;ok
T004713;2026-10-22T17:03:00;S07;S05;8;1.25;subscriber;bike;0.88;completed;ok
T004714;2026-10-22T20:02:00;S01;S02;6;0.80;subscriber;bike;0.66;completed;ok
T004715;2026-10-22T13:08:00;S06;S08;14;2.68;casual;bike;1.54;completed;ok
T004716;2026-10-22T20:35:00;S03;S08;20;3.61;casual;bike;2.20;completed;ok
T004717;2026-10-22T07:08:00;S02;S03;12;2.23;casual;scooter;2.64;completed;ok
T004718;2026-10-22T14:07:00;S07;S08;8;1.18;subscriber;scooter;1.76;completed;ok
T004719;2026-10-22T15:46:00;S02;S07;7;1.40;student;ebike;1.19;completed;ok
T004720;2026-10-22T08:45:00;S07;S02;8;1.59;student;ebike;1.36;completed;ok
T004721;2026-10-22T16:58:00;S05;S08;14;2.24;subscriber;bike;1.54;completed;ok
T004722;2026-10-22T08:47:00;S06;S02;6;1.11;student;bike;0.66;completed;ok
T004723;2026-10-22T14:40:00;S02;S07;11;1.48;subscriber;bike;1.21;completed;ok
T004724;2026-10-22T18:08:00;S05;S08;15;2.30;casual;bike;1.65;completed;ok
T004725;2026-10-22T14:43:00;S02;S04;8;0.97;student;bike;0.88;cancelled;ok
T004726;2026-10-22T09:16:00;S07;S02;10;1.52;student;bike;1.10;completed;ok
T004727;2026-10-22T15:49:00;S02;S03;14;2.62;student;bike;1.54;completed;ok
T004728;2026-10-22T18:54:00;S03;S01;17;3.03;subscriber;bike;1.87;completed;ok
T004729;2026-10-22T09:05:00;S05;S06;12;1.96;subscriber;bike;1.32;completed;ok
T004730;2026-10-22T08:12:00;S02;S04;8;1.04;subscriber;bike;0.88;completed;ok
T004731;2026-10-22T20:51:00;S07;S06;11;2.24;casual;ebike;1.87;completed;ok
T004732;2026-10-22T19:59:00;S07;S04;5;0.72;subscriber;ebike;0.85;completed;ok
T004733;2026-10-22T15:37:00;S02;S03;13;2.38;student;scooter;2.86;completed;ok
T004734;2026-10-22T08:24:00;S06;S02;7;1.17;student;ebike;1.19;completed;ok
T004735;2026-10-22T18:25:00;S04;S06;13;2.05;subscriber;bike;1.43;completed;ok
T004736;2026-10-22T17:18:00;S03;S04;16;3.36;student;scooter;3.52;completed;ok
T004737;2026-10-22T13:22:00;S02;S03;11;2.15;student;scooter;2.42;completed;ok
T004738;2026-10-22T14:28:00;S02;S04;8;0.89;student;bike;0.88;completed;ok
T004739;2026-10-22T20:18:00;S08;S02;8;1.57;casual;ebike;1.36;completed;ok
T004740;2026-10-22T17:58:00;S03;S04;14;3.50;casual;ebike;2.38;completed;ok
T004741;2026-10-22T13:21:00;S02;S06;8;1.07;student;bike;0.88;completed;ok
T004742;2026-10-22T09:41:00;S07;S02;10;1.59;student;bike;1.10;completed;ok
T004743;2026-10-22T18:07:00;S01;S05;6;0.97;subscriber;ebike;1.02;completed;ok
T004744;2026-10-22T14:46:00;S06;S03;10;1.67;subscriber;ebike;1.70;completed;ok
T004745;2026-10-22T14:19:00;S02;S04;6;0.95;student;ebike;1.02;completed;ok
T004746;2026-10-22T18:36:00;S05;S08;15;2.47;subscriber;bike;1.65;completed;ok
T004747;2026-10-22T19:23:00;S04;S02;7;1.09;subscriber;scooter;1.54;completed;ok
T004748;2026-10-22T14:54:00;S02;S03;11;2.22;student;ebike;1.87;completed;ok
T004749;2026-10-22T08:19:00;S01;S05;8;0.97;subscriber;bike;0.88;completed;ok
T004750;2026-10-22T20:23:00;S06;S03;10;1.65;casual;bike;1.10;completed;ok
T004751;2026-10-22T09:52:00;S05;S02;8;1.51;student;scooter;1.76;completed;ok
T004752;2026-10-22T18:33:00;S02;S08;9;1.53;student;bike;0.99;completed;ok
T004753;2026-10-22T06:16:00;S01;S07;4;0.63;subscriber;ebike;0.68;completed;ok
T004754;2026-10-22T19:29:00;S01;S02;6;0.86;subscriber;bike;0.66;completed;ok
T004755;2026-10-22T13:08:00;S02;S07;9;1.47;student;bike;0.99;completed;ok
T004756;2026-10-22T07:44:00;S07;S02;11;1.53;student;bike;1.21;completed;ok
T004757;2026-10-22T07:40:00;S04;S02;7;1.01;student;bike;0.77;completed;ok
T004758;2026-10-22T09:19:00;S01;S04;6;0.64;casual;ebike;1.02;completed;ok
T004759;2026-10-22T19:01:00;S02;S08;8;1.78;subscriber;ebike;1.36;completed;ok
T004760;2026-10-22T19:26:00;S06;S07;13;2.58;casual;scooter;2.86;completed;ok
T004761;2026-10-22T07:56:00;S04;S01;5;0.61;subscriber;bike;0.55;completed;ok
T004762;2026-10-22T18:41:00;S04;S06;10;2.07;student;scooter;2.20;completed;ok
T004763;2026-10-22T19:07:00;S07;S08;8;1.08;student;bike;0.88;completed;ok
T004764;2026-10-22T09:27:00;S06;S02;10;1.18;student;bike;1.10;completed;ok
T004765;2026-10-22T14:50:00;S02;S04;8;1.02;student;bike;0.88;completed;ok
T004766;2026-10-22T10:09:00;S03;S07;18;3.44;student;bike;1.98;completed;ok
T004767;2026-10-22T19:24:00;S08;S04;5;0.74;subscriber;scooter;1.10;completed;ok
T004768;2026-10-22T14:24:00;S04;S08;5;;subscriber;bike;0.55;completed;missing_distance
T004769;2026-10-22T15:40:00;S02;S03;13;2.30;student;bike;1.43;completed;ok
T004770;2026-10-22T17:21:00;S01;S07;5;0.70;subscriber;bike;0.55;completed;ok
T004771;2026-10-22T20:35:00;S01;S02;6;0.90;casual;scooter;1.32;completed;ok
T004772;2026-10-22T14:38:00;S02;S06;8;1.07;student;bike;0.88;completed;ok
T004773;2026-10-22T14:34:00;S02;S04;6;0.95;student;bike;0.66;completed;ok
T004774;2026-10-22T08:20:00;S01;S08;6;1.40;subscriber;ebike;1.02;completed;ok
T004775;2026-10-22T19:40:00;S03;S06;11;1.79;subscriber;bike;1.21;completed;ok
T004776;2026-10-22T09:34:00;S06;S02;7;1.15;student;scooter;1.54;completed;ok
T004777;2026-10-22T14:29:00;S02;S06;8;1.20;student;bike;0.88;completed;ok
T004778;2026-10-22T14:57:00;S02;S08;10;1.52;student;scooter;2.20;completed;ok
T004779;2026-10-22T08:28:00;S06;S07;14;2.20;subscriber;bike;1.54;completed;ok
T004780;2026-10-22T15:35:00;S01;S04;4;0.57;subscriber;scooter;0.88;completed;ok
T004781;2026-10-22T15:57:00;S02;S07;8;1.37;student;ebike;1.36;completed;ok
T004782;2026-10-22T13:54:00;S02;S01;6;0.76;student;ebike;1.02;completed;ok
T004783;2026-10-22T08:37:00;S06;S02;7;1.14;student;bike;0.77;completed;ok
T004784;2026-10-22T15:54:00;S02;S03;13;2.23;student;bike;1.43;completed;ok
T004785;2026-10-22T17:03:00;S07;S06;12;2.50;subscriber;scooter;2.64;completed;ok
T004786;2026-10-22T19:33:00;S08;S07;7;1.17;casual;bike;0.77;completed;ok
T004787;2026-10-22T06:10:00;S07;S06;15;2.51;subscriber;bike;1.65;completed;ok
T004788;2026-10-22T07:55:00;S08;S02;9;1.74;student;scooter;1.98;completed;ok
T004789;2026-10-22T08:39:00;S01;S02;6;0.75;student;ebike;1.02;completed;ok
T004790;2026-10-22T07:12:00;S01;S02;6;0.79;student;ebike;1.02;completed;ok
T004791;2026-10-22T07:30:00;S04;S02;5;0.94;student;ebike;0.85;completed;ok
T004792;2026-10-22T17:50:00;S02;S01;6;0.79;casual;bike;0.66;completed;ok
T004793;2026-10-22T22:54:00;S05;S02;11;1.69;student;bike;1.21;completed;ok
T004794;2026-10-22T15:55:00;S02;S03;10;2.27;subscriber;ebike;1.70;completed;ok
T004795;2026-10-22T17:01:00;S06;S01;11;1.71;student;bike;1.21;completed;ok
T004796;2026-10-22T20:14:00;S06;S02;7;1.17;casual;ebike;1.19;completed;ok
T004797;2026-10-22T15:30:00;S02;S06;6;1.04;student;scooter;1.32;completed;ok
T004798;2026-10-22T09:36:00;S06;S02;9;1.20;student;bike;0.99;completed;ok
T004799;2026-10-22T18:55:00;S02;S08;8;1.62;subscriber;ebike;1.36;completed;ok
T004800;2026-10-22T09:32:00;S06;S02;7;1.07;student;ebike;1.19;completed;ok
T004801;2026-10-22T13:13:00;S02;S03;12;2.52;student;scooter;2.64;completed;ok
T004802;2026-10-22T15:58:00;S07;S04;7;0.68;subscriber;bike;0.77;completed;ok
T004803;2026-10-22T15:17:00;S02;S07;9;1.53;student;bike;0.99;completed;ok
T004804;2026-10-22T07:16:00;S04;S02;6;1.04;student;scooter;1.32;completed;ok
T004805;2026-10-22T06:48:00;S03;S06;8;1.81;casual;ebike;1.36;completed;ok
T004806;2026-10-22T14:25:00;S02;S05;10;1.47;student;bike;1.10;completed;ok
T004807;2026-10-22T18:59:00;S04;S06;10;2.14;subscriber;scooter;2.20;completed;ok
T004808;2026-10-22T08:39:00;S06;S02;8;1.01;student;bike;0.88;completed;ok
T004809;2026-10-22T07:45:00;S05;S02;9;1.63;student;ebike;1.53;completed;ok
T004810;2026-10-22T15:08:00;S02;S04;8;0.97;student;bike;0.88;completed;ok
T004811;2026-10-22T20:00:00;S06;S05;11;1.93;subscriber;ebike;1.87;completed;ok
T004812;2026-10-22T18:42:00;S03;S02;9;2.17;subscriber;ebike;1.53;completed;ok
T004813;2026-10-22T08:49:00;S06;S02;7;1.08;student;ebike;1.19;completed;ok
T004814;2026-10-22T11:40:00;S04;S03;16;3.49;student;scooter;3.52;completed;ok
T004815;2026-10-22T17:23:00;S07;S03;22;3.96;subscriber;bike;2.42;completed;ok
T004816;2026-10-22T13:34:00;S02;S06;6;1.11;student;ebike;1.02;completed;ok
T004817;2026-10-22T09:06:00;S01;S07;7;0.64;subscriber;scooter;1.54;completed;ok
T004818;2026-10-22T08:01:00;S01;S02;5;0.85;student;bike;0.55;completed;ok
T004819;2026-10-22T07:03:00;S03;S08;16;4.04;casual;ebike;2.72;completed;ok
T004820;2026-10-22T15:08:00;S02;S07;8;1.50;student;bike;0.88;completed;ok
T004821;2026-10-22T14:44:00;S02;S06;8;1.11;student;bike;0.88;completed;ok
T004822;2026-10-22T14:14:00;S02;S06;6;0.98;student;scooter;1.32;completed;ok
T004823;2026-10-22T12:52:00;S02;S05;9;1.43;subscriber;scooter;1.98;completed;ok
T004824;2026-10-22T13:14:00;S02;S04;6;1.00;student;bike;0.66;completed;ok
T004825;2026-10-22T15:44:00;S02;S03;12;2.26;student;scooter;2.64;completed;ok
T004826;2026-10-22T17:11:00;S04;S06;14;2.19;subscriber;bike;1.54;completed;ok
T004827;2026-10-22T19:28:00;S02;S01;7;0.78;subscriber;bike;0.77;completed;ok
T004828;2026-10-22T08:15:00;S07;S02;10;1.34;student;bike;1.10;completed;ok
T004829;2026-10-22T07:07:00;S03;S02;13;2.42;casual;bike;1.43;completed;ok
T004830;2026-10-22T09:21:00;S04;S02;7;1.04;student;scooter;1.54;completed;ok
T004831;2026-10-22T15:04:00;S07;S01;5;0.73;casual;bike;0.55;completed;ok
T004832;2026-10-22T15:19:00;S01;S05;5;1.08;subscriber;ebike;0.85;completed;ok
T004833;2026-10-22T07:44:00;S03;S02;14;2.58;student;scooter;3.08;completed;ok
T004834;2026-10-22T07:21:00;S01;S02;6;0.82;student;bike;0.66;completed;ok
T004835;2026-10-22T19:25:00;S06;S07;15;2.52;casual;bike;1.65;completed;ok
T004836;2026-10-22T09:02:00;S04;S06;10;1.87;casual;bike;1.10;completed;ok
T004837;2026-10-22T14:08:00;S01;S07;5;0.69;subscriber;scooter;1.10;completed;ok
T004838;2026-10-22T14:37:00;S03;S02;13;2.36;casual;scooter;2.86;completed;ok
T004839;2026-10-22T14:49:00;S02;S07;7;1.39;student;ebike;1.19;completed;ok
T004840;2026-10-22T18:27:00;S07;S02;7;1.33;subscriber;ebike;1.19;completed;ok
T004841;2026-10-22T13:50:00;S02;S06;8;1.08;student;ebike;1.36;completed;ok
T004842;2026-10-22T14:30:00;S02;S04;6;1.05;student;bike;0.66;completed;ok
T004843;2026-10-22T17:00:00;S08;S07;9;1.28;casual;bike;0.99;completed;ok
T004844;2026-10-22T14:58:00;S02;S03;15;2.34;student;bike;1.65;completed;ok
T004845;2026-10-22T07:24:00;S01;S03;16;3.35;subscriber;ebike;2.72;completed;ok
T004846;2026-10-22T08:20:00;S01;S07;5;0.64;casual;scooter;1.10;completed;ok
T004847;2026-10-23T15:43:00;S02;S06;7;1.12;student;bike;0.77;completed;ok
T004848;2026-10-23T19:45:00;S03;S06;9;1.73;subscriber;scooter;1.98;completed;ok
T004849;2026-10-23T13:37:00;S07;S08;8;1.22;subscriber;ebike;1.36;completed;ok
T004850;2026-10-23T08:06:00;S06;S02;5;1.08;subscriber;ebike;0.85;completed;ok
T004851;2026-10-23T09:49:00;S03;S02;12;2.14;student;bike;1.32;completed;ok
T004852;2026-10-23T17:06:00;S04;S02;7;0.94;casual;scooter;1.54;completed;ok
T004853;2026-10-23T07:36:00;S04;S02;6;1.01;student;ebike;1.02;completed;ok
T004854;2026-10-23T14:40:00;S02;S01;6;0.79;student;ebike;1.02;completed;ok
T004855;2026-10-23T14:22:00;S02;S06;6;1.15;student;scooter;1.32;completed;ok
T004856;2026-10-23T21:38:00;S03;S08;17;3.87;subscriber;scooter;3.74;completed;ok
T004857;2026-10-23T07:22:00;S01;S02;6;0.83;student;scooter;1.32;completed;ok
T004858;2026-10-23T20:30:00;S04;S02;5;0.89;subscriber;bike;0.55;completed;ok
T004859;2026-10-23T09:51:00;S04;S02;6;0.98;student;scooter;1.32;completed;ok
T004860;2026-10-23T18:51:00;S04;S08;4;0.78;student;ebike;0.68;completed;ok
T004861;2026-10-23T15:36:00;S04;S03;15;2.94;subscriber;ebike;2.55;completed;ok
T004862;2026-10-23T13:01:00;S02;S04;6;0.98;student;bike;0.66;completed;ok
T004863;2026-10-23T09:28:00;S04;S02;9;1.03;subscriber;bike;0.99;completed;ok
T004864;2026-10-23T09:25:00;S03;S01;15;3.20;subscriber;ebike;2.55;completed;ok
T004865;2026-10-23T13:32:00;S02;S04;6;0.92;student;ebike;1.02;completed;ok
T004866;2026-10-23T15:15:00;S02;S07;8;1.38;student;scooter;1.76;completed;ok
T004867;2026-10-23T18:06:00;S07;S02;7;1.47;subscriber;scooter;1.54;completed;ok
T004868;2026-10-23T07:48:00;S04;S02;7;0.98;student;bike;0.77;completed;ok
T004869;2026-10-23T20:37:00;S06;S07;11;2.55;subscriber;ebike;1.87;completed;ok
T004870;2026-10-23T08:57:00;S05;S02;8;1.51;student;ebike;1.36;completed;ok
T004871;2026-10-23T13:54:00;S02;S03;10;2.40;student;ebike;1.70;completed;ok
T004872;2026-10-23T15:02:00;S02;S06;5;1.00;student;ebike;0.85;completed;ok
T004873;2026-10-23T13:44:00;S02;S01;6;0.76;student;bike;0.66;completed;ok
T004874;2026-10-23T08:43:00;S03;S02;14;2.61;student;bike;1.54;completed;ok
T004875;2026-10-23T09:30:00;S06;S02;6;1.19;student;ebike;1.02;completed;ok
T004876;2026-10-23T13:37:00;S02;S03;14;2.49;student;bike;1.54;completed;ok
T004877;2026-10-23T08:10:00;S07;S02;9;1.42;student;ebike;1.53;completed;ok
T004878;2026-10-23T08:25:00;S08;S02;9;1.75;student;ebike;1.53;completed;ok
T004879;2026-10-23T19:52:00;S06;S02;8;1.13;student;scooter;1.76;completed;ok
T004880;2026-10-23T15:35:00;S02;S06;7;0.99;student;scooter;1.54;completed;ok
T004881;2026-10-23T14:53:00;S02;S08;11;1.77;student;bike;1.21;completed;ok
T004882;2026-10-23T13:57:00;S02;S08;10;1.68;student;bike;1.10;completed;ok
T004883;2026-10-23T20:01:00;S08;S05;12;2.19;subscriber;ebike;2.04;cancelled;ok
T004884;2026-10-23T18:31:00;S02;S07;10;1.59;subscriber;scooter;2.20;completed;ok
T004885;2026-10-23T13:17:00;S02;S04;7;1.00;student;scooter;1.54;completed;ok
T004886;2026-10-23T18:43:00;S06;S04;10;2.02;subscriber;scooter;2.20;completed;ok
T004887;2026-10-23T09:25:00;S08;S02;9;1.74;student;ebike;1.53;completed;ok
T004888;2026-10-23T14:40:00;S02;S04;7;0.96;student;scooter;1.54;completed;ok
T004889;2026-10-23T20:26:00;S06;S01;10;1.63;subscriber;ebike;1.70;completed;ok
T004890;2026-10-23T19:34:00;S04;S06;9;2.20;subscriber;ebike;1.53;completed;ok
T004891;2026-10-23T20:48:00;S04;S05;7;1.61;student;ebike;1.19;completed;ok
T004892;2026-10-23T14:05:00;S02;S06;6;0.98;student;scooter;1.32;completed;ok
T004893;2026-10-23T13:44:00;S05;S02;7;1.50;subscriber;ebike;1.19;completed;ok
T004894;2026-10-23T06:08:00;S05;S07;7;1.24;subscriber;ebike;1.19;completed;ok
T004895;2026-10-23T07:44:00;S06;S02;7;1.17;student;bike;0.77;completed;ok
T004896;2026-10-23T14:45:00;S02;S06;8;1.07;student;ebike;1.36;completed;ok
T004897;2026-10-23T12:20:00;S02;S06;7;1.17;subscriber;ebike;1.19;completed;ok
T004898;2026-10-23T17:05:00;S06;S03;9;1.69;subscriber;ebike;1.53;completed;ok
T004899;2026-10-23T14:09:00;S02;S01;4;0.82;student;scooter;0.88;completed;ok
T004900;2026-10-23T20:38:00;S05;S01;6;1.12;subscriber;ebike;1.02;completed;ok
T004901;2026-10-23T19:27:00;S01;S07;6;0.61;subscriber;ebike;1.02;completed;ok
T004902;2026-10-23T09:12:00;S03;S02;10;2.41;student;ebike;1.70;completed;ok
T004903;2026-10-23T18:38:00;S02;S01;6;0.75;casual;ebike;1.02;completed;ok
T004904;2026-10-23T07:10:00;S02;S07;7;1.50;subscriber;ebike;1.19;completed;ok
T004905;2026-10-23T09:03:00;S07;S02;9;1.51;student;bike;0.99;completed;ok
T004906;2026-10-23T09:56:00;S07;S02;8;1.39;student;ebike;1.36;completed;ok
T004907;2026-10-23T13:51:00;S02;S01;7;0.82;student;ebike;1.19;completed;ok
T004908;2026-10-23T07:14:00;S01;S02;8;0.77;student;bike;0.88;completed;ok
T004909;2026-10-23T08:11:00;S01;S02;6;0.90;student;ebike;1.02;completed;ok
T004910;2026-10-23T07:23:00;S07;S02;7;1.31;student;ebike;1.19;completed;ok
T004911;2026-10-23T10:42:00;S02;S03;12;2.43;casual;ebike;2.04;completed;ok
T004912;2026-10-23T20:02:00;S01;S06;9;1.62;casual;ebike;1.53;completed;ok
T004913;2026-10-23T18:50:00;S03;S08;15;3.64;subscriber;ebike;2.55;completed;ok
T004914;2026-10-23T14:26:00;S02;S06;6;1.12;student;ebike;1.02;completed;ok
T004915;2026-10-23T07:10:00;S07;S02;8;1.46;student;ebike;1.36;completed;ok
T004916;2026-10-23T10:50:00;S06;S03;11;1.91;subscriber;bike;1.21;completed;ok
T004917;2026-10-23T07:13:00;S07;S04;4;;casual;ebike;0.68;completed;missing_distance
T004918;2026-10-23T21:45:00;S02;S04;6;1.00;subscriber;ebike;1.02;completed;ok
T004919;2026-10-23T07:58:00;S02;S08;8;1.71;casual;ebike;1.36;completed;ok
T004920;2026-10-23T18:53:00;S06;S02;6;1.04;subscriber;ebike;1.02;completed;ok
T004921;2026-10-23T18:24:00;S07;S02;7;1.40;casual;ebike;1.19;completed;ok
T004922;2026-10-23T07:06:00;S05;S02;9;1.71;student;scooter;1.98;completed;ok
T004923;2026-10-23T09:28:00;S05;S02;10;1.61;student;scooter;2.20;completed;ok
T004924;2026-10-23T09:18:00;S07;S08;7;1.25;casual;ebike;1.19;completed;ok
T004925;2026-10-23T14:43:00;S02;S04;5;0.98;subscriber;ebike;0.85;completed;ok
T004926;2026-10-23T13:06:00;S02;S04;5;1.01;student;scooter;1.10;completed;ok
T004927;2026-10-23T17:19:00;S03;S06;10;2.00;subscriber;ebike;1.70;completed;ok
T004928;2026-10-23T17:54:00;S05;S01;8;1.07;subscriber;scooter;1.76;completed;ok
T004929;2026-10-23T12:46:00;S02;S05;8;1.68;subscriber;ebike;1.36;completed;ok
T004930;2026-10-24T20:26:00;S01;S03;16;3.13;casual;bike;1.76;completed;ok
T004931;2026-10-24T17:36:00;S06;S04;11;1.98;casual;bike;1.21;completed;ok
T004932;2026-10-24T17:07:00;S07;S04;6;0.76;casual;ebike;1.02;completed;ok
T004933;2026-10-24T18:02:00;S03;S02;10;2.20;student;ebike;1.70;completed;ok
T004934;2026-10-24T18:35:00;S04;S08;7;0.77;subscriber;scooter;1.54;completed;ok
T004935;2026-10-24T18:35:00;S06;S07;13;2.56;subscriber;scooter;2.86;completed;ok
T004936;2026-10-24T19:49:00;S03;S05;20;3.88;casual;bike;2.20;completed;ok
T004937;2026-10-24T19:56:00;S02;S01;6;0.88;subscriber;scooter;1.32;completed;ok
T004938;2026-10-24T20:05:00;S03;S05;14;3.59;student;ebike;2.38;completed;ok
T004939;2026-10-24T18:54:00;S05;S01;7;1.07;subscriber;bike;0.77;completed;ok
T004940;2026-10-24T17:12:00;S06;S03;10;1.85;subscriber;ebike;1.70;completed;ok
T004941;2026-10-24T18:00:00;S05;S07;8;1.38;subscriber;scooter;1.76;completed;ok
T004942;2026-10-24T17:59:00;S02;S03;13;2.49;subscriber;ebike;2.21;completed;ok
T004943;2026-10-24T19:44:00;S05;S08;13;2.28;subscriber;bike;1.43;completed;ok
T004944;2026-10-24T19:32:00;S02;S01;5;0.80;subscriber;ebike;0.85;completed;ok
T004945;2026-10-24T20:06:00;S01;S03;17;3.34;subscriber;scooter;3.74;completed;ok
T004946;2026-10-24T11:45:00;S03;S08;16;3.57;student;ebike;2.72;completed;ok
T004947;2026-10-24T19:26:00;S04;S05;10;1.69;casual;bike;1.10;completed;ok
T004948;2026-10-24T19:41:00;S07;S08;5;1.15;student;ebike;0.85;completed;ok
T004949;2026-10-24T18:14:00;S07;S02;7;1.55;student;ebike;1.19;completed;ok
T004950;2026-10-24T19:11:00;S01;S03;15;3.45;subscriber;ebike;2.55;completed;ok
T004951;2026-10-24T09:10:00;S02;S08;7;1.52;subscriber;ebike;1.19;completed;ok
T004952;2026-10-24T17:07:00;S03;S02;14;2.23;student;bike;1.54;completed;ok
T004953;2026-10-24T17:44:00;S04;S02;5;1.05;student;ebike;0.85;completed;ok
T004954;2026-10-24T18:16:00;S03;S02;11;2.25;subscriber;ebike;1.87;completed;ok
T004955;2026-10-24T15:56:00;S02;S05;9;1.48;subscriber;ebike;1.53;completed;ok
T004956;2026-10-24T19:26:00;S04;S03;12;3.10;student;ebike;2.04;completed;ok
T004957;2026-10-24T17:47:00;S02;S03;11;2.31;subscriber;ebike;1.87;completed;ok
T004958;2026-10-24T21:32:00;S04;S07;8;0.80;subscriber;bike;0.88;completed;ok
T004959;2026-10-24T19:31:00;S07;S03;17;3.69;subscriber;ebike;2.89;completed;ok
T004960;2026-10-24T20:49:00;S07;S03;20;3.81;subscriber;bike;2.20;completed;ok
T004961;2026-10-24T19:37:00;S07;S02;8;1.45;subscriber;ebike;1.36;completed;ok
T004962;2026-10-24T17:25:00;S06;S01;9;1.79;subscriber;scooter;1.98;completed;ok
T004963;2026-10-24T17:33:00;S06;S07;12;2.59;subscriber;scooter;2.64;completed;ok
T004964;2026-10-24T14:27:00;S07;S03;22;3.98;subscriber;bike;2.42;completed;ok
T004965;2026-10-24T17:52:00;S05;S01;8;1.10;subscriber;bike;0.88;cancelled;ok
T004966;2026-10-24T19:38:00;S02;S08;11;1.76;student;scooter;2.42;completed;ok
T004967;2026-10-24T17:19:00;S01;S05;6;1.09;subscriber;ebike;1.02;completed;ok
T004968;2026-10-24T18:21:00;S05;S08;13;2.33;subscriber;bike;1.43;completed;ok
T004969;2026-10-24T20:09:00;S07;S08;7;1.20;subscriber;ebike;1.19;completed;ok
T004970;2026-10-24T12:06:00;S02;S05;8;1.71;student;scooter;1.76;completed;ok
T004971;2026-10-24T20:14:00;S03;S02;10;2.38;subscriber;ebike;1.70;completed;ok
T004972;2026-10-24T19:07:00;S04;S03;15;3.07;student;scooter;3.30;completed;ok
T004973;2026-10-24T20:57:00;S07;S04;5;0.73;subscriber;ebike;0.85;completed;ok
T004974;2026-10-24T19:22:00;S07;S04;4;0.73;subscriber;scooter;0.88;completed;ok
T004975;2026-10-24T17:58:00;S07;S01;6;0.63;subscriber;scooter;1.32;completed;ok
T004976;2026-10-24T19:02:00;S01;S02;5;0.83;subscriber;ebike;0.85;cancelled;ok
T004977;2026-10-24T18:27:00;S06;S04;11;1.97;subscriber;ebike;1.87;completed;ok
T004978;2026-10-24T18:08:00;S08;S02;7;1.54;student;ebike;1.19;completed;ok
T004979;2026-10-24T19:35:00;S03;S01;16;2.90;student;bike;1.76;completed;ok
T004980;2026-10-24T19:40:00;S03;S01;13;3.15;casual;ebike;2.21;completed;ok
T004981;2026-10-24T12:58:00;S07;S01;4;0.62;subscriber;ebike;0.68;completed;ok
T004982;2026-10-24T16:16:00;S05;S03;16;3.39;subscriber;scooter;3.52;completed;ok
T004983;2026-10-24T18:46:00;S05;S04;11;1.70;student;bike;1.21;completed;ok
T004984;2026-10-24T19:35:00;S08;S04;7;0.74;student;scooter;1.54;completed;ok
T004985;2026-10-24T17:42:00;S02;S07;8;1.47;subscriber;ebike;1.36;completed;ok
T004986;2026-10-24T18:42:00;S07;S01;7;0.63;subscriber;bike;0.77;completed;ok
T004987;2026-10-24T17:57:00;S06;S07;11;2.49;casual;ebike;1.87;completed;ok
T004988;2026-10-24T20:32:00;S02;S03;12;2.42;casual;ebike;2.04;completed;ok
T004989;2026-10-24T20:56:00;S06;S05;9;2.04;subscriber;ebike;1.53;completed;ok
T004990;2026-10-24T17:54:00;S01;S08;9;1.37;subscriber;bike;0.99;completed;ok
T004991;2026-10-24T19:39:00;S01;S05;6;1.17;student;ebike;1.02;completed;ok
T004992;2026-10-24T19:25:00;S03;S05;16;3.74;subscriber;scooter;3.52;completed;ok
T004993;2026-10-24T20:08:00;S06;S08;12;2.58;casual;scooter;2.64;completed;ok
T004994;2026-10-24T17:10:00;S02;S04;5;1.05;subscriber;ebike;0.85;completed;ok
T004995;2026-10-24T11:49:00;S03;S04;21;3.57;subscriber;bike;2.31;completed;ok
T004996;2026-10-24T17:45:00;S03;S02;10;2.22;subscriber;ebike;1.70;completed;ok
T004997;2026-10-24T20:08:00;S06;S01;8;1.69;subscriber;scooter;1.76;completed;ok
T004998;2026-10-24T18:15:00;S06;S04;12;2.21;casual;scooter;2.64;completed;ok
T004999;2026-10-24T19:13:00;S01;S06;11;1.55;casual;bike;1.21;completed;ok
T005000;2026-10-24T17:05:00;S06;S08;14;2.97;student;ebike;2.38;completed;ok
T005001;2026-10-24T20:43:00;S03;S05;14;3.38;subscriber;ebike;2.38;completed;ok
T005002;2026-10-24T19:43:00;S07;S06;10;2.45;subscriber;ebike;1.70;completed;ok
T005003;2026-10-24T17:16:00;S01;S03;12;2.93;subscriber;ebike;2.04;completed;ok
T005004;2026-10-24T17:45:00;S01;S05;6;1.14;subscriber;scooter;1.32;completed;ok
T005005;2026-10-24T19:03:00;S06;S02;8;1.14;casual;scooter;1.76;completed;ok
T005006;2026-10-24T18:26:00;S03;S07;14;3.47;student;ebike;2.38;completed;ok
T005007;2026-10-24T19:29:00;S02;S08;8;1.62;subscriber;scooter;1.76;completed;ok
T005008;2026-10-24T19:23:00;S07;S06;10;2.27;subscriber;ebike;1.70;completed;ok
T005009;2026-10-24T17:50:00;S01;S04;5;0.60;subscriber;bike;0.55;completed;ok
T005010;2026-10-24T18:30:00;S02;S06;8;1.07;subscriber;ebike;1.36;completed;ok
T005011;2026-10-24T17:55:00;S01;S05;7;1.10;student;scooter;1.54;completed;ok
T005012;2026-10-24T12:05:00;S07;S01;6;0.66;student;bike;0.66;completed;ok
T005013;2026-10-24T18:48:00;S01;S07;6;0.67;subscriber;scooter;1.32;completed;ok
T005014;2026-10-24T20:41:00;S06;S03;9;1.92;subscriber;ebike;1.53;completed;ok
T005015;2026-10-24T20:47:00;S05;S02;9;1.69;subscriber;scooter;1.98;completed;ok
T005016;2026-10-25T18:08:00;S06;S04;12;2.27;subscriber;ebike;2.04;completed;ok
T005017;2026-10-25T20:26:00;S05;S03;16;3.30;subscriber;scooter;3.52;completed;ok
T005018;2026-10-25T20:13:00;S08;S03;22;3.91;subscriber;bike;2.42;completed;ok
T005019;2026-10-25T18:49:00;S01;S05;8;1.16;casual;scooter;1.76;completed;ok
T005020;2026-10-25T20:38:00;S01;S07;6;0.72;subscriber;scooter;1.32;completed;ok
T005021;2026-10-25T18:51:00;S03;S08;22;3.92;subscriber;bike;2.42;completed;ok
T005022;2026-10-25T19:16:00;S01;S05;7;0.97;subscriber;ebike;1.19;completed;ok
T005023;2026-10-25T19:00:00;S01;S02;7;0.81;subscriber;bike;0.77;completed;ok
T005024;2026-10-25T17:34:00;S05;S02;7;1.55;subscriber;ebike;1.19;completed;ok
T005025;2026-10-25T20:26:00;S03;S06;8;1.67;subscriber;ebike;1.36;completed;ok
T005026;2026-10-25T17:43:00;S01;S03;13;2.93;casual;ebike;2.21;cancelled;ok
T005027;2026-10-25T21:47:00;S06;S03;10;1.80;casual;ebike;1.70;completed;ok
T005028;2026-10-25T17:19:00;S04;S05;11;1.59;casual;bike;1.21;completed;ok
T005029;2026-10-25T20:26:00;S04;S03;19;3.10;subscriber;bike;2.09;completed;ok
T005030;2026-10-25T18:51:00;S03;S06;10;1.79;subscriber;ebike;1.70;completed;ok
T005031;2026-10-25T17:16:00;S02;S03;13;2.46;subscriber;bike;1.43;completed;ok
T005032;2026-10-25T17:25:00;S02;S07;9;1.60;subscriber;bike;0.99;completed;ok
T005033;2026-10-25T20:19:00;S01;S06;10;1.77;subscriber;scooter;2.20;completed;ok
T005034;2026-10-25T19:21:00;S01;S08;9;1.33;subscriber;bike;0.99;completed;ok
T005035;2026-10-25T19:53:00;S04;S02;8;0.92;casual;bike;0.88;completed;ok
T005036;2026-10-25T19:13:00;S03;S01;19;3.11;subscriber;bike;2.09;completed;ok
T005037;2026-10-25T17:06:00;S04;S06;11;1.86;student;bike;1.21;completed;ok
T005038;2026-10-25T19:28:00;S08;S07;10;1.25;subscriber;bike;1.10;completed;ok
T005039;2026-10-25T18:21:00;S08;S06;11;2.44;subscriber;ebike;1.87;completed;ok
T005040;2026-10-25T18:20:00;S01;S06;10;1.87;casual;bike;1.10;completed;ok
T005041;2026-10-25T17:13:00;S03;S01;20;3.46;student;bike;2.20;completed;ok
T005042;2026-10-25T19:44:00;S01;S03;14;3.20;subscriber;scooter;3.08;completed;ok
T005043;2026-10-25T18:30:00;S03;S02;15;2.33;subscriber;bike;1.65;completed;ok
T005044;2026-10-25T17:32:00;S03;S08;23;4.00;subscriber;bike;2.53;completed;ok
T005045;2026-10-25T20:39:00;S07;S06;14;2.28;subscriber;bike;1.54;completed;ok
T005046;2026-10-25T19:30:00;S01;S05;8;1.14;subscriber;bike;0.88;completed;ok
T005047;2026-10-25T20:13:00;S04;S03;19;3.24;student;bike;2.09;completed;ok
T005048;2026-10-25T20:33:00;S01;S05;8;1.09;student;bike;0.88;completed;ok
T005049;2026-10-25T17:59:00;S07;S06;13;2.48;casual;scooter;2.86;completed;ok
T005050;2026-10-25T20:48:00;S05;S01;7;1.10;student;bike;0.77;completed;ok
T005051;2026-10-25T19:20:00;S03;S04;18;3.25;subscriber;bike;1.98;completed;ok
T005052;2026-10-25T19:19:00;S06;S04;11;1.89;subscriber;bike;1.21;completed;ok
T005053;2026-10-25T19:11:00;S01;S02;6;0.82;student;bike;0.66;completed;ok
T005054;2026-10-25T15:52:00;S06;S08;11;2.56;casual;ebike;1.87;completed;ok
T005055;2026-10-25T19:02:00;S06;S03;9;1.72;casual;ebike;1.53;completed;ok
T005056;2026-10-25T19:52:00;S06;S08;13;2.50;casual;scooter;2.86;completed;ok
T005057;2026-10-25T19:59:00;S04;S07;6;0.69;subscriber;ebike;1.02;completed;ok
T005058;2026-10-25T20:48:00;S08;S04;7;0.79;student;scooter;1.54;completed;ok
T005059;2026-10-25T17:37:00;S03;S01;15;3.26;subscriber;ebike;2.55;completed;ok
T005060;2026-10-25T18:07:00;S01;S04;6;0.68;student;bike;0.66;completed;ok
T005061;2026-10-25T18:39:00;S03;S05;19;3.29;casual;bike;2.09;completed;ok
T005062;2026-10-25T18:18:00;S08;S05;12;2.35;subscriber;scooter;2.64;completed;ok
T005063;2026-10-25T19:20:00;S01;S08;9;1.45;student;bike;0.99;completed;ok
T005064;2026-10-25T09:24:00;S04;S02;5;0.99;student;scooter;1.10;completed;ok
T005065;2026-10-25T06:54:00;S07;S01;6;0.69;casual;ebike;1.02;completed;ok
T005066;2026-10-25T14:38:00;S04;S07;5;;casual;bike;0.55;completed;missing_distance
T005067;2026-10-25T19:26:00;S02;S01;7;0.86;subscriber;scooter;1.54;completed;ok
T005068;2026-10-25T20:17:00;S06;S04;10;2.15;subscriber;scooter;2.20;completed;ok
T005069;2026-10-25T17:28:00;S06;S05;8;1.89;student;ebike;1.36;completed;ok
T005070;2026-10-25T20:20:00;S07;S06;14;2.47;subscriber;bike;1.54;completed;ok
T005071;2026-10-25T18:51:00;S07;S04;6;0.68;student;scooter;1.32;completed;ok
T005072;2026-10-25T17:10:00;S07;S05;8;1.18;casual;ebike;1.36;completed;ok
T005073;2026-10-25T17:42:00;S04;S01;5;0.62;subscriber;ebike;0.85;completed;ok
T005074;2026-10-25T19:26:00;S07;S08;7;1.17;casual;bike;0.77;completed;ok
T005075;2026-10-25T17:45:00;S01;S03;15;3.22;subscriber;ebike;2.55;completed;ok
T005076;2026-10-25T17:26:00;S04;S05;11;1.52;subscriber;bike;1.21;completed;ok
T005077;2026-10-25T18:26:00;S03;S06;9;1.91;subscriber;scooter;1.98;completed;ok
T005078;2026-10-25T20:26:00;S07;S03;23;4.03;subscriber;bike;2.53;completed;ok
T005079;2026-10-25T19:38:00;S07;S05;8;1.22;casual;bike;0.88;completed;ok
T005080;2026-10-25T18:54:00;S07;S01;6;0.60;casual;bike;0.66;completed;ok
T005081;2026-10-25T19:37:00;S07;S04;4;0.79;subscriber;scooter;0.88;completed;ok
T005082;2026-10-25T19:45:00;S01;S04;6;0.65;subscriber;ebike;1.02;completed;ok
T005083;2026-10-25T19:19:00;S01;S03;16;3.33;subscriber;ebike;2.72;completed;ok
T005084;2026-10-25T17:49:00;S02;S01;5;0.76;student;bike;0.55;completed;ok
T005085;2026-10-25T19:33:00;S04;S08;5;0.67;casual;bike;0.55;completed;ok
T005086;2026-10-25T20:50:00;S05;S04;8;1.49;subscriber;scooter;1.76;completed;ok
T005087;2026-10-25T18:50:00;S03;S04;18;2.97;student;bike;1.98;completed;ok
T005088;2026-10-25T20:01:00;S07;S06;12;2.14;subscriber;bike;1.32;completed;ok
T005089;2026-10-25T20:51:00;S05;S07;9;1.34;casual;bike;0.99;completed;ok
T005090;2026-10-25T19:14:00;S04;S03;18;3.52;subscriber;scooter;3.96;completed;ok
T005091;2026-10-25T11:41:00;S03;S04;16;3.24;casual;scooter;3.52;completed;ok
T005092;2026-10-25T17:15:00;S07;S05;6;1.15;casual;ebike;1.02;completed;ok
T005093;2026-10-25T07:33:00;S06;S02;5;1.03;casual;ebike;0.85;completed;ok
T005094;2026-10-25T17:13:00;S01;S02;5;0.80;subscriber;ebike;0.85;completed;ok
T005095;2026-10-25T08:07:00;S04;S02;8;0.95;subscriber;bike;0.88;completed;ok
T005096;2026-10-25T20:58:00;S04;S05;8;1.73;subscriber;ebike;1.36;completed;ok
T005097;2026-10-25T19:25:00;S07;S05;8;1.23;student;scooter;1.76;completed;ok
T005098;2026-10-25T10:33:00;S02;S01;5;0.85;subscriber;ebike;0.85;completed;ok
T005099;2026-10-25T19:56:00;S04;S02;8;0.99;subscriber;bike;0.88;completed;ok
T005100;2026-10-25T19:59:00;S07;S02;9;1.44;subscriber;scooter;1.98;completed;ok
T005101;2026-10-25T20:23:00;S05;S02;8;1.63;student;scooter;1.76;completed;ok
T005102;2026-10-25T17:02:00;S01;S06;10;1.55;subscriber;bike;1.10;completed;ok
T005103;2026-10-25T17:46:00;S03;S04;18;3.30;student;bike;1.98;completed;ok
T005104;2026-10-25T18:26:00;S07;S06;10;2.17;subscriber;ebike;1.70;completed;ok
T005105;2026-10-25T20:45:00;S01;S07;6;0.60;subscriber;scooter;1.32;completed;ok
T005106;2026-10-25T20:41:00;S02;S03;12;2.41;student;ebike;2.04;completed;ok
T005107;2026-10-25T11:11:00;S05;S01;9;1.09;subscriber;bike;0.99;completed;ok
T005108;2026-10-25T18:09:00;S06;S08;14;2.88;subscriber;scooter;3.08;completed;ok
T005109;2026-10-25T20:56:00;S02;S04;7;1.00;subscriber;scooter;1.54;completed;ok
T005110;2026-10-25T17:46:00;S03;S07;19;3.72;subscriber;scooter;4.18;completed;ok
T005111;2026-10-25T18:26:00;S01;S08;9;1.39;subscriber;ebike;1.53;completed;ok
T005112;2026-10-25T20:20:00;S01;S07;6;0.71;casual;ebike;1.02;completed;ok
T005113;2026-10-25T13:22:00;S03;S04;17;3.41;subscriber;bike;1.87;completed;ok
T005114;2026-10-25T20:56:00;S02;S03;14;2.23;casual;bike;1.54;completed;ok
T005115;2026-10-25T19:56:00;S04;S02;5;0.93;subscriber;scooter;1.10;completed;ok
T005116;2026-10-25T19:45:00;S06;S08;13;2.50;subscriber;ebike;2.21;completed;ok
T005117;2026-10-25T20:43:00;S05;S02;9;1.65;subscriber;ebike;1.53;completed;ok
T005118;2026-10-25T17:23:00;S01;S05;7;1.17;casual;bike;0.77;completed;ok
T005119;2026-10-25T19:00:00;S07;S02;9;1.38;casual;bike;0.99;completed;ok
T005120;2026-10-25T09:31:00;S03;S07;18;3.92;casual;scooter;3.96;completed;ok
T005121;2026-10-25T19:36:00;S05;S02;9;1.66;student;ebike;1.53;completed;ok
T005122;2026-10-25T19:28:00;S07;S02;8;1.45;subscriber;bike;0.88;completed;ok
T005123;2026-10-25T17:34:00;S07;S08;8;1.14;subscriber;bike;0.88;completed;ok
T005124;2026-10-25T17:44:00;S03;S07;15;3.78;student;ebike;2.55;completed;ok
